Data,Vendas,Receita,Despesas_de_Marketing,Numero_de_Clientes,Canal_de_Venda,Regiao,Produto
2023-01-01,12.215111165022652,18.85813339802718,0.32151111650226527,13,E-commerce,Centro-Oeste,Cosméticos
2023-01-01,6.215111165022652,8.858133398027181,4.321511116502265,11,E-commerce,North,Livros
2023-01-01,6.215111165022652,17.85813339802718,4.321511116502265,11,Mídia Social,North,Alimentos
2023-01-01,12.215111165022652,14.858133398027181,-2.6784888834977347,12,Mídia Social,East,Roupas
2023-01-01,9.215111165022652,21.85813339802718,0.32151111650226527,13,Loja Física,East,Eletrônicos
2023-01-01,9.215111165022652,19.85813339802718,-0.6784888834977347,14,E-commerce,South,Alimentos
2023-01-01,4.215111165022652,-13.141866601972819,-0.6784888834977347,11,E-commerce,East,Roupas
2023-01-01,10.215111165022652,12.858133398027181,4.321511116502265,14,Loja Física,South,Alimentos
2023-01-01,8.215111165022652,16.85813339802718,-1.6784888834977347,11,Mídia Social,Centro-Oeste,Livros
2023-01-01,7.215111165022652,-11.141866601972819,-3.6784888834977347,10,Mídia Social,South,Alimentos
2023-01-01,5.215111165022652,17.85813339802718,-0.6784888834977347,11,Loja Física,Centro-Oeste,Eletrônicos
2023-01-01,6.215111165022652,-0.14186660197281764,-3.6784888834977347,10,Loja Física,North,Roupas
2023-01-02,8.429823993687233,-3.884211207575321,4.342982399368723,23,E-commerce,East,Roupas
2023-01-02,6.429823993687233,-9.884211207575321,-0.6570176006312767,23,Loja Física,North,Cosméticos
2023-01-02,9.429823993687233,6.115788792424679,-3.657017600631277,22,E-commerce,South,Eletrônicos
2023-01-02,8.429823993687233,9.115788792424679,0.34298239936872327,24,Mídia Social,Centro-Oeste,Alimentos
2023-01-02,8.429823993687233,5.115788792424679,2.342982399368723,22,Mídia Social,North,Eletrônicos
2023-01-02,9.429823993687233,1.115788792424679,-1.6570176006312767,20,Loja Física,East,Cosméticos
2023-01-02,10.429823993687233,10.115788792424679,-3.657017600631277,23,Loja Física,Centro-Oeste,Cosméticos
2023-01-02,7.429823993687233,10.115788792424679,0.34298239936872327,20,E-commerce,Centro-Oeste,Eletrônicos
2023-01-02,3.4298239936872323,4.115788792424679,-3.657017600631277,21,Loja Física,South,Cosméticos
2023-01-02,12.429823993687233,-7.884211207575321,0.34298239936872327,21,Mídia Social,East,Alimentos
2023-01-02,6.429823993687233,16.11578879242468,-4.657017600631277,22,E-commerce,North,Livros
2023-01-02,9.429823993687233,0.11578879242467899,-3.657017600631277,22,Mídia Social,South,Roupas
2023-01-03,4.643740887262904,-0.6275109352845156,1.3643740887262905,30,E-commerce,North,Alimentos
2023-01-03,12.643740887262904,-1.6275109352845156,-1.6356259112737095,30,Mídia Social,East,Alimentos
2023-01-03,4.643740887262904,6.372489064715484,3.3643740887262905,34,Loja Física,North,Alimentos
2023-01-03,12.643740887262904,-8.627510935284516,-0.6356259112737096,31,Mídia Social,Centro-Oeste,Alimentos
2023-01-03,11.643740887262904,23.372489064715484,0.3643740887262904,31,Loja Física,East,Eletrônicos
2023-01-03,3.643740887262904,11.372489064715484,2.3643740887262905,30,Mídia Social,North,Alimentos
2023-01-03,3.643740887262904,-0.6275109352845156,-0.6356259112737096,30,E-commerce,Centro-Oeste,Cosméticos
2023-01-03,7.643740887262904,3.3724890647154844,3.3643740887262905,33,Loja Física,Centro-Oeste,Roupas
2023-01-03,5.643740887262904,-0.6275109352845156,-1.6356259112737095,34,E-commerce,South,Eletrônicos
2023-01-03,11.643740887262904,-10.627510935284516,-4.63562591127371,33,E-commerce,East,Livros
2023-01-03,10.643740887262904,3.3724890647154844,-3.6356259112737095,30,Loja Física,South,Eletrônicos
2023-01-03,10.643740887262904,0.3724890647154844,-1.6356259112737095,33,Mídia Social,South,Livros
2023-01-04,8.856465720907387,11.627758865088865,-0.6143534279092612,40,Mídia Social,South,Roupas
2023-01-04,3.856465720907388,-9.372241134911135,-4.614353427909261,43,E-commerce,North,Roupas
2023-01-04,4.856465720907388,15.627758865088865,2.3856465720907387,42,E-commerce,Centro-Oeste,Roupas
2023-01-04,9.856465720907387,22.627758865088865,-3.6143534279092613,43,Loja Física,Centro-Oeste,Cosméticos
2023-01-04,9.856465720907387,20.627758865088865,4.385646572090739,40,Mídia Social,East,Roupas
2023-01-04,3.856465720907388,11.627758865088865,-1.6143534279092613,44,Loja Física,South,Cosméticos
2023-01-04,5.856465720907388,10.627758865088865,-4.614353427909261,40,Mídia Social,North,Livros
2023-01-04,3.856465720907388,-10.372241134911135,-3.6143534279092613,41,E-commerce,South,Alimentos
2023-01-04,10.856465720907387,16.627758865088865,2.3856465720907387,42,Loja Física,North,Cosméticos
2023-01-04,4.856465720907388,-0.37224113491113453,3.3856465720907387,44,Loja Física,East,Roupas
2023-01-04,12.856465720907387,-1.3722411349111345,1.3856465720907387,40,Mídia Social,Centro-Oeste,Livros
2023-01-04,6.856465720907388,-5.3722411349111345,-4.614353427909261,41,E-commerce,East,Alimentos
2023-01-05,7.06760457719898,-1.118874507361224,-1.593239542280102,54,Loja Física,South,Eletrônicos
2023-01-05,7.06760457719898,-2.118874507361224,-4.593239542280102,50,Loja Física,East,Eletrônicos
2023-01-05,9.067604577198981,3.881125492638776,0.40676045771989805,50,E-commerce,North,Roupas
2023-01-05,13.067604577198981,12.881125492638777,-2.593239542280102,51,E-commerce,Centro-Oeste,Livros
2023-01-05,8.067604577198981,2.881125492638776,4.406760457719898,52,E-commerce,South,Alimentos
2023-01-05,9.067604577198981,9.881125492638777,1.406760457719898,52,Loja Física,North,Eletrônicos
2023-01-05,4.06760457719898,16.881125492638777,1.406760457719898,52,Mídia Social,North,Roupas
2023-01-05,11.067604577198981,5.881125492638776,0.40676045771989805,53,Loja Física,Centro-Oeste,Livros
2023-01-05,12.067604577198981,12.881125492638777,-2.593239542280102,54,Mídia Social,East,Livros
2023-01-05,12.067604577198981,15.881125492638777,-4.593239542280102,53,E-commerce,East,Eletrônicos
2023-01-05,11.067604577198981,-15.118874507361223,-3.593239542280102,51,Mídia Social,South,Alimentos
2023-01-05,10.067604577198981,21.881125492638777,-2.593239542280102,53,Mídia Social,Centro-Oeste,Eletrônicos
2023-01-06,10.276766475580935,-8.867880229302878,-3.5723233524419067,61,Mídia Social,North,Livros
2023-01-06,7.276766475580935,7.1321197706971216,-4.572323352441907,64,Loja Física,Centro-Oeste,Roupas
2023-01-06,12.276766475580935,-0.8678802293028784,-4.572323352441907,60,Loja Física,South,Livros
2023-01-06,5.276766475580935,-7.8678802293028784,2.4276766475580933,63,Loja Física,North,Alimentos
2023-01-06,7.276766475580935,-2.8678802293028784,-1.5723233524419065,62,E-commerce,South,Eletrônicos
2023-01-06,12.276766475580935,16.132119770697123,-4.572323352441907,60,E-commerce,East,Roupas
2023-01-06,11.276766475580935,-4.8678802293028784,-2.5723233524419067,61,Mídia Social,South,Alimentos
2023-01-06,8.276766475580935,20.132119770697123,3.4276766475580933,60,Mídia Social,Centro-Oeste,Eletrônicos
2023-01-06,4.276766475580935,11.132119770697122,0.42767664755809354,64,E-commerce,Centro-Oeste,Alimentos
2023-01-06,8.276766475580935,-3.8678802293028784,-3.5723233524419067,63,Loja Física,East,Alimentos
2023-01-06,6.276766475580935,21.132119770697123,3.4276766475580933,60,E-commerce,North,Alimentos
2023-01-06,11.276766475580935,-10.867880229302878,-2.5723233524419067,64,Mídia Social,East,Roupas
2023-01-07,13.483564096367452,-10.619723084359059,3.4483564096367454,72,E-commerce,East,Livros
2023-01-07,7.483564096367451,1.3802769156409411,2.4483564096367454,70,Loja Física,East,Livros
2023-01-07,7.483564096367451,14.380276915640941,-4.551643590363255,73,E-commerce,South,Alimentos
2023-01-07,13.483564096367452,-6.619723084359059,1.4483564096367452,73,Loja Física,South,Alimentos
2023-01-07,10.483564096367452,18.38027691564094,-3.5516435903632546,74,Mídia Social,Centro-Oeste,Eletrônicos
2023-01-07,11.483564096367452,1.3802769156409411,-4.551643590363255,70,E-commerce,North,Eletrônicos
2023-01-07,5.483564096367451,12.380276915640941,-3.5516435903632546,73,Mídia Social,South,Livros
2023-01-07,13.483564096367452,15.380276915640941,2.4483564096367454,72,Mídia Social,East,Cosméticos
2023-01-07,6.483564096367451,-10.619723084359059,1.4483564096367452,71,Loja Física,Centro-Oeste,Alimentos
2023-01-07,5.483564096367451,-5.619723084359059,-3.5516435903632546,72,E-commerce,Centro-Oeste,Eletrônicos
2023-01-07,7.483564096367451,-4.619723084359059,2.4483564096367454,71,Mídia Social,North,Roupas
2023-01-07,8.483564096367452,16.38027691564094,1.4483564096367452,74,Loja Física,North,Roupas
2023-01-08,7.687614497970566,-2.3748626024353205,0.46876144979705664,82,Loja Física,Centro-Oeste,Roupas
2023-01-08,13.687614497970566,21.62513739756468,1.4687614497970567,84,E-commerce,North,Roupas
2023-01-08,9.687614497970566,11.625137397564679,2.4687614497970567,81,Loja Física,South,Livros
2023-01-08,7.687614497970566,7.6251373975646795,-0.5312385502029433,84,E-commerce,South,Alimentos
2023-01-08,12.687614497970566,18.62513739756468,-3.5312385502029433,81,Loja Física,North,Cosméticos
2023-01-08,9.687614497970566,-6.3748626024353205,-1.5312385502029433,84,Mídia Social,Centro-Oeste,Alimentos
2023-01-08,8.687614497970566,11.625137397564679,2.4687614497970567,84,Mídia Social,South,Alimentos
2023-01-08,12.687614497970566,5.6251373975646795,-1.5312385502029433,83,E-commerce,Centro-Oeste,Eletrônicos
2023-01-08,8.687614497970566,-6.3748626024353205,-3.5312385502029433,81,Mídia Social,East,Alimentos
2023-01-08,7.687614497970566,22.62513739756468,-0.5312385502029433,81,Mídia Social,North,Roupas
2023-01-08,5.687614497970566,17.62513739756468,-0.5312385502029433,81,Loja Física,East,Livros
2023-01-08,13.687614497970566,9.625137397564679,1.4687614497970567,80,E-commerce,East,Roupas
2023-01-09,6.888539826019824,6.866247791223788,2.4888539826019827,92,Mídia Social,North,Roupas
2023-01-09,13.888539826019823,5.866247791223788,3.4888539826019827,90,Loja Física,North,Cosméticos
2023-01-09,5.888539826019824,-6.133752208776212,2.4888539826019827,91,Mídia Social,Centro-Oeste,Eletrônicos
2023-01-09,7.888539826019824,5.866247791223788,-1.5111460173980176,93,Loja Física,South,Eletrônicos
2023-01-09,13.888539826019823,16.86624779122379,-3.5111460173980173,94,Loja Física,Centro-Oeste,Livros
2023-01-09,12.888539826019823,-11.133752208776212,3.4888539826019827,91,E-commerce,South,Cosméticos
2023-01-09,12.888539826019823,2.8662477912237883,-4.511146017398017,91,E-commerce,East,Alimentos
2023-01-09,7.888539826019824,5.866247791223788,4.488853982601983,90,Loja Física,East,Eletrônicos
2023-01-09,6.888539826019824,0.8662477912237883,4.488853982601983,90,Mídia Social,South,Roupas
2023-01-09,7.888539826019824,8.866247791223788,-1.5111460173980176,94,E-commerce,North,Roupas
2023-01-09,13.888539826019823,-3.1337522087762117,4.488853982601983,92,E-commerce,Centro-Oeste,Livros
2023-01-09,6.888539826019824,20.86624779122379,3.4888539826019827,91,Mídia Social,East,Cosméticos
2023-01-10,7.085968013061584,6.1031616156739,1.5085968013061586,102,Loja Física,Centro-Oeste,Alimentos
2023-01-10,8.085968013061585,-10.896838384326099,1.5085968013061586,102,Mídia Social,South,Livros
2023-01-10,5.085968013061584,8.103161615673901,2.5085968013061586,103,E-commerce,Centro-Oeste,Eletrônicos
2023-01-10,9.085968013061585,8.103161615673901,0.5085968013061585,101,Mídia Social,North,Cosméticos
2023-01-10,8.085968013061585,17.1031616156739,2.5085968013061586,103,Mídia Social,East,Livros
2023-01-10,5.085968013061584,-7.8968383843261,2.5085968013061586,100,Loja Física,North,Alimentos
2023-01-10,6.085968013061584,-0.8968383843260996,0.5085968013061585,103,Mídia Social,Centro-Oeste,Cosméticos
2023-01-10,12.085968013061585,-1.8968383843260996,-0.4914031986938415,104,E-commerce,North,Alimentos
2023-01-10,10.085968013061585,5.1031616156739,-2.4914031986938414,102,Loja Física,East,Cosméticos
2023-01-10,8.085968013061585,4.1031616156739,0.5085968013061585,104,E-commerce,South,Alimentos
2023-01-10,12.085968013061585,-10.896838384326099,4.508596801306158,102,Loja Física,South,Alimentos
2023-01-10,7.085968013061584,9.103161615673901,3.5085968013061586,100,E-commerce,East,Alimentos
2023-01-11,10.279533467542294,-13.664559838949248,-0.47204665324577066,112,Mídia Social,Centro-Oeste,Cosméticos
2023-01-11,11.279533467542294,-4.6645598389492475,0.5279533467542293,111,Mídia Social,North,Roupas
2023-01-11,5.279533467542294,18.33544016105075,-3.4720466532457706,113,E-commerce,North,Eletrônicos
2023-01-11,5.279533467542294,3.3354401610507525,-2.4720466532457706,111,Mídia Social,South,Cosméticos
2023-01-11,10.279533467542294,11.335440161050752,-2.4720466532457706,111,Loja Física,Centro-Oeste,Eletrônicos
2023-01-11,5.279533467542294,15.335440161050752,-3.4720466532457706,111,Loja Física,South,Eletrônicos
2023-01-11,11.279533467542294,22.33544016105075,1.5279533467542294,113,Loja Física,North,Alimentos
2023-01-11,13.279533467542294,-6.6645598389492475,2.5279533467542294,113,E-commerce,Centro-Oeste,Alimentos
2023-01-11,9.279533467542294,4.3354401610507525,-1.4720466532457706,114,E-commerce,South,Cosméticos
2023-01-11,13.279533467542294,24.33544016105075,4.527953346754229,113,Loja Física,East,Cosméticos
2023-01-11,5.279533467542294,19.33544016105075,-0.47204665324577066,111,Mídia Social,East,Livros
2023-01-11,6.279533467542294,16.33544016105075,1.5279533467542294,111,E-commerce,East,Roupas
2023-01-12,12.468877750799887,-3.4373466990401367,2.5468877750799885,124,E-commerce,East,Roupas
2023-01-12,14.468877750799887,15.562653300959862,-3.4531122249200115,123,E-commerce,South,Livros
2023-01-12,8.468877750799887,16.562653300959862,-4.4531122249200115,122,Loja Física,South,Cosméticos
2023-01-12,7.468877750799886,-2.4373466990401367,-3.4531122249200115,120,Mídia Social,North,Livros
2023-01-12,9.468877750799887,4.562653300959863,-0.45311222492001135,121,Loja Física,East,Eletrônicos
2023-01-12,10.468877750799887,7.562653300959863,-4.4531122249200115,122,Loja Física,North,Eletrônicos
2023-01-12,9.468877750799887,17.562653300959862,3.5468877750799885,123,E-commerce,North,Eletrônicos
2023-01-12,11.468877750799887,9.562653300959862,-3.4531122249200115,122,Mídia Social,Centro-Oeste,Cosméticos
2023-01-12,10.468877750799887,-0.4373466990401367,-2.4531122249200115,122,Mídia Social,East,Roupas
2023-01-12,8.468877750799887,0.5626533009598633,-3.4531122249200115,122,Mídia Social,South,Eletrônicos
2023-01-12,5.468877750799886,-9.437346699040138,-3.4531122249200115,123,Loja Física,Centro-Oeste,Alimentos
2023-01-12,11.468877750799887,20.562653300959862,-3.4531122249200115,123,E-commerce,Centro-Oeste,Eletrônicos
2023-01-13,8.653650240809666,-12.2156197110284,-0.43463497591903333,130,E-commerce,North,Eletrônicos
2023-01-13,9.653650240809666,2.784380288971599,-0.43463497591903333,130,Loja Física,East,Eletrônicos
2023-01-13,10.653650240809666,12.7843802889716,0.5653650240809667,130,Mídia Social,East,Livros
2023-01-13,12.653650240809666,4.784380288971599,1.5653650240809667,131,Loja Física,South,Eletrônicos
2023-01-13,13.653650240809666,17.784380288971597,-0.43463497591903333,133,Mídia Social,South,Alimentos
2023-01-13,12.653650240809666,-1.2156197110284008,-0.43463497591903333,133,Loja Física,Centro-Oeste,Alimentos
2023-01-13,7.653650240809666,-3.215619711028401,3.5653650240809664,131,E-commerce,South,Alimentos
2023-01-13,9.653650240809666,16.784380288971597,-4.4346349759190336,133,Loja Física,North,Cosméticos
2023-01-13,7.653650240809666,10.7843802889716,-1.4346349759190333,132,Mídia Social,Centro-Oeste,Eletrônicos
2023-01-13,9.653650240809666,18.784380288971597,-3.4346349759190336,131,E-commerce,Centro-Oeste,Eletrônicos
2023-01-13,8.653650240809666,13.7843802889716,1.5653650240809667,130,Mídia Social,North,Roupas
2023-01-13,8.653650240809666,4.784380288971599,-3.4346349759190336,131,E-commerce,East,Cosméticos
2023-01-14,10.833508781455588,5.000210537746706,-2.4166491218544413,142,E-commerce,North,Eletrônicos
2023-01-14,7.833508781455588,9.000210537746707,3.5833508781455587,140,Mídia Social,East,Alimentos
2023-01-14,9.833508781455588,6.000210537746706,4.583350878145559,141,Loja Física,East,Cosméticos
2023-01-14,12.833508781455588,-6.999789462253294,3.5833508781455587,144,Mídia Social,North,Alimentos
2023-01-14,9.833508781455588,-6.999789462253294,-3.4166491218544413,144,Mídia Social,South,Cosméticos
2023-01-14,13.833508781455588,10.000210537746707,-3.4166491218544413,142,Loja Física,South,Cosméticos
2023-01-14,14.833508781455588,24.000210537746707,2.5833508781455587,141,E-commerce,South,Roupas
2023-01-14,7.833508781455588,-4.999789462253294,-4.416649121854441,144,Loja Física,Centro-Oeste,Alimentos
2023-01-14,12.833508781455588,22.000210537746707,-4.416649121854441,144,E-commerce,East,Livros
2023-01-14,6.833508781455588,-2.999789462253294,2.5833508781455587,141,Mídia Social,Centro-Oeste,Eletrônicos
2023-01-14,8.833508781455588,-8.999789462253293,-2.4166491218544413,140,Loja Física,North,Roupas
2023-01-14,8.833508781455588,8.000210537746707,-1.4166491218544413,140,E-commerce,Centro-Oeste,Cosméticos
2023-01-15,11.008120316124613,24.209744379349534,1.6008120316124614,150,Loja Física,North,Alimentos
2023-01-15,13.008120316124613,3.2097443793495346,-1.3991879683875386,150,E-commerce,East,Roupas
2023-01-15,14.008120316124613,-12.790255620650466,-1.3991879683875386,150,Mídia Social,South,Cosméticos
2023-01-15,7.008120316124613,-0.7902556206504654,-0.39918796838753867,152,Loja Física,East,Alimentos
2023-01-15,10.008120316124613,2.2097443793495346,-0.39918796838753867,154,Mídia Social,Centro-Oeste,Alimentos
2023-01-15,15.008120316124613,2.2097443793495346,-4.399187968387539,152,Loja Física,South,Alimentos
2023-01-15,12.008120316124613,7.209744379349535,-4.399187968387539,151,Mídia Social,North,Alimentos
2023-01-15,6.008120316124613,-10.790255620650466,-4.399187968387539,153,E-commerce,North,Alimentos
2023-01-15,12.008120316124613,9.209744379349534,-2.3991879683875386,153,E-commerce,South,Roupas
2023-01-15,8.008120316124613,-0.7902556206504654,-4.399187968387539,151,Mídia Social,East,Roupas
2023-01-15,6.008120316124613,13.209744379349534,-2.3991879683875386,151,E-commerce,Centro-Oeste,Eletrônicos
2023-01-15,12.008120316124613,11.209744379349534,-3.3991879683875386,154,Loja Física,Centro-Oeste,Roupas
2023-01-16,13.177161504450886,-12.587406194658936,-1.3822838495549112,163,Mídia Social,East,Alimentos
2023-01-16,12.177161504450886,9.412593805341064,2.617716150445089,162,Loja Física,North,Alimentos
2023-01-16,8.177161504450886,5.412593805341064,2.617716150445089,164,Mídia Social,Centro-Oeste,Eletrônicos
2023-01-16,14.177161504450886,24.412593805341064,3.617716150445089,164,Mídia Social,South,Livros
2023-01-16,8.177161504450886,17.412593805341064,4.617716150445089,163,Loja Física,East,Alimentos
2023-01-16,8.177161504450886,8.412593805341064,-3.382283849554911,164,E-commerce,East,Eletrônicos
2023-01-16,14.177161504450886,12.412593805341064,-3.382283849554911,162,Mídia Social,North,Eletrônicos
2023-01-16,15.177161504450886,-0.5874061946589357,-2.382283849554911,163,Loja Física,South,Livros
2023-01-16,7.177161504450887,18.412593805341064,-2.382283849554911,163,E-commerce,North,Cosméticos
2023-01-16,11.177161504450886,13.412593805341064,3.617716150445089,161,Loja Física,Centro-Oeste,Alimentos
2023-01-16,9.177161504450886,17.412593805341064,-2.382283849554911,163,E-commerce,South,Eletrônicos
2023-01-16,10.177161504450886,13.412593805341064,-2.382283849554911,161,E-commerce,Centro-Oeste,Eletrônicos
2023-01-17,12.340319321067668,6.608383185281201,-0.3659680678932332,170,E-commerce,Centro-Oeste,Livros
2023-01-17,8.340319321067668,19.608383185281202,2.6340319321067667,171,Mídia Social,East,Roupas
2023-01-17,8.340319321067668,19.608383185281202,4.634031932106767,170,Loja Física,North,Roupas
2023-01-17,9.340319321067668,24.608383185281202,1.6340319321067667,170,E-commerce,South,Livros
2023-01-17,6.340319321067668,13.608383185281202,-2.3659680678932333,174,Mídia Social,South,Alimentos
2023-01-17,6.340319321067668,11.608383185281202,2.6340319321067667,174,Mídia Social,Centro-Oeste,Roupas
2023-01-17,15.340319321067668,-0.39161681471879906,-1.3659680678932333,170,E-commerce,North,Cosméticos
2023-01-17,9.340319321067668,3.608383185281201,-2.3659680678932333,170,Loja Física,South,Alimentos
2023-01-17,13.340319321067668,26.608383185281202,2.6340319321067667,174,Loja Física,Centro-Oeste,Cosméticos
2023-01-17,13.340319321067668,23.608383185281202,3.6340319321067667,172,E-commerce,East,Eletrônicos
2023-01-17,12.340319321067668,3.608383185281201,4.634031932106767,172,Mídia Social,North,Roupas
2023-01-17,11.340319321067668,15.608383185281202,-4.365968067893233,171,Loja Física,East,Eletrônicos
2023-01-18,15.497291635258236,9.796749962309882,-1.3502708364741762,181,Loja Física,East,Alimentos
2023-01-18,10.497291635258236,3.7967499623098826,0.6497291635258237,182,E-commerce,East,Eletrônicos
2023-01-18,6.497291635258236,3.7967499623098826,-0.35027083647417634,182,Mídia Social,East,Roupas
2023-01-18,13.497291635258236,22.79674996230988,4.649729163525824,180,E-commerce,North,Livros
2023-01-18,14.497291635258236,10.796749962309882,-3.3502708364741762,183,Mídia Social,Centro-Oeste,Livros
2023-01-18,14.497291635258236,3.7967499623098826,-0.35027083647417634,184,E-commerce,Centro-Oeste,Alimentos
2023-01-18,9.497291635258236,22.79674996230988,-3.3502708364741762,182,Loja Física,Centro-Oeste,Cosméticos
2023-01-18,9.497291635258236,20.79674996230988,-4.350270836474176,180,Loja Física,North,Eletrônicos
2023-01-18,13.497291635258236,-6.203250037690117,0.6497291635258237,180,E-commerce,South,Cosméticos
2023-01-18,11.497291635258236,3.7967499623098826,-3.3502708364741762,184,Loja Física,South,Livros
2023-01-18,7.497291635258236,-10.203250037690118,-1.3502708364741762,183,Mídia Social,South,Alimentos
2023-01-18,9.497291635258236,-3.2032500376901174,-1.3502708364741762,184,Mídia Social,North,Roupas
2023-01-19,11.647787770432437,7.977345324518924,1.6647787770432436,191,E-commerce,South,Roupas
2023-01-19,8.647787770432437,24.977345324518925,-2.3352212229567564,193,Mídia Social,East,Alimentos
2023-01-19,8.647787770432437,12.977345324518925,3.6647787770432436,190,Mídia Social,North,Livros
2023-01-19,15.647787770432437,9.977345324518925,-1.3352212229567564,191,E-commerce,East,Roupas
2023-01-19,15.647787770432437,3.9773453245189243,3.6647787770432436,190,E-commerce,North,Cosméticos
2023-01-19,7.647787770432437,3.9773453245189243,3.6647787770432436,190,Mídia Social,South,Eletrônicos
2023-01-19,8.647787770432437,7.977345324518924,2.6647787770432436,191,Mídia Social,Centro-Oeste,Cosméticos
2023-01-19,7.647787770432437,25.977345324518925,1.6647787770432436,194,E-commerce,Centro-Oeste,Cosméticos
2023-01-19,15.647787770432437,4.977345324518924,-2.3352212229567564,190,Loja Física,North,Alimentos
2023-01-19,10.647787770432437,6.977345324518924,1.6647787770432436,190,Loja Física,East,Alimentos
2023-01-19,7.647787770432437,0.9773453245189243,2.6647787770432436,192,Loja Física,South,Livros
2023-01-19,13.647787770432437,5.977345324518924,-3.3352212229567564,193,Loja Física,Centro-Oeste,Roupas
2023-01-20,7.791529042392812,12.149834850871374,-4.320847095760719,204,E-commerce,East,Livros
2023-01-20,10.791529042392812,22.149834850871372,0.6791529042392812,200,Mídia Social,Centro-Oeste,Roupas
2023-01-20,15.791529042392812,15.149834850871374,-2.320847095760719,204,Loja Física,North,Livros
2023-01-20,7.791529042392812,17.149834850871372,-3.320847095760719,201,Mídia Social,North,Roupas
2023-01-20,11.791529042392812,-9.850165149128626,-4.320847095760719,203,Mídia Social,East,Roupas
2023-01-20,7.791529042392812,4.149834850871374,-0.3208470957607188,200,E-commerce,South,Roupas
2023-01-20,15.791529042392812,22.149834850871372,0.6791529042392812,200,E-commerce,North,Roupas
2023-01-20,14.791529042392812,26.149834850871372,-4.320847095760719,204,E-commerce,Centro-Oeste,Cosméticos
2023-01-20,6.791529042392812,8.149834850871374,-4.320847095760719,204,Loja Física,Centro-Oeste,Alimentos
2023-01-20,7.791529042392812,25.149834850871372,4.679152904239281,200,Loja Física,East,Cosméticos
2023-01-20,12.791529042392812,12.149834850871374,-0.3208470957607188,202,Loja Física,South,Livros
2023-01-20,9.791529042392812,13.149834850871374,-3.320847095760719,203,Mídia Social,South,Cosméticos
2023-01-21,9.928249275393572,-5.6861008695277135,0.6928249275393572,211,Mídia Social,East,Livros
2023-01-21,9.928249275393572,12.313899130472286,-0.3071750724606428,214,Loja Física,Centro-Oeste,Livros
2023-01-21,7.928249275393572,2.3138991304722865,-0.3071750724606428,212,Mídia Social,South,Cosméticos
2023-01-21,10.928249275393572,4.3138991304722865,1.6928249275393572,210,E-commerce,Centro-Oeste,Alimentos
2023-01-21,8.928249275393572,15.313899130472286,1.6928249275393572,211,Mídia Social,North,Roupas
2023-01-21,8.928249275393572,10.313899130472286,-1.3071750724606428,211,Mídia Social,Centro-Oeste,Cosméticos
2023-01-21,15.928249275393572,13.313899130472286,3.692824927539357,212,Loja Física,North,Cosméticos
2023-01-21,10.928249275393572,-0.6861008695277135,-1.3071750724606428,214,E-commerce,South,Cosméticos
2023-01-21,6.928249275393572,-2.6861008695277135,2.692824927539357,212,E-commerce,East,Eletrônicos
2023-01-21,11.928249275393572,21.313899130472286,-4.307175072460643,213,Loja Física,East,Roupas
2023-01-21,6.928249275393572,-10.686100869527714,-3.307175072460643,212,E-commerce,North,Alimentos
2023-01-21,6.928249275393572,16.313899130472286,-1.3071750724606428,212,Loja Física,South,Roupas
2023-01-22,16.057695295036805,6.469234354044165,1.7057695295036805,223,Mídia Social,Centro-Oeste,Alimentos
2023-01-22,11.057695295036805,15.469234354044165,-2.2942304704963195,224,Mídia Social,South,Roupas
2023-01-22,15.057695295036805,1.4692343540441648,-2.2942304704963195,223,Mídia Social,North,Eletrônicos
2023-01-22,14.057695295036805,22.469234354044165,3.7057695295036805,223,Loja Física,South,Roupas
2023-01-22,8.057695295036805,25.469234354044165,-4.29423047049632,222,E-commerce,Centro-Oeste,Roupas
2023-01-22,12.057695295036805,22.469234354044165,-1.2942304704963195,220,E-commerce,North,Eletrônicos
2023-01-22,13.057695295036805,1.4692343540441648,0.7057695295036805,220,Loja Física,East,Eletrônicos
2023-01-22,8.057695295036805,1.4692343540441648,2.7057695295036805,221,Mídia Social,East,Cosméticos
2023-01-22,13.057695295036805,13.469234354044165,-3.2942304704963195,221,Loja Física,Centro-Oeste,Livros
2023-01-22,11.057695295036805,-11.530765645955835,2.7057695295036805,223,Loja Física,North,Alimentos
2023-01-22,14.057695295036805,17.469234354044165,3.7057695295036805,223,E-commerce,East,Roupas
2023-01-22,10.057695295036805,1.4692343540441648,-3.2942304704963195,224,E-commerce,South,Alimentos
2023-01-23,10.179627397093185,10.615552876511822,-1.2820372602906813,230,E-commerce,East,Roupas
2023-01-23,13.179627397093185,17.61555287651182,-4.282037260290681,234,Loja Física,South,Roupas
2023-01-23,7.179627397093185,3.6155528765118223,-3.2820372602906813,231,Loja Física,Centro-Oeste,Cosméticos
2023-01-23,12.179627397093185,19.61555287651182,-3.2820372602906813,230,Loja Física,East,Cosméticos
2023-01-23,10.179627397093185,-6.384447123488178,-0.28203726029068144,234,Mídia Social,Centro-Oeste,Cosméticos
2023-01-23,13.179627397093185,18.61555287651182,-0.28203726029068144,230,Mídia Social,South,Roupas
2023-01-23,14.179627397093185,-11.384447123488178,2.7179627397093187,231,Loja Física,North,Eletrônicos
2023-01-23,14.179627397093185,12.615552876511822,2.7179627397093187,233,Mídia Social,East,Roupas
2023-01-23,7.179627397093185,-3.3844471234881777,3.7179627397093187,233,E-commerce,North,Roupas
2023-01-23,7.179627397093185,27.61555287651182,2.7179627397093187,230,E-commerce,South,Cosméticos
2023-01-23,16.179627397093185,20.61555287651182,3.7179627397093187,231,Mídia Social,North,Alimentos
2023-01-23,10.179627397093185,-4.384447123488178,2.7179627397093187,232,E-commerce,Centro-Oeste,Cosméticos
2023-01-24,14.293819791379015,13.752583749654818,-2.2706180208620985,243,E-commerce,East,Livros
2023-01-24,11.293819791379015,-10.247416250345182,2.7293819791379015,242,E-commerce,South,Eletrônicos
2023-01-24,14.293819791379015,-10.247416250345182,2.7293819791379015,244,Loja Física,Centro-Oeste,Roupas
2023-01-24,7.293819791379015,8.752583749654818,-0.2706180208620985,240,Mídia Social,North,Eletrônicos
2023-01-24,9.293819791379015,-2.247416250345182,2.7293819791379015,242,Loja Física,North,Alimentos
2023-01-24,7.293819791379015,-3.247416250345182,4.7293819791379015,243,Mídia Social,South,Alimentos
2023-01-24,15.293819791379015,18.752583749654818,2.7293819791379015,244,Mídia Social,Centro-Oeste,Eletrônicos
2023-01-24,11.293819791379015,-3.247416250345182,-4.2706180208620985,242,Loja Física,East,Cosméticos
2023-01-24,9.293819791379015,-11.247416250345182,-4.2706180208620985,240,Loja Física,South,Alimentos
2023-01-24,16.293819791379015,21.752583749654818,1.7293819791379015,244,E-commerce,North,Cosméticos
2023-01-24,15.293819791379015,15.752583749654818,-3.2706180208620985,240,Mídia Social,East,Livros
2023-01-24,13.293819791379015,25.752583749654818,-0.2706180208620985,243,E-commerce,Centro-Oeste,Roupas
2023-01-25,12.400061019867678,22.88007322384121,-2.2599938980132324,253,E-commerce,Centro-Oeste,Eletrônicos
2023-01-25,8.400061019867678,16.88007322384121,-3.2599938980132324,253,E-commerce,North,Eletrônicos
2023-01-25,11.400061019867678,22.88007322384121,-3.2599938980132324,250,Mídia Social,South,Alimentos
2023-01-25,7.400061019867677,7.880073223841212,-3.2599938980132324,253,Loja Física,North,Livros
2023-01-25,8.400061019867678,10.880073223841212,-0.25999389801323225,254,Mídia Social,East,Cosméticos
2023-01-25,7.400061019867677,-2.1199267761587883,0.7400061019867678,251,Mídia Social,North,Alimentos
2023-01-25,10.400061019867678,17.88007322384121,3.7400061019867676,253,E-commerce,East,Livros
2023-01-25,8.400061019867678,9.880073223841212,-0.25999389801323225,252,Mídia Social,Centro-Oeste,Eletrônicos
2023-01-25,12.400061019867678,18.88007322384121,4.740006101986768,252,Loja Física,South,Eletrônicos
2023-01-25,9.400061019867678,-1.1199267761587883,4.740006101986768,254,Loja Física,Centro-Oeste,Eletrônicos
2023-01-25,13.400061019867678,-6.119926776158788,-4.259993898013232,251,Loja Física,East,Alimentos
2023-01-25,10.400061019867678,11.880073223841212,0.7400061019867678,250,E-commerce,South,Livros
2023-01-26,16.498154348261217,26.99778521791346,2.7498154348261217,261,E-commerce,South,Eletrônicos
2023-01-26,8.498154348261217,14.99778521791346,0.7498154348261217,262,Mídia Social,North,Alimentos
2023-01-26,12.498154348261217,25.99778521791346,-4.250184565173878,261,Mídia Social,South,Alimentos
2023-01-26,9.498154348261217,15.99778521791346,-1.2501845651738783,261,Loja Física,East,Eletrônicos
2023-01-26,14.498154348261217,13.99778521791346,-1.2501845651738783,263,E-commerce,East,Cosméticos
2023-01-26,9.498154348261217,-8.00221478208654,2.7498154348261217,260,Loja Física,South,Livros
2023-01-26,16.498154348261217,-5.00221478208654,3.7498154348261217,261,Loja Física,Centro-Oeste,Eletrônicos
2023-01-26,15.498154348261217,11.99778521791346,2.7498154348261217,264,E-commerce,North,Roupas
2023-01-26,11.498154348261217,24.99778521791346,-3.2501845651738783,262,Mídia Social,Centro-Oeste,Roupas
2023-01-26,15.498154348261217,24.99778521791346,-1.2501845651738783,262,Mídia Social,East,Alimentos
2023-01-26,10.498154348261217,-5.00221478208654,-3.2501845651738783,263,E-commerce,Centro-Oeste,Cosméticos
2023-01-26,9.498154348261217,9.99778521791346,-3.2501845651738783,264,Loja Física,North,Eletrônicos
2023-01-27,8.587918130296968,5.105501756356361,-3.241208186970303,271,Loja Física,East,Cosméticos
2023-01-27,9.587918130296968,15.105501756356361,-0.2412081869703031,274,E-commerce,East,Eletrônicos
2023-01-27,7.587918130296968,-5.894498243643639,-0.2412081869703031,273,Mídia Social,South,Livros
2023-01-27,8.587918130296968,7.105501756356361,3.758791813029697,270,E-commerce,North,Cosméticos
2023-01-27,14.587918130296968,23.10550175635636,0.7587918130296969,273,Mídia Social,East,Alimentos
2023-01-27,10.587918130296968,20.10550175635636,3.758791813029697,274,Mídia Social,Centro-Oeste,Roupas
2023-01-27,12.587918130296968,10.105501756356361,-3.241208186970303,270,Loja Física,North,Eletrônicos
2023-01-27,9.587918130296968,0.10550175635636094,-2.241208186970303,270,E-commerce,South,Eletrônicos
2023-01-27,15.587918130296968,24.10550175635636,-3.241208186970303,272,Mídia Social,North,Alimentos
2023-01-27,16.58791813029697,15.105501756356361,2.758791813029697,271,E-commerce,Centro-Oeste,Livros
2023-01-27,12.587918130296968,1.105501756356361,2.758791813029697,271,Loja Física,Centro-Oeste,Alimentos
2023-01-27,16.58791813029697,5.105501756356361,-2.241208186970303,273,Loja Física,South,Alimentos
2023-01-28,15.669186144114626,8.203023372937551,-4.233081385588537,284,Mídia Social,East,Alimentos
2023-01-28,16.669186144114626,-2.796976627062449,-1.2330813855885374,281,Mídia Social,North,Eletrônicos
2023-01-28,8.669186144114626,22.20302337293755,-4.233081385588537,280,Loja Física,Centro-Oeste,Eletrônicos
2023-01-28,11.669186144114626,22.20302337293755,2.7669186144114626,281,E-commerce,East,Livros
2023-01-28,9.669186144114626,13.203023372937551,-1.2330813855885374,280,Loja Física,East,Eletrônicos
2023-01-28,7.669186144114626,-1.796976627062449,-4.233081385588537,280,Loja Física,South,Alimentos
2023-01-28,14.669186144114626,-3.796976627062449,0.7669186144114626,283,E-commerce,North,Eletrônicos
2023-01-28,15.669186144114626,28.20302337293755,0.7669186144114626,281,Mídia Social,South,Eletrônicos
2023-01-28,9.669186144114626,-10.796976627062449,-1.2330813855885374,283,Mídia Social,Centro-Oeste,Roupas
2023-01-28,12.669186144114626,-9.796976627062449,-3.2330813855885374,280,Loja Física,North,Livros
2023-01-28,16.669186144114626,-7.796976627062449,3.7669186144114626,282,E-commerce,South,Livros
2023-01-28,13.669186144114626,2.203023372937551,-3.2330813855885374,283,E-commerce,Centro-Oeste,Roupas
2023-01-29,7.7418079000608575,23.29016948007303,4.774180790006086,291,Loja Física,Centro-Oeste,Cosméticos
2023-01-29,8.741807900060858,-1.709830519926971,-1.2258192099939142,291,E-commerce,South,Eletrônicos
2023-01-29,16.741807900060856,0.290169480073029,4.774180790006086,294,E-commerce,Centro-Oeste,Alimentos
2023-01-29,11.741807900060858,18.29016948007303,-3.2258192099939142,294,E-commerce,East,Livros
2023-01-29,10.741807900060858,-6.709830519926971,1.7741807900060858,290,Mídia Social,Centro-Oeste,Roupas
2023-01-29,10.741807900060858,5.290169480073029,4.774180790006086,294,Loja Física,South,Roupas
2023-01-29,10.741807900060858,-6.709830519926971,4.774180790006086,292,Mídia Social,South,Livros
2023-01-29,14.741807900060858,25.29016948007303,0.7741807900060858,294,Loja Física,East,Livros
2023-01-29,8.741807900060858,4.290169480073029,-1.2258192099939142,293,Loja Física,North,Roupas
2023-01-29,11.741807900060858,1.290169480073029,4.774180790006086,293,E-commerce,North,Alimentos
2023-01-29,8.741807900060858,6.290169480073029,-1.2258192099939142,292,Mídia Social,North,Roupas
2023-01-29,10.741807900060858,24.29016948007303,-3.2258192099939142,293,Mídia Social,East,Cosméticos
2023-01-30,10.805648919361504,14.366778703233804,2.7805648919361503,300,Loja Física,South,Eletrônicos
2023-01-30,12.805648919361504,-6.633221296766196,2.7805648919361503,303,E-commerce,South,Eletrônicos
2023-01-30,9.805648919361504,2.3667787032338037,-0.21943510806384958,304,Mídia Social,North,Roupas
2023-01-30,11.805648919361504,-8.633221296766196,-2.2194351080638497,300,Loja Física,North,Eletrônicos
2023-01-30,7.805648919361504,12.366778703233804,-1.2194351080638497,301,Mídia Social,Centro-Oeste,Alimentos
2023-01-30,10.805648919361504,26.366778703233805,-2.2194351080638497,301,E-commerce,East,Eletrônicos
2023-01-30,10.805648919361504,7.366778703233804,1.7805648919361503,304,E-commerce,North,Eletrônicos
2023-01-30,8.805648919361504,14.366778703233804,3.7805648919361503,302,E-commerce,Centro-Oeste,Cosméticos
2023-01-30,12.805648919361504,-4.633221296766196,4.780564891936151,300,Loja Física,East,Roupas
2023-01-30,9.805648919361504,-4.633221296766196,4.780564891936151,304,Loja Física,Centro-Oeste,Cosméticos
2023-01-30,14.805648919361504,-6.633221296766196,-2.2194351080638497,302,Mídia Social,South,Cosméticos
2023-01-30,15.805648919361504,1.3667787032338037,3.7805648919361503,304,Mídia Social,East,Alimentos
2023-01-31,11.860590983145308,-5.567290820225633,0.7860590983145307,311,Loja Física,North,Livros
2023-01-31,14.860590983145308,-10.567290820225633,-0.2139409016854693,313,Mídia Social,South,Alimentos
2023-01-31,8.860590983145308,-4.567290820225633,3.7860590983145306,311,E-commerce,South,Roupas
2023-01-31,16.860590983145308,-7.567290820225633,0.7860590983145307,312,E-commerce,Centro-Oeste,Eletrônicos
2023-01-31,10.860590983145308,27.432709179774367,-0.2139409016854693,311,E-commerce,North,Eletrônicos
2023-01-31,10.860590983145308,15.432709179774367,4.786059098314531,313,Mídia Social,Centro-Oeste,Alimentos
2023-01-31,7.860590983145307,16.432709179774367,-0.2139409016854693,313,Mídia Social,North,Alimentos
2023-01-31,16.860590983145308,2.432709179774367,-4.213940901685469,312,Mídia Social,East,Cosméticos
2023-01-31,13.860590983145308,12.432709179774367,-0.2139409016854693,313,E-commerce,East,Roupas
2023-01-31,10.860590983145308,5.432709179774367,3.7860590983145306,311,Loja Física,Centro-Oeste,Livros
2023-01-31,13.860590983145308,13.432709179774367,0.7860590983145307,313,Loja Física,East,Livros
2023-01-31,8.860590983145308,-0.567290820225633,3.7860590983145306,310,Loja Física,South,Alimentos
2023-02-01,15.906532351358047,11.087838821629656,3.0906532351358047,321,Loja Física,South,Eletrônicos
2023-02-01,11.906532351358047,18.087838821629656,-0.9093467648641953,320,Loja Física,Centro-Oeste,Eletrônicos
2023-02-01,11.906532351358047,22.087838821629656,5.090653235135805,323,E-commerce,East,Alimentos
2023-02-01,14.906532351358047,23.087838821629656,-1.9093467648641953,320,Mídia Social,North,Livros
2023-02-01,10.906532351358047,-1.9121611783703436,2.0906532351358047,320,Mídia Social,South,Cosméticos
2023-02-01,18.906532351358045,19.087838821629656,-1.9093467648641953,320,Loja Física,North,Roupas
2023-02-01,19.906532351358045,22.087838821629656,-0.9093467648641953,322,Mídia Social,East,Livros
2023-02-01,15.906532351358047,9.087838821629656,3.0906532351358047,320,Loja Física,East,Cosméticos
2023-02-01,11.906532351358047,0.0878388216296564,4.090653235135805,321,E-commerce,South,Eletrônicos
2023-02-01,10.906532351358047,19.087838821629656,-3.9093467648641953,323,E-commerce,North,Livros
2023-02-01,14.906532351358047,3.0878388216296564,5.090653235135805,322,E-commerce,Centro-Oeste,Roupas
2023-02-01,15.906532351358047,5.087838821629656,-2.9093467648641953,322,Mídia Social,Centro-Oeste,Alimentos
2023-02-02,13.943387951161702,23.13206554139404,4.094338795116171,333,Loja Física,South,Livros
2023-02-02,19.943387951161704,15.132065541394041,-3.9056612048838297,333,E-commerce,North,Eletrônicos
2023-02-02,15.943387951161702,25.13206554139404,1.0943387951161703,334,Mídia Social,North,Alimentos
2023-02-02,11.943387951161702,17.13206554139404,-2.9056612048838297,334,Mídia Social,East,Livros
2023-02-02,18.943387951161704,9.132065541394041,1.0943387951161703,333,Loja Física,East,Eletrônicos
2023-02-02,12.943387951161702,4.1320655413940415,3.0943387951161703,333,E-commerce,Centro-Oeste,Roupas
2023-02-02,15.943387951161702,30.13206554139404,3.0943387951161703,333,E-commerce,South,Cosméticos
2023-02-02,14.943387951161702,28.13206554139404,-0.9056612048838297,334,Loja Física,Centro-Oeste,Livros
2023-02-02,16.943387951161704,26.13206554139404,1.0943387951161703,330,Mídia Social,South,Cosméticos
2023-02-02,13.943387951161702,31.13206554139404,0.09433879511617027,333,Mídia Social,Centro-Oeste,Cosméticos
2023-02-02,17.943387951161704,-2.8679344586059585,-2.9056612048838297,332,E-commerce,East,Roupas
2023-02-02,19.943387951161704,27.13206554139404,-2.9056612048838297,330,Loja Física,North,Roupas
2023-02-03,19.971089534469762,1.1653074413637121,5.097108953446976,342,E-commerce,East,Eletrônicos
2023-02-03,12.97108953446976,7.165307441363712,0.09710895344697601,342,Mídia Social,South,Livros
2023-02-03,19.971089534469762,4.165307441363712,0.09710895344697601,344,E-commerce,North,Roupas
2023-02-03,17.971089534469762,20.165307441363712,0.09710895344697601,344,Mídia Social,North,Livros
2023-02-03,17.971089534469762,32.16530744136371,-0.902891046553024,344,Loja Física,North,Livros
2023-02-03,12.97108953446976,32.16530744136371,5.097108953446976,340,Mídia Social,East,Roupas
2023-02-03,16.971089534469762,6.165307441363712,5.097108953446976,344,E-commerce,Centro-Oeste,Roupas
2023-02-03,14.97108953446976,7.165307441363712,-2.902891046553024,340,Loja Física,South,Cosméticos
2023-02-03,12.97108953446976,8.165307441363712,3.097108953446976,344,Loja Física,East,Livros
2023-02-03,12.97108953446976,21.165307441363712,2.097108953446976,344,Loja Física,Centro-Oeste,Alimentos
2023-02-03,15.97108953446976,0.16530744136371212,1.097108953446976,344,Mídia Social,Centro-Oeste,Alimentos
2023-02-03,11.97108953446976,29.165307441363712,-0.902891046553024,344,E-commerce,South,Cosméticos
2023-02-04,11.98958580432696,30.18750296519235,-1.901041419567304,351,E-commerce,East,Livros
2023-02-04,15.98958580432696,0.187502965192353,-1.901041419567304,351,Loja Física,East,Livros
2023-02-04,10.98958580432696,-6.812497034807647,0.09895858043269601,350,Loja Física,North,Eletrônicos
2023-02-04,19.98958580432696,10.187502965192353,-0.901041419567304,351,Mídia Social,South,Cosméticos
2023-02-04,10.98958580432696,27.18750296519235,0.09895858043269601,351,Mídia Social,East,Roupas
2023-02-04,15.98958580432696,11.187502965192353,4.098958580432696,352,Loja Física,South,Roupas
2023-02-04,19.98958580432696,25.18750296519235,-1.901041419567304,352,Mídia Social,North,Cosméticos
2023-02-04,14.98958580432696,28.18750296519235,-0.901041419567304,350,E-commerce,South,Eletrônicos
2023-02-04,17.98958580432696,20.18750296519235,4.098958580432696,350,Mídia Social,Centro-Oeste,Roupas
2023-02-04,17.98958580432696,12.187502965192353,-2.9010414195673038,354,E-commerce,Centro-Oeste,Cosméticos
2023-02-04,19.98958580432696,-3.812497034807647,-2.9010414195673038,351,E-commerce,North,Cosméticos
2023-02-04,10.98958580432696,-0.812497034807647,2.0989585804326962,350,Loja Física,Centro-Oeste,Livros
2023-02-05,15.998842509899454,2.198611011879345,4.099884250989946,361,Loja Física,South,Cosméticos
2023-02-05,12.998842509899454,11.198611011879345,0.09988425098994536,364,Loja Física,Centro-Oeste,Alimentos
2023-02-05,10.998842509899454,22.198611011879343,-0.9001157490100546,361,Mídia Social,East,Alimentos
2023-02-05,17.998842509899454,31.198611011879343,2.0998842509899456,363,Loja Física,North,Alimentos
2023-02-05,14.998842509899454,26.198611011879343,1.0998842509899454,364,E-commerce,North,Cosméticos
2023-02-05,15.998842509899454,20.198611011879343,-0.9001157490100546,364,E-commerce,East,Alimentos
2023-02-05,18.998842509899454,19.198611011879343,2.0998842509899456,364,Mídia Social,Centro-Oeste,Livros
2023-02-05,12.998842509899454,22.198611011879343,-3.9001157490100544,362,E-commerce,South,Livros
2023-02-05,19.998842509899454,14.198611011879345,4.099884250989946,364,Mídia Social,South,Livros
2023-02-05,14.998842509899454,19.198611011879343,5.099884250989946,361,Loja Física,East,Cosméticos
2023-02-05,18.998842509899454,23.198611011879343,4.099884250989946,361,E-commerce,Centro-Oeste,Eletrônicos
2023-02-05,16.998842509899454,6.198611011879345,-1.9001157490100546,361,Mídia Social,North,Cosméticos
2023-02-06,16.998842509899454,29.198611011879343,-0.9001157490100546,374,E-commerce,North,Eletrônicos
2023-02-06,11.998842509899454,14.198611011879345,5.099884250989946,370,E-commerce,South,Alimentos
2023-02-06,13.998842509899454,18.198611011879343,4.099884250989946,371,Mídia Social,East,Cosméticos
2023-02-06,19.998842509899454,11.198611011879345,1.0998842509899454,371,Mídia Social,Centro-Oeste,Livros
2023-02-06,14.998842509899454,15.198611011879345,2.0998842509899456,373,Loja Física,North,Livros
2023-02-06,16.998842509899454,2.198611011879345,-1.9001157490100546,371,Loja Física,South,Cosméticos
2023-02-06,10.998842509899454,-5.801388988120655,3.0998842509899456,374,Mídia Social,North,Livros
2023-02-06,19.998842509899454,-3.801388988120655,-3.9001157490100544,372,E-commerce,East,Roupas
2023-02-06,18.998842509899454,25.198611011879343,3.0998842509899456,373,E-commerce,Centro-Oeste,Cosméticos
2023-02-06,12.998842509899454,4.198611011879345,0.09988425098994536,370,Loja Física,East,Roupas
2023-02-06,13.998842509899454,29.198611011879343,5.099884250989946,374,Mídia Social,South,Alimentos
2023-02-06,18.998842509899454,12.198611011879345,0.09988425098994536,374,Loja Física,Centro-Oeste,Livros
2023-02-07,15.98958580432696,11.187502965192353,-0.901041419567304,382,E-commerce,East,Livros
2023-02-07,15.98958580432696,25.18750296519235,-3.9010414195673038,384,Mídia Social,East,Livros
2023-02-07,19.98958580432696,3.187502965192353,0.09895858043269601,383,E-commerce,Centro-Oeste,Livros
2023-02-07,15.98958580432696,13.187502965192353,2.0989585804326962,382,Loja Física,East,Alimentos
2023-02-07,13.98958580432696,0.187502965192353,5.098958580432696,383,E-commerce,South,Eletrônicos
2023-02-07,18.98958580432696,3.187502965192353,0.09895858043269601,381,Loja Física,North,Livros
2023-02-07,14.98958580432696,-3.812497034807647,0.09895858043269601,381,Loja Física,South,Cosméticos
2023-02-07,15.98958580432696,-2.812497034807647,4.098958580432696,382,Mídia Social,North,Livros
2023-02-07,15.98958580432696,11.187502965192353,-3.9010414195673038,382,Mídia Social,Centro-Oeste,Alimentos
2023-02-07,19.98958580432696,26.18750296519235,3.0989585804326962,380,Mídia Social,South,Alimentos
2023-02-07,16.98958580432696,11.187502965192353,2.0989585804326962,381,E-commerce,North,Eletrônicos
2023-02-07,18.98958580432696,-4.812497034807647,-3.9010414195673038,381,Loja Física,Centro-Oeste,Cosméticos
2023-02-08,12.97108953446976,3.165307441363712,-3.902891046553024,392,Loja Física,South,Eletrônicos
2023-02-08,12.97108953446976,-0.8346925586362879,2.097108953446976,392,E-commerce,Centro-Oeste,Cosméticos
2023-02-08,13.97108953446976,17.165307441363712,-2.902891046553024,390,E-commerce,South,Eletrônicos
2023-02-08,15.97108953446976,6.165307441363712,-3.902891046553024,394,E-commerce,East,Eletrônicos
2023-02-08,16.971089534469762,2.165307441363712,5.097108953446976,390,Loja Física,East,Livros
2023-02-08,18.971089534469762,2.165307441363712,-2.902891046553024,392,Loja Física,Centro-Oeste,Livros
2023-02-08,16.971089534469762,12.165307441363712,5.097108953446976,393,E-commerce,North,Alimentos
2023-02-08,15.97108953446976,3.165307441363712,-1.902891046553024,393,Loja Física,North,Eletrônicos
2023-02-08,18.971089534469762,-0.8346925586362879,-0.902891046553024,391,Mídia Social,East,Eletrônicos
2023-02-08,19.971089534469762,8.165307441363712,0.09710895344697601,394,Mídia Social,Centro-Oeste,Alimentos
2023-02-08,15.97108953446976,26.165307441363712,0.09710895344697601,393,Mídia Social,North,Roupas
2023-02-08,11.97108953446976,28.165307441363712,3.097108953446976,392,Mídia Social,South,Cosméticos
2023-02-09,10.943387951161704,4.132065541394043,4.094338795116171,402,E-commerce,Centro-Oeste,Cosméticos
2023-02-09,11.943387951161704,32.13206554139404,-1.9056612048838295,401,Loja Física,East,Cosméticos
2023-02-09,16.943387951161704,-3.8679344586059567,-1.9056612048838295,404,Mídia Social,Centro-Oeste,Cosméticos
2023-02-09,19.943387951161704,17.13206554139404,-2.9056612048838293,404,Loja Física,North,Alimentos
2023-02-09,16.943387951161704,13.132065541394043,3.0943387951161707,401,Loja Física,Centro-Oeste,Roupas
2023-02-09,16.943387951161704,2.1320655413940433,1.0943387951161705,404,E-commerce,East,Alimentos
2023-02-09,13.943387951161704,-1.8679344586059567,-0.9056612048838295,402,Mídia Social,North,Eletrônicos
2023-02-09,14.943387951161704,2.1320655413940433,-2.9056612048838293,403,Mídia Social,East,Cosméticos
2023-02-09,17.943387951161704,32.13206554139404,0.09433879511617049,404,Loja Física,South,Roupas
2023-02-09,18.943387951161704,-5.867934458605957,3.0943387951161707,404,E-commerce,North,Cosméticos
2023-02-09,12.943387951161704,26.13206554139404,5.094338795116171,403,Mídia Social,South,Roupas
2023-02-09,12.943387951161704,27.13206554139404,0.09433879511617049,404,E-commerce,South,Roupas
2023-02-10,17.906532351358045,9.087838821629656,-3.9093467648641953,413,Loja Física,North,Eletrônicos
2023-02-10,17.906532351358045,18.087838821629656,2.0906532351358047,410,Mídia Social,Centro-Oeste,Alimentos
2023-02-10,18.906532351358045,31.087838821629656,1.0906532351358047,412,Mídia Social,North,Eletrônicos
2023-02-10,13.906532351358047,29.087838821629656,-2.9093467648641953,412,E-commerce,North,Livros
2023-02-10,15.906532351358047,-5.912161178370344,4.090653235135805,414,Loja Física,Centro-Oeste,Roupas
2023-02-10,16.906532351358045,11.087838821629656,5.090653235135805,412,E-commerce,Centro-Oeste,Cosméticos
2023-02-10,18.906532351358045,23.087838821629656,3.0906532351358047,414,Loja Física,East,Alimentos
2023-02-10,19.906532351358045,8.087838821629656,4.090653235135805,412,E-commerce,East,Livros
2023-02-10,19.906532351358045,25.087838821629656,-1.9093467648641953,414,Mídia Social,East,Roupas
2023-02-10,12.906532351358047,-1.9121611783703436,2.0906532351358047,414,Loja Física,South,Cosméticos
2023-02-10,11.906532351358047,-0.9121611783703436,-1.9093467648641953,414,Mídia Social,South,Livros
2023-02-10,18.906532351358045,-6.912161178370344,-3.9093467648641953,411,E-commerce,South,Livros
2023-02-11,15.860590983145308,13.032709179774368,5.08605909831453,424,Mídia Social,North,Roupas
2023-02-11,16.860590983145308,25.03270917977437,-0.9139409016854692,420,Mídia Social,Centro-Oeste,Livros
2023-02-11,18.860590983145308,26.03270917977437,0.08605909831453085,421,Loja Física,South,Eletrônicos
2023-02-11,10.860590983145308,15.032709179774368,-1.9139409016854692,423,E-commerce,South,Eletrônicos
2023-02-11,19.860590983145308,26.03270917977437,-1.9139409016854692,421,Mídia Social,South,Livros
2023-02-11,15.860590983145308,1.0327091797743684,2.086059098314531,421,E-commerce,North,Eletrônicos
2023-02-11,19.860590983145308,-0.9672908202256316,1.0860590983145308,424,E-commerce,East,Roupas
2023-02-11,12.860590983145308,31.03270917977437,-0.9139409016854692,424,Loja Física,East,Alimentos
2023-02-11,17.860590983145308,-3.9672908202256316,2.086059098314531,424,E-commerce,Centro-Oeste,Cosméticos
2023-02-11,18.860590983145308,0.03270917977436838,-3.913940901685469,421,Loja Física,Centro-Oeste,Alimentos
2023-02-11,18.860590983145308,28.03270917977437,-3.913940901685469,420,Mídia Social,East,Eletrônicos
2023-02-11,15.860590983145308,16.03270917977437,0.08605909831453085,422,Loja Física,North,Alimentos
2023-02-12,15.805648919361504,24.966778703233807,-3.9194351080638494,432,Mídia Social,Centro-Oeste,Eletrônicos
2023-02-12,18.805648919361502,-6.033221296766195,4.080564891936151,430,Mídia Social,East,Eletrônicos
2023-02-12,12.805648919361504,24.966778703233807,5.080564891936151,430,E-commerce,South,Alimentos
2023-02-12,19.805648919361502,11.966778703233805,4.080564891936151,431,Mídia Social,South,Cosméticos
2023-02-12,18.805648919361502,-0.0332212967661949,5.080564891936151,434,Loja Física,East,Alimentos
2023-02-12,12.805648919361504,13.966778703233805,3.0805648919361506,431,Loja Física,North,Livros
2023-02-12,12.805648919361504,21.966778703233807,5.080564891936151,433,Loja Física,South,Eletrônicos
2023-02-12,11.805648919361504,7.966778703233805,2.0805648919361506,431,E-commerce,East,Eletrônicos
2023-02-12,18.805648919361502,5.966778703233805,-3.9194351080638494,430,E-commerce,Centro-Oeste,Livros
2023-02-12,18.805648919361502,-0.0332212967661949,0.08056489193615035,433,Loja Física,Centro-Oeste,Roupas
2023-02-12,18.805648919361502,23.966778703233807,1.0805648919361504,432,Mídia Social,North,Cosméticos
2023-02-12,17.805648919361502,19.966778703233807,-0.9194351080638496,434,E-commerce,North,Livros
2023-02-13,19.741807900060856,7.890169480073029,2.0741807900060856,442,Mídia Social,East,Alimentos
2023-02-13,14.741807900060858,5.890169480073029,-2.9258192099939144,442,Loja Física,East,Alimentos
2023-02-13,11.741807900060858,9.890169480073029,3.0741807900060856,441,E-commerce,Centro-Oeste,Eletrônicos
2023-02-13,10.741807900060858,-5.109830519926971,1.0741807900060858,442,E-commerce,North,Eletrônicos
2023-02-13,15.741807900060858,-3.1098305199269713,-3.9258192099939144,444,E-commerce,South,Roupas
2023-02-13,19.741807900060856,27.890169480073027,4.074180790006086,444,Loja Física,South,Roupas
2023-02-13,11.741807900060858,10.890169480073029,3.0741807900060856,441,Loja Física,North,Cosméticos
2023-02-13,18.741807900060856,-4.109830519926971,-2.9258192099939144,440,Loja Física,Centro-Oeste,Roupas
2023-02-13,14.741807900060858,22.890169480073027,3.0741807900060856,441,Mídia Social,Centro-Oeste,Cosméticos
2023-02-13,11.741807900060858,25.890169480073027,3.0741807900060856,442,Mídia Social,North,Livros
2023-02-13,17.741807900060856,15.890169480073029,2.0741807900060856,440,E-commerce,East,Livros
2023-02-13,19.741807900060856,29.890169480073027,-2.9258192099939144,441,Mídia Social,South,Alimentos
2023-02-14,15.669186144114626,14.80302337293755,3.0669186144114624,454,Mídia Social,Centro-Oeste,Cosméticos
2023-02-14,19.669186144114626,31.803023372937552,1.0669186144114626,450,E-commerce,East,Alimentos
2023-02-14,16.669186144114626,-0.19697662706244934,4.066918614411462,452,Loja Física,North,Eletrônicos
2023-02-14,16.669186144114626,23.803023372937552,2.0669186144114624,450,Loja Física,East,Livros
2023-02-14,12.669186144114626,8.80302337293755,-1.9330813855885374,454,E-commerce,South,Livros
2023-02-14,10.669186144114626,30.803023372937552,-1.9330813855885374,452,Loja Física,Centro-Oeste,Roupas
2023-02-14,17.669186144114626,8.80302337293755,1.0669186144114626,454,E-commerce,Centro-Oeste,Eletrônicos
2023-02-14,12.669186144114626,-2.1969766270624493,-1.9330813855885374,450,Mídia Social,East,Cosméticos
2023-02-14,17.669186144114626,18.803023372937552,3.0669186144114624,451,Loja Física,South,Livros
2023-02-14,19.669186144114626,17.803023372937552,5.066918614411462,451,Mídia Social,North,Eletrônicos
2023-02-14,18.669186144114626,30.803023372937552,-0.9330813855885374,450,E-commerce,North,Alimentos
2023-02-14,18.669186144114626,25.803023372937552,3.0669186144114624,452,Mídia Social,South,Alimentos
2023-02-15,15.587918130296968,5.705501756356361,4.058791813029697,461,Loja Física,South,Eletrônicos
2023-02-15,11.587918130296968,-0.2944982436436394,-3.941208186970303,462,Loja Física,East,Eletrônicos
2023-02-15,16.58791813029697,-3.2944982436436394,2.058791813029697,462,Loja Física,Centro-Oeste,Alimentos
2023-02-15,18.58791813029697,17.705501756356362,-1.941208186970303,464,Mídia Social,North,Cosméticos
2023-02-15,11.587918130296968,10.70550175635636,5.058791813029697,461,E-commerce,Centro-Oeste,Cosméticos
2023-02-15,16.58791813029697,-7.294498243643639,-1.941208186970303,463,Mídia Social,South,Cosméticos
2023-02-15,11.587918130296968,18.705501756356362,0.05879181302969694,461,E-commerce,East,Cosméticos
2023-02-15,10.587918130296968,-7.294498243643639,1.058791813029697,463,E-commerce,South,Roupas
2023-02-15,15.587918130296968,6.705501756356361,1.058791813029697,463,Mídia Social,Centro-Oeste,Roupas
2023-02-15,19.58791813029697,25.705501756356362,5.058791813029697,460,Loja Física,North,Cosméticos
2023-02-15,19.58791813029697,-4.294498243643639,0.05879181302969694,461,E-commerce,North,Alimentos
2023-02-15,15.587918130296968,12.70550175635636,-1.941208186970303,461,Mídia Social,East,Eletrônicos
2023-02-16,11.498154348261217,0.5977852179134597,5.0498154348261215,473,E-commerce,North,Cosméticos
2023-02-16,17.498154348261217,-7.40221478208654,0.04981543482612172,473,Mídia Social,South,Cosméticos
2023-02-16,18.498154348261217,-2.4022147820865403,2.0498154348261215,470,Mídia Social,North,Roupas
2023-02-16,11.498154348261217,28.59778521791346,2.0498154348261215,472,Loja Física,East,Eletrônicos
2023-02-16,12.498154348261217,11.59778521791346,1.0498154348261217,474,Mídia Social,East,Eletrônicos
2023-02-16,13.498154348261217,29.59778521791346,5.0498154348261215,472,Loja Física,South,Alimentos
2023-02-16,12.498154348261217,13.59778521791346,-3.9501845651738785,473,E-commerce,South,Cosméticos
2023-02-16,14.498154348261217,7.59778521791346,-0.9501845651738783,473,E-commerce,Centro-Oeste,Cosméticos
2023-02-16,12.498154348261217,4.59778521791346,3.0498154348261215,471,Loja Física,North,Cosméticos
2023-02-16,16.498154348261217,-5.40221478208654,-2.9501845651738785,474,E-commerce,East,Cosméticos
2023-02-16,11.498154348261217,27.59778521791346,0.04981543482612172,472,Loja Física,Centro-Oeste,Roupas
2023-02-16,19.498154348261217,-2.4022147820865403,5.0498154348261215,473,Mídia Social,Centro-Oeste,Roupas
2023-02-17,18.400061019867678,31.480073223841213,5.0400061019867675,482,Mídia Social,East,Alimentos
2023-02-17,19.400061019867678,19.480073223841213,-3.959993898013232,480,Loja Física,North,Livros
2023-02-17,11.400061019867678,1.480073223841213,-0.9599938980132321,482,Mídia Social,South,Eletrônicos
2023-02-17,17.400061019867678,5.480073223841213,-2.959993898013232,480,Mídia Social,North,Livros
2023-02-17,10.400061019867678,27.480073223841213,5.0400061019867675,480,Mídia Social,Centro-Oeste,Roupas
2023-02-17,13.400061019867678,23.480073223841213,-3.959993898013232,483,Loja Física,South,Livros
2023-02-17,12.400061019867678,18.480073223841213,-0.9599938980132321,484,Loja Física,Centro-Oeste,Eletrônicos
2023-02-17,12.400061019867678,2.480073223841213,2.040006101986768,483,E-commerce,North,Eletrônicos
2023-02-17,10.400061019867678,6.480073223841213,0.040006101986767906,482,E-commerce,East,Livros
2023-02-17,10.400061019867678,-2.519926776158787,-2.959993898013232,481,E-commerce,South,Alimentos
2023-02-17,10.400061019867678,18.480073223841213,-2.959993898013232,483,E-commerce,Centro-Oeste,Alimentos
2023-02-17,13.400061019867678,4.480073223841213,0.040006101986767906,483,Loja Física,East,Eletrônicos
2023-02-18,16.293819791379015,24.35258374965482,-1.9706180208620985,493,E-commerce,South,Cosméticos
2023-02-18,18.293819791379015,6.352583749654817,1.0293819791379015,491,Loja Física,Centro-Oeste,Eletrônicos
2023-02-18,12.293819791379015,1.3525837496548174,5.029381979137901,490,E-commerce,East,Roupas
2023-02-18,17.293819791379015,27.35258374965482,4.029381979137901,493,Mídia Social,East,Roupas
2023-02-18,13.293819791379015,29.35258374965482,2.0293819791379013,493,Loja Física,South,Eletrônicos
2023-02-18,18.293819791379015,16.35258374965482,4.029381979137901,493,Loja Física,North,Alimentos
2023-02-18,18.293819791379015,-0.6474162503451826,0.029381979137901526,490,E-commerce,Centro-Oeste,Roupas
2023-02-18,14.293819791379015,-1.6474162503451826,1.0293819791379015,494,Mídia Social,Centro-Oeste,Cosméticos
2023-02-18,18.293819791379015,27.35258374965482,-2.9706180208620987,490,Mídia Social,South,Livros
2023-02-18,17.293819791379015,11.352583749654817,3.0293819791379013,494,Mídia Social,North,Livros
2023-02-18,13.293819791379015,18.35258374965482,4.029381979137901,493,E-commerce,North,Cosméticos
2023-02-18,10.293819791379015,-2.6474162503451826,0.029381979137901526,491,Loja Física,East,Livros
2023-02-19,14.179627397093185,-7.784447123488178,4.0179627397093185,500,Loja Física,North,Livros
2023-02-19,15.179627397093185,-6.784447123488178,-1.9820372602906815,501,E-commerce,North,Roupas
2023-02-19,14.179627397093185,28.215552876511822,5.0179627397093185,502,Mídia Social,East,Cosméticos
2023-02-19,14.179627397093185,11.215552876511822,0.017962739709318498,501,Loja Física,South,Cosméticos
2023-02-19,13.179627397093185,9.215552876511822,1.0179627397093185,500,Mídia Social,Centro-Oeste,Roupas
2023-02-19,13.179627397093185,-5.784447123488178,-3.9820372602906815,500,Loja Física,Centro-Oeste,Livros
2023-02-19,19.179627397093185,-5.784447123488178,-0.9820372602906815,500,Loja Física,East,Cosméticos
2023-02-19,15.179627397093185,3.215552876511822,-1.9820372602906815,501,E-commerce,Centro-Oeste,Cosméticos
2023-02-19,16.179627397093185,-1.784447123488178,2.0179627397093185,500,E-commerce,South,Livros
2023-02-19,19.179627397093185,-7.784447123488178,-3.9820372602906815,501,Mídia Social,South,Eletrônicos
2023-02-19,12.179627397093185,27.215552876511822,-0.9820372602906815,502,E-commerce,East,Eletrônicos
2023-02-19,11.179627397093185,-0.784447123488178,3.0179627397093185,502,Mídia Social,North,Roupas
2023-02-20,19.057695295036805,0.06923435404416445,0.005769529503680593,512,Loja Física,Centro-Oeste,Cosméticos
2023-02-20,12.057695295036805,-0.9307656459558356,3.005769529503681,514,Mídia Social,South,Eletrônicos
2023-02-20,19.057695295036805,30.069234354044163,-3.994230470496319,510,Loja Física,South,Alimentos
2023-02-20,10.057695295036805,20.069234354044163,-3.994230470496319,510,Loja Física,North,Eletrônicos
2023-02-20,18.057695295036805,3.0692343540441644,2.005769529503681,511,E-commerce,South,Alimentos
2023-02-20,16.057695295036805,4.0692343540441644,5.005769529503681,514,Mídia Social,Centro-Oeste,Livros
2023-02-20,19.057695295036805,27.069234354044163,2.005769529503681,512,Mídia Social,North,Roupas
2023-02-20,16.057695295036805,-1.9307656459558356,0.005769529503680593,514,E-commerce,East,Cosméticos
2023-02-20,13.057695295036805,11.069234354044164,-0.9942304704963194,512,Mídia Social,East,Alimentos
2023-02-20,11.057695295036805,1.0692343540441644,5.005769529503681,510,E-commerce,North,Cosméticos
2023-02-20,10.057695295036805,20.069234354044163,2.005769529503681,511,Loja Física,East,Livros
2023-02-20,14.057695295036805,21.069234354044163,-0.9942304704963194,513,E-commerce,Centro-Oeste,Alimentos
2023-02-21,13.928249275393574,2.913899130472288,4.992824927539358,524,Loja Física,North,Cosméticos
2023-02-21,17.928249275393576,13.913899130472288,-1.0071750724606425,522,Loja Física,East,Roupas
2023-02-21,11.928249275393574,-7.086100869527712,4.992824927539358,521,Mídia Social,South,Roupas
2023-02-21,16.928249275393576,21.913899130472288,-3.0071750724606425,524,Mídia Social,North,Eletrônicos
2023-02-21,16.928249275393576,-2.086100869527712,4.992824927539358,522,E-commerce,Centro-Oeste,Alimentos
2023-02-21,15.928249275393574,5.913899130472288,2.9928249275393575,520,E-commerce,North,Alimentos
2023-02-21,15.928249275393574,14.913899130472288,-3.0071750724606425,523,E-commerce,South,Cosméticos
2023-02-21,17.928249275393576,2.913899130472288,-1.0071750724606425,520,E-commerce,East,Cosméticos
2023-02-21,16.928249275393576,29.913899130472288,4.992824927539358,521,Mídia Social,Centro-Oeste,Eletrônicos
2023-02-21,11.928249275393574,1.9138991304722879,-4.007175072460642,520,Mídia Social,East,Livros
2023-02-21,17.928249275393576,-8.086100869527712,-1.0071750724606425,524,Loja Física,Centro-Oeste,Alimentos
2023-02-21,13.928249275393574,21.913899130472288,3.9928249275393575,524,Loja Física,South,Alimentos
2023-02-22,17.791529042392813,20.749834850871373,-2.0208470957607187,534,Loja Física,South,Livros
2023-02-22,14.791529042392813,25.749834850871373,0.9791529042392814,530,Mídia Social,North,Livros
2023-02-22,14.791529042392813,-1.250165149128625,3.9791529042392813,530,E-commerce,East,Livros
2023-02-22,10.791529042392813,-1.250165149128625,1.9791529042392813,531,E-commerce,North,Roupas
2023-02-22,11.791529042392813,26.749834850871373,-0.020847095760718637,530,Loja Física,North,Livros
2023-02-22,10.791529042392813,11.749834850871375,-2.0208470957607187,533,Loja Física,East,Livros
2023-02-22,17.791529042392813,5.749834850871375,3.9791529042392813,532,E-commerce,Centro-Oeste,Livros
2023-02-22,15.791529042392813,13.749834850871375,-4.020847095760718,533,Loja Física,Centro-Oeste,Eletrônicos
2023-02-22,9.791529042392813,15.749834850871375,-3.0208470957607187,533,Mídia Social,East,Roupas
2023-02-22,11.791529042392813,24.749834850871373,4.979152904239282,532,Mídia Social,South,Eletrônicos
2023-02-22,9.791529042392813,28.749834850871373,4.979152904239282,533,Mídia Social,Centro-Oeste,Livros
2023-02-22,9.791529042392813,16.749834850871373,-3.0208470957607187,532,E-commerce,South,Roupas
2023-02-23,12.647787770432437,26.577345324518923,1.9647787770432439,541,Loja Física,North,Cosméticos
2023-02-23,16.647787770432437,25.577345324518923,-1.0352212229567561,541,Loja Física,East,Eletrônicos
2023-02-23,17.647787770432437,15.577345324518925,-4.035221222956756,541,E-commerce,Centro-Oeste,Cosméticos
2023-02-23,9.647787770432437,19.577345324518923,3.964778777043244,543,Mídia Social,North,Cosméticos
2023-02-23,16.647787770432437,21.577345324518923,2.964778777043244,540,Mídia Social,East,Cosméticos
2023-02-23,12.647787770432437,22.577345324518923,1.9647787770432439,542,Mídia Social,Centro-Oeste,Alimentos
2023-02-23,11.647787770432437,2.577345324518925,-4.035221222956756,542,E-commerce,South,Alimentos
2023-02-23,11.647787770432437,0.5773453245189248,-1.0352212229567561,542,Mídia Social,South,Alimentos
2023-02-23,16.647787770432437,22.577345324518923,-0.035221222956756226,542,E-commerce,East,Alimentos
2023-02-23,9.647787770432437,5.577345324518925,-4.035221222956756,543,E-commerce,North,Alimentos
2023-02-23,17.647787770432437,15.577345324518925,0.9647787770432438,541,Loja Física,South,Roupas
2023-02-23,16.647787770432437,29.577345324518923,-1.0352212229567561,542,Loja Física,Centro-Oeste,Eletrônicos
2023-02-24,15.497291635258236,-0.6032500376901169,-3.0502708364741764,551,Loja Física,North,Alimentos
2023-02-24,13.497291635258236,11.396749962309883,-1.0502708364741764,550,Mídia Social,Centro-Oeste,Cosméticos
2023-02-24,10.497291635258236,27.396749962309883,-2.0502708364741764,553,E-commerce,South,Livros
2023-02-24,10.497291635258236,12.396749962309883,-0.050270836474176406,553,E-commerce,East,Roupas
2023-02-24,14.497291635258236,-3.603250037690117,-3.0502708364741764,553,Mídia Social,North,Eletrônicos
2023-02-24,9.497291635258236,-4.603250037690117,0.9497291635258236,553,Loja Física,South,Eletrônicos
2023-02-24,14.497291635258236,8.396749962309883,0.9497291635258236,552,Loja Física,Centro-Oeste,Livros
2023-02-24,9.497291635258236,14.396749962309883,3.9497291635258236,554,Mídia Social,South,Cosméticos
2023-02-24,11.497291635258236,1.3967499623098831,-0.050270836474176406,553,E-commerce,North,Eletrônicos
2023-02-24,17.497291635258236,21.396749962309883,-1.0502708364741764,554,Loja Física,East,Cosméticos
2023-02-24,11.497291635258236,9.396749962309883,2.9497291635258236,551,E-commerce,Centro-Oeste,Livros
2023-02-24,9.497291635258236,-5.603250037690117,-3.0502708364741764,551,Mídia Social,East,Livros
2023-02-25,9.340319321067668,-1.7916168147187985,-2.065968067893233,563,Loja Física,East,Livros
2023-02-25,17.340319321067668,26.2083831852812,-2.065968067893233,561,Mídia Social,South,Cosméticos
2023-02-25,13.340319321067668,9.208383185281201,2.934031932106767,560,Mídia Social,East,Alimentos
2023-02-25,16.340319321067668,16.2083831852812,-0.06596806789323317,563,Mídia Social,Centro-Oeste,Livros
2023-02-25,15.340319321067668,20.2083831852812,-3.065968067893233,563,E-commerce,Centro-Oeste,Livros
2023-02-25,14.340319321067668,16.2083831852812,-0.06596806789323317,560,Mídia Social,North,Roupas
2023-02-25,18.340319321067668,13.208383185281201,2.934031932106767,563,Loja Física,North,Roupas
2023-02-25,10.340319321067668,-5.7916168147187985,-2.065968067893233,562,Loja Física,Centro-Oeste,Roupas
2023-02-25,9.340319321067668,30.2083831852812,3.934031932106767,563,E-commerce,North,Eletrônicos
2023-02-25,17.340319321067668,9.208383185281201,2.934031932106767,561,Loja Física,South,Cosméticos
2023-02-25,18.340319321067668,7.2083831852812015,4.934031932106767,561,E-commerce,South,Alimentos
2023-02-25,16.340319321067668,-4.7916168147187985,-0.06596806789323317,560,E-commerce,East,Cosméticos
2023-02-26,10.177161504450886,8.012593805341064,-1.0822838495549112,572,E-commerce,East,Cosméticos
2023-02-26,13.177161504450886,25.012593805341062,-1.0822838495549112,574,Loja Física,North,Alimentos
2023-02-26,11.177161504450886,24.012593805341062,4.917716150445089,574,E-commerce,Centro-Oeste,Livros
2023-02-26,15.177161504450886,6.012593805341064,-4.082283849554911,570,Loja Física,Centro-Oeste,Cosméticos
2023-02-26,10.177161504450886,-1.987406194658936,4.917716150445089,573,Loja Física,East,Eletrônicos
2023-02-26,9.177161504450886,5.012593805341064,1.9177161504450888,572,Loja Física,South,Cosméticos
2023-02-26,16.177161504450886,5.012593805341064,0.9177161504450887,574,Mídia Social,South,Livros
2023-02-26,13.177161504450886,30.012593805341062,3.917716150445089,573,E-commerce,South,Livros
2023-02-26,14.177161504450886,4.012593805341064,1.9177161504450888,574,Mídia Social,North,Eletrônicos
2023-02-26,11.177161504450886,-3.987406194658936,-2.082283849554911,570,Mídia Social,East,Cosméticos
2023-02-26,15.177161504450886,14.012593805341064,-1.0822838495549112,570,E-commerce,North,Roupas
2023-02-26,13.177161504450886,29.012593805341062,-3.082283849554911,571,Mídia Social,Centro-Oeste,Alimentos
2023-02-27,10.008120316124613,20.809744379349535,3.9008120316124613,580,Mídia Social,South,Alimentos
2023-02-27,9.008120316124613,-7.190255620650465,1.9008120316124613,581,E-commerce,South,Alimentos
2023-02-27,17.00812031612461,10.809744379349535,-1.0991879683875387,582,Loja Física,North,Roupas
2023-02-27,17.00812031612461,4.809744379349535,-0.09918796838753874,584,E-commerce,Centro-Oeste,Alimentos
2023-02-27,18.00812031612461,17.809744379349535,-3.0991879683875387,584,Mídia Social,Centro-Oeste,Alimentos
2023-02-27,10.008120316124613,20.809744379349535,1.9008120316124613,581,Mídia Social,North,Livros
2023-02-27,10.008120316124613,12.809744379349535,-1.0991879683875387,583,E-commerce,East,Livros
2023-02-27,12.008120316124613,9.809744379349535,-3.0991879683875387,583,Mídia Social,East,Cosméticos
2023-02-27,18.00812031612461,23.809744379349535,-0.09918796838753874,583,E-commerce,North,Livros
2023-02-27,15.008120316124613,-5.190255620650465,2.9008120316124613,584,Loja Física,South,Alimentos
2023-02-27,18.00812031612461,27.809744379349535,-2.0991879683875387,581,Loja Física,Centro-Oeste,Livros
2023-02-27,11.008120316124613,8.809744379349535,-4.099187968387539,582,Loja Física,East,Alimentos
2023-02-28,9.833508781455588,-7.399789462253294,-1.116649121854441,594,E-commerce,South,Roupas
2023-02-28,13.833508781455588,28.600210537746705,-0.1166491218544411,591,Mídia Social,Centro-Oeste,Livros
2023-02-28,14.833508781455588,-7.399789462253294,4.883350878145559,593,Loja Física,Centro-Oeste,Livros
2023-02-28,15.833508781455588,5.600210537746706,-4.116649121854441,591,Mídia Social,South,Livros
2023-02-28,16.83350878145559,20.600210537746705,-2.116649121854441,592,E-commerce,Centro-Oeste,Cosméticos
2023-02-28,16.83350878145559,-9.399789462253294,-2.116649121854441,593,Mídia Social,East,Livros
2023-02-28,16.83350878145559,22.600210537746705,-0.1166491218544411,590,Loja Física,East,Alimentos
2023-02-28,15.833508781455588,27.600210537746705,-4.116649121854441,594,E-commerce,North,Alimentos
2023-02-28,14.833508781455588,23.600210537746705,3.883350878145559,592,Loja Física,North,Livros
2023-02-28,13.833508781455588,6.600210537746706,3.883350878145559,594,Loja Física,South,Livros
2023-02-28,9.833508781455588,2.6002105377467064,-2.116649121854441,594,E-commerce,East,Alimentos
2023-02-28,16.83350878145559,17.600210537746705,0.8833508781455589,594,Mídia Social,North,Eletrônicos
2023-03-01,16.653650240809668,31.9843802889716,3.165365024080967,603,E-commerce,North,Roupas
2023-03-01,20.653650240809668,6.9843802889715985,-3.834634975919033,603,Mídia Social,East,Eletrônicos
2023-03-01,17.653650240809668,-3.0156197110284015,-2.834634975919033,600,E-commerce,Centro-Oeste,Eletrônicos
2023-03-01,20.653650240809668,8.984380288971598,-2.834634975919033,601,E-commerce,South,Alimentos
2023-03-01,20.653650240809668,-1.0156197110284015,2.165365024080967,600,Mídia Social,South,Livros
2023-03-01,13.653650240809666,9.984380288971598,-3.834634975919033,602,E-commerce,East,Roupas
2023-03-01,18.653650240809668,20.9843802889716,2.165365024080967,601,Loja Física,South,Roupas
2023-03-01,12.653650240809666,13.984380288971598,4.165365024080967,601,Loja Física,North,Roupas
2023-03-01,11.653650240809666,28.9843802889716,-3.834634975919033,603,Mídia Social,Centro-Oeste,Livros
2023-03-01,13.653650240809666,20.9843802889716,5.165365024080967,600,Mídia Social,North,Roupas
2023-03-01,19.653650240809668,-3.0156197110284015,-1.8346349759190332,600,Loja Física,East,Livros
2023-03-01,18.653650240809668,14.984380288971598,0.16536502408096676,602,Loja Física,Centro-Oeste,Eletrônicos
2023-03-02,16.468877750799887,28.76265330095986,0.14688777507998885,614,Loja Física,South,Livros
2023-03-02,16.468877750799887,-3.2373466990401365,-3.853112224920011,614,E-commerce,East,Roupas
2023-03-02,17.468877750799887,11.762653300959864,5.146887775079989,610,E-commerce,Centro-Oeste,Cosméticos
2023-03-02,20.468877750799887,17.76265330095986,2.146887775079989,610,Loja Física,Centro-Oeste,Roupas
2023-03-02,13.468877750799887,27.76265330095986,2.146887775079989,610,Mídia Social,South,Alimentos
2023-03-02,20.468877750799887,29.76265330095986,-0.8531122249200112,612,Mídia Social,East,Livros
2023-03-02,12.468877750799887,9.762653300959864,2.146887775079989,611,Mídia Social,North,Alimentos
2023-03-02,17.468877750799887,32.76265330095986,-2.853112224920011,611,Loja Física,East,Roupas
2023-03-02,12.468877750799887,25.76265330095986,1.1468877750799888,614,Mídia Social,Centro-Oeste,Eletrônicos
2023-03-02,17.468877750799887,9.762653300959864,0.14688777507998885,613,E-commerce,North,Livros
2023-03-02,11.468877750799887,23.76265330095986,-0.8531122249200112,614,E-commerce,South,Livros
2023-03-02,12.468877750799887,4.7626533009598635,-3.853112224920011,613,Loja Física,North,Eletrônicos
2023-03-03,17.279533467542294,15.535440161050753,2.1279533467542295,623,Mídia Social,East,Alimentos
2023-03-03,18.279533467542294,-0.46455983894924735,1.1279533467542293,621,Mídia Social,North,Roupas
2023-03-03,20.279533467542294,25.53544016105075,-1.8720466532457707,621,Mídia Social,Centro-Oeste,Alimentos
2023-03-03,20.279533467542294,18.53544016105075,-0.8720466532457707,620,E-commerce,North,Roupas
2023-03-03,12.279533467542294,21.53544016105075,-2.8720466532457705,622,E-commerce,East,Livros
2023-03-03,20.279533467542294,27.53544016105075,-2.8720466532457705,623,Loja Física,East,Livros
2023-03-03,16.279533467542294,-0.46455983894924735,3.1279533467542295,621,E-commerce,Centro-Oeste,Roupas
2023-03-03,14.279533467542294,9.535440161050753,-0.8720466532457707,621,Loja Física,North,Alimentos
2023-03-03,13.279533467542294,30.53544016105075,-2.8720466532457705,624,E-commerce,South,Eletrônicos
2023-03-03,12.279533467542294,13.535440161050753,3.1279533467542295,622,Mídia Social,South,Livros
2023-03-03,13.279533467542294,26.53544016105075,-0.8720466532457707,622,Loja Física,South,Eletrônicos
2023-03-03,16.279533467542294,6.535440161050753,-3.8720466532457705,621,Loja Física,Centro-Oeste,Roupas
2023-03-04,19.085968013061585,15.303161615673902,5.108596801306159,633,Loja Física,North,Alimentos
2023-03-04,11.085968013061585,-3.6968383843260977,-3.8914031986938413,631,E-commerce,South,Cosméticos
2023-03-04,17.085968013061585,31.3031616156739,-0.8914031986938415,634,Loja Física,East,Cosméticos
2023-03-04,13.085968013061585,0.3031616156739023,-1.8914031986938415,634,Loja Física,South,Roupas
2023-03-04,11.085968013061585,13.303161615673902,2.1085968013061587,634,E-commerce,North,Eletrônicos
2023-03-04,14.085968013061585,-5.696838384326098,3.1085968013061587,634,Mídia Social,Centro-Oeste,Alimentos
2023-03-04,17.085968013061585,0.3031616156739023,2.1085968013061587,631,Mídia Social,East,Cosméticos
2023-03-04,11.085968013061585,32.3031616156739,0.10859680130615845,630,Mídia Social,South,Cosméticos
2023-03-04,20.085968013061585,-3.6968383843260977,-2.8914031986938413,633,Loja Física,Centro-Oeste,Livros
2023-03-04,19.085968013061585,-2.6968383843260977,5.108596801306159,630,E-commerce,East,Alimentos
2023-03-04,18.085968013061585,-0.6968383843260977,-0.8914031986938415,634,Mídia Social,North,Cosméticos
2023-03-04,17.085968013061585,15.303161615673902,2.1085968013061587,631,E-commerce,Centro-Oeste,Livros
2023-03-05,10.888539826019825,7.066247791223789,-3.9111460173980177,644,E-commerce,Centro-Oeste,Cosméticos
2023-03-05,14.888539826019825,-2.9337522087762107,2.0888539826019823,641,Mídia Social,Centro-Oeste,Alimentos
2023-03-05,14.888539826019825,15.06624779122379,-1.9111460173980175,640,E-commerce,North,Livros
2023-03-05,13.888539826019825,15.06624779122379,2.0888539826019823,640,Mídia Social,East,Roupas
2023-03-05,19.888539826019823,4.066247791223789,3.0888539826019823,643,Loja Física,South,Alimentos
2023-03-05,14.888539826019825,32.06624779122379,-2.9111460173980177,644,Mídia Social,South,Roupas
2023-03-05,12.888539826019825,25.066247791223788,-2.9111460173980177,641,Loja Física,Centro-Oeste,Roupas
2023-03-05,18.888539826019823,13.06624779122379,-2.9111460173980177,640,Loja Física,East,Cosméticos
2023-03-05,12.888539826019825,-1.9337522087762107,2.0888539826019823,642,E-commerce,East,Eletrônicos
2023-03-05,17.888539826019823,21.066247791223788,4.088853982601982,641,E-commerce,South,Roupas
2023-03-05,16.888539826019823,-5.933752208776211,5.088853982601982,643,Loja Física,North,Eletrônicos
2023-03-05,12.888539826019825,19.066247791223788,2.0888539826019823,644,Mídia Social,North,Livros
2023-03-06,10.687614497970566,-3.1748626024353204,3.068761449797057,650,E-commerce,Centro-Oeste,Eletrônicos
2023-03-06,18.687614497970564,16.82513739756468,-0.9312385502029434,650,Mídia Social,Centro-Oeste,Cosméticos
2023-03-06,15.687614497970566,25.82513739756468,-2.931238550202943,650,E-commerce,East,Cosméticos
2023-03-06,17.687614497970564,23.82513739756468,-0.9312385502029434,652,E-commerce,North,Alimentos
2023-03-06,19.687614497970564,-6.17486260243532,4.068761449797057,652,E-commerce,South,Roupas
2023-03-06,14.687614497970566,6.82513739756468,5.068761449797057,653,Loja Física,Centro-Oeste,Cosméticos
2023-03-06,14.687614497970566,31.82513739756468,-0.9312385502029434,653,Mídia Social,North,Alimentos
2023-03-06,15.687614497970566,24.82513739756468,2.068761449797057,650,Loja Física,South,Livros
2023-03-06,15.687614497970566,4.82513739756468,2.068761449797057,651,Loja Física,North,Alimentos
2023-03-06,11.687614497970566,6.82513739756468,3.068761449797057,653,Loja Física,East,Alimentos
2023-03-06,14.687614497970566,-1.1748626024353204,-2.931238550202943,653,Mídia Social,East,Eletrônicos
2023-03-06,10.687614497970566,24.82513739756468,3.068761449797057,652,Mídia Social,South,Alimentos
2023-03-07,17.483564096367452,11.580276915640944,-3.9516435903632545,663,Loja Física,South,Alimentos
2023-03-07,15.483564096367454,8.580276915640944,1.0483564096367455,660,Loja Física,North,Livros
2023-03-07,10.483564096367454,1.580276915640944,4.048356409636746,663,E-commerce,North,Livros
2023-03-07,16.483564096367452,19.580276915640944,-3.9516435903632545,661,E-commerce,Centro-Oeste,Roupas
2023-03-07,14.483564096367454,-7.419723084359056,2.0483564096367455,660,Mídia Social,Centro-Oeste,Roupas
2023-03-07,19.483564096367452,16.580276915640944,0.04835640963674548,662,Loja Física,East,Livros
2023-03-07,13.483564096367454,3.580276915640944,2.0483564096367455,663,E-commerce,South,Cosméticos
2023-03-07,17.483564096367452,24.580276915640944,-3.9516435903632545,660,Mídia Social,North,Eletrônicos
2023-03-07,13.483564096367454,5.580276915640944,4.048356409636746,661,Mídia Social,East,Alimentos
2023-03-07,18.483564096367452,8.580276915640944,0.04835640963674548,661,E-commerce,East,Cosméticos
2023-03-07,17.483564096367452,29.580276915640944,-2.9516435903632545,660,Mídia Social,South,Eletrônicos
2023-03-07,18.483564096367452,-7.419723084359056,-3.9516435903632545,662,Loja Física,Centro-Oeste,Cosméticos
2023-03-08,19.276766475580935,10.33211977069712,-2.972323352441906,673,Mídia Social,South,Roupas
2023-03-08,11.276766475580935,27.33211977069712,-3.972323352441906,673,E-commerce,South,Livros
2023-03-08,19.276766475580935,12.33211977069712,3.027676647558094,672,Mídia Social,East,Cosméticos
2023-03-08,11.276766475580935,-7.667880229302879,3.027676647558094,670,Loja Física,East,Roupas
2023-03-08,17.276766475580935,22.33211977069712,3.027676647558094,672,Mídia Social,North,Eletrônicos
2023-03-08,19.276766475580935,8.33211977069712,4.027676647558094,672,E-commerce,East,Alimentos
2023-03-08,19.276766475580935,-7.667880229302879,2.027676647558094,674,Loja Física,South,Alimentos
2023-03-08,19.276766475580935,25.33211977069712,-0.9723233524419064,673,Loja Física,North,Alimentos
2023-03-08,10.276766475580935,-1.6678802293028792,-0.9723233524419064,673,E-commerce,North,Eletrônicos
2023-03-08,19.276766475580935,3.332119770697121,-0.9723233524419064,672,E-commerce,Centro-Oeste,Livros
2023-03-08,15.276766475580935,31.33211977069712,4.027676647558094,671,Mídia Social,Centro-Oeste,Alimentos
2023-03-08,19.276766475580935,9.33211977069712,-3.972323352441906,674,Loja Física,Centro-Oeste,Livros
2023-03-09,19.06760457719898,22.081125492638776,3.0067604577198983,682,Mídia Social,Centro-Oeste,Cosméticos
2023-03-09,16.06760457719898,30.081125492638776,-1.993239542280102,682,E-commerce,East,Roupas
2023-03-09,14.067604577198981,21.081125492638776,-2.9932395422801017,682,Mídia Social,East,Cosméticos
2023-03-09,12.067604577198981,14.081125492638778,4.006760457719898,684,Loja Física,South,Alimentos
2023-03-09,10.067604577198981,8.081125492638778,-1.993239542280102,684,Loja Física,East,Cosméticos
2023-03-09,19.06760457719898,14.081125492638778,2.0067604577198983,682,E-commerce,South,Roupas
2023-03-09,18.06760457719898,21.081125492638776,-3.9932395422801017,681,Loja Física,North,Cosméticos
2023-03-09,12.067604577198981,19.081125492638776,-3.9932395422801017,683,Mídia Social,North,Eletrônicos
2023-03-09,12.067604577198981,28.081125492638776,-3.9932395422801017,683,Loja Física,Centro-Oeste,Cosméticos
2023-03-09,17.06760457719898,-4.918874507361222,1.006760457719898,682,E-commerce,North,Livros
2023-03-09,12.067604577198981,16.081125492638776,1.006760457719898,684,Mídia Social,South,Eletrônicos
2023-03-09,11.067604577198981,0.08112549263877789,2.0067604577198983,680,E-commerce,Centro-Oeste,Eletrônicos
2023-03-10,9.856465720907389,11.827758865088866,-3.014353427909261,690,Loja Física,East,Livros
2023-03-10,18.856465720907387,28.827758865088867,-3.014353427909261,691,Loja Física,South,Roupas
2023-03-10,12.856465720907389,23.827758865088867,-0.014353427909261085,692,E-commerce,East,Roupas
2023-03-10,15.856465720907389,10.827758865088866,4.985646572090739,693,Loja Física,North,Cosméticos
2023-03-10,17.856465720907387,-2.1722411349111344,2.985646572090739,694,E-commerce,Centro-Oeste,Roupas
2023-03-10,17.856465720907387,28.827758865088867,3.985646572090739,693,E-commerce,South,Cosméticos
2023-03-10,9.856465720907389,-5.172241134911134,-2.014353427909261,690,Mídia Social,East,Eletrônicos
2023-03-10,16.856465720907387,18.827758865088867,-3.014353427909261,693,Mídia Social,South,Roupas
2023-03-10,9.856465720907389,-1.1722411349111344,2.985646572090739,693,Loja Física,Centro-Oeste,Roupas
2023-03-10,14.856465720907389,-5.172241134911134,0.9856465720907389,691,E-commerce,North,Roupas
2023-03-10,13.856465720907389,9.827758865088866,3.985646572090739,692,Mídia Social,Centro-Oeste,Eletrônicos
2023-03-10,15.856465720907389,0.8277588650888656,3.985646572090739,693,Mídia Social,North,Roupas
2023-03-11,9.643740887262906,6.572489064715487,-2.0356259112737094,704,Loja Física,Centro-Oeste,Livros
2023-03-11,10.643740887262906,18.572489064715487,-2.0356259112737094,700,Mídia Social,East,Cosméticos
2023-03-11,12.643740887262906,23.572489064715487,-0.0356259112737094,703,Loja Física,South,Eletrônicos
2023-03-11,18.643740887262908,6.572489064715487,3.9643740887262906,702,E-commerce,East,Alimentos
2023-03-11,15.643740887262906,13.572489064715487,-3.0356259112737094,702,Mídia Social,Centro-Oeste,Cosméticos
2023-03-11,11.643740887262906,10.572489064715487,2.9643740887262906,701,Mídia Social,North,Eletrônicos
2023-03-11,13.643740887262906,28.572489064715487,2.9643740887262906,701,Loja Física,East,Roupas
2023-03-11,17.643740887262908,25.572489064715487,3.9643740887262906,704,E-commerce,South,Livros
2023-03-11,9.643740887262906,7.572489064715487,-3.0356259112737094,700,E-commerce,North,Livros
2023-03-11,11.643740887262906,11.572489064715487,3.9643740887262906,701,Mídia Social,South,Livros
2023-03-11,12.643740887262906,13.572489064715487,-3.0356259112737094,704,Loja Física,North,Livros
2023-03-11,18.643740887262908,17.572489064715487,-1.0356259112737094,702,E-commerce,Centro-Oeste,Livros
2023-03-12,12.429823993687233,-6.684211207575322,-3.057017600631277,714,E-commerce,East,Livros
2023-03-12,18.429823993687233,23.315788792424677,1.9429823993687232,710,Mídia Social,South,Roupas
2023-03-12,10.429823993687233,6.315788792424678,-1.0570176006312768,713,E-commerce,Centro-Oeste,Cosméticos
2023-03-12,10.429823993687233,24.315788792424677,2.942982399368723,711,Loja Física,South,Livros
2023-03-12,18.429823993687233,22.315788792424677,3.942982399368723,713,Mídia Social,North,Roupas
2023-03-12,12.429823993687233,13.315788792424678,-1.0570176006312768,713,Mídia Social,Centro-Oeste,Livros
2023-03-12,9.429823993687233,18.315788792424677,-0.0570176006312767,712,E-commerce,South,Cosméticos
2023-03-12,10.429823993687233,-6.684211207575322,-0.0570176006312767,712,Mídia Social,East,Roupas
2023-03-12,10.429823993687233,4.315788792424678,0.9429823993687233,714,E-commerce,North,Livros
2023-03-12,9.429823993687233,26.315788792424677,2.942982399368723,713,Loja Física,North,Roupas
2023-03-12,13.429823993687233,-4.684211207575322,-4.057017600631276,713,Loja Física,East,Alimentos
2023-03-12,15.429823993687233,20.315788792424677,1.9429823993687232,712,Loja Física,Centro-Oeste,Cosméticos
2023-03-13,10.215111165022654,-7.941866601972816,1.9215111165022654,720,Loja Física,East,Alimentos
2023-03-13,10.215111165022654,29.058133398027184,-1.0784888834977346,724,Loja Física,South,Alimentos
2023-03-13,11.215111165022654,4.058133398027184,-1.0784888834977346,720,E-commerce,South,Alimentos
2023-03-13,14.215111165022654,2.0581333980271843,0.9215111165022654,723,Mídia Social,Centro-Oeste,Cosméticos
2023-03-13,17.215111165022655,10.058133398027184,-2.0784888834977346,724,E-commerce,East,Cosméticos
2023-03-13,13.215111165022654,24.058133398027184,2.9215111165022654,723,Loja Física,North,Cosméticos
2023-03-13,9.215111165022654,19.058133398027184,2.9215111165022654,721,E-commerce,North,Cosméticos
2023-03-13,12.215111165022654,12.058133398027184,-2.0784888834977346,724,Mídia Social,North,Livros
2023-03-13,11.215111165022654,11.058133398027184,1.9215111165022654,721,Mídia Social,South,Alimentos
2023-03-13,11.215111165022654,9.058133398027184,0.9215111165022654,724,E-commerce,Centro-Oeste,Livros
2023-03-13,17.215111165022655,26.058133398027184,2.9215111165022654,722,Loja Física,Centro-Oeste,Roupas
2023-03-13,11.215111165022654,13.058133398027184,-4.078488883497735,723,Mídia Social,East,Livros
2023-03-14,15.999999999999998,-5.200000000000003,4.9,730,Mídia Social,Centro-Oeste,Livros
2023-03-14,17.0,4.799999999999997,2.9,732,E-commerce,Centro-Oeste,Cosméticos
2023-03-14,14.999999999999998,-2.200000000000003,-2.1,731,Loja Física,Centro-Oeste,Cosméticos
2023-03-14,17.0,13.799999999999997,4.9,730,Loja Física,East,Livros
2023-03-14,18.0,25.799999999999997,0.8999999999999999,732,Mídia Social,East,Roupas
2023-03-14,10.999999999999998,28.799999999999997,-0.10000000000000009,733,E-commerce,East,Cosméticos
2023-03-14,15.999999999999998,25.799999999999997,0.8999999999999999,733,Loja Física,South,Alimentos
2023-03-14,15.999999999999998,-2.200000000000003,2.9,732,E-commerce,North,Livros
2023-03-14,10.999999999999998,-8.200000000000003,1.9,731,Loja Física,North,Cosméticos
2023-03-14,10.999999999999998,-4.200000000000003,-1.1,734,Mídia Social,South,Cosméticos
2023-03-14,17.0,-4.200000000000003,-4.1,732,Mídia Social,North,Livros
2023-03-14,15.999999999999998,17.799999999999997,1.9,734,E-commerce,South,Alimentos
2023-03-15,15.784888834977348,13.541866601972817,-0.12151111650226509,743,E-commerce,North,Alimentos
2023-03-15,15.784888834977348,-2.458133398027183,4.8784888834977345,740,Loja Física,North,Roupas
2023-03-15,13.784888834977348,-9.458133398027183,-2.121511116502265,743,Mídia Social,East,Roupas
2023-03-15,17.784888834977348,0.5418666019728171,-0.12151111650226509,741,E-commerce,Centro-Oeste,Livros
2023-03-15,9.784888834977348,24.541866601972817,2.878488883497735,744,Mídia Social,Centro-Oeste,Cosméticos
2023-03-15,16.784888834977348,5.541866601972817,4.8784888834977345,742,E-commerce,South,Alimentos
2023-03-15,12.784888834977348,11.541866601972817,4.8784888834977345,740,Loja Física,Centro-Oeste,Livros
2023-03-15,8.784888834977348,1.541866601972817,3.878488883497735,742,E-commerce,East,Eletrônicos
2023-03-15,16.784888834977348,25.541866601972817,-0.12151111650226509,744,Mídia Social,South,Roupas
2023-03-15,11.784888834977348,26.541866601972817,-0.12151111650226509,743,Loja Física,South,Roupas
2023-03-15,9.784888834977348,10.541866601972817,-3.121511116502265,743,Loja Física,East,Cosméticos
2023-03-15,17.784888834977348,-2.458133398027183,-2.121511116502265,744,Mídia Social,North,Eletrônicos
2023-03-16,12.570176006312769,14.284211207575323,0.857017600631277,752,Loja Física,North,Livros
2023-03-16,10.570176006312769,6.284211207575323,-3.142982399368723,751,E-commerce,North,Roupas
2023-03-16,12.570176006312769,24.284211207575325,0.857017600631277,753,Mídia Social,South,Roupas
2023-03-16,12.570176006312769,0.28421120757532314,3.857017600631277,753,Loja Física,East,Roupas
2023-03-16,17.57017600631277,10.284211207575323,-1.142982399368723,754,E-commerce,South,Livros
2023-03-16,15.570176006312769,9.284211207575323,-3.142982399368723,754,Loja Física,Centro-Oeste,Cosméticos
2023-03-16,12.570176006312769,5.284211207575323,-1.142982399368723,752,Loja Física,South,Livros
2023-03-16,15.570176006312769,6.284211207575323,0.857017600631277,751,E-commerce,East,Cosméticos
2023-03-16,10.570176006312769,-9.715788792424677,1.857017600631277,753,Mídia Social,East,Alimentos
2023-03-16,17.57017600631277,-1.7157887924246769,2.857017600631277,753,Mídia Social,Centro-Oeste,Roupas
2023-03-16,17.57017600631277,23.284211207575325,2.857017600631277,752,E-commerce,Centro-Oeste,Cosméticos
2023-03-16,13.570176006312769,4.284211207575323,-3.142982399368723,753,Mídia Social,North,Eletrônicos
2023-03-17,12.356259112737096,0.027510935284514204,-4.164374088726291,761,Mídia Social,East,Eletrônicos
2023-03-17,11.356259112737096,16.027510935284514,3.8356259112737097,762,E-commerce,East,Alimentos
2023-03-17,16.356259112737096,-4.972489064715486,-0.16437408872629033,764,E-commerce,South,Cosméticos
2023-03-17,17.356259112737096,2.027510935284514,-3.1643740887262903,760,E-commerce,North,Eletrônicos
2023-03-17,15.356259112737096,0.027510935284514204,1.8356259112737097,761,Loja Física,Centro-Oeste,Livros
2023-03-17,8.356259112737096,27.027510935284514,2.8356259112737097,764,Loja Física,South,Cosméticos
2023-03-17,13.356259112737096,11.027510935284514,-1.1643740887262903,763,E-commerce,Centro-Oeste,Livros
2023-03-17,9.356259112737096,-2.972489064715486,-0.16437408872629033,760,Mídia Social,South,Roupas
2023-03-17,14.356259112737096,15.027510935284514,3.8356259112737097,764,Mídia Social,North,Cosméticos
2023-03-17,10.356259112737096,24.027510935284514,3.8356259112737097,764,Loja Física,East,Roupas
2023-03-17,15.356259112737096,17.027510935284514,-2.1643740887262903,760,Loja Física,North,Livros
2023-03-17,11.356259112737096,15.027510935284514,-3.1643740887262903,764,Mídia Social,Centro-Oeste,Livros
2023-03-18,17.143534279092613,2.772241134911132,0.8143534279092611,772,Loja Física,North,Roupas
2023-03-18,12.143534279092611,22.772241134911134,-0.18564657209073887,771,Mídia Social,East,Eletrônicos
2023-03-18,8.143534279092611,-10.227758865088868,-0.18564657209073887,772,Loja Física,Centro-Oeste,Livros
2023-03-18,11.143534279092611,-9.227758865088868,4.8143534279092615,774,Mídia Social,South,Cosméticos
2023-03-18,8.143534279092611,5.772241134911132,4.8143534279092615,771,Loja Física,East,Cosméticos
2023-03-18,17.143534279092613,-9.227758865088868,4.8143534279092615,771,Loja Física,South,Alimentos
2023-03-18,15.143534279092611,19.772241134911134,1.814353427909261,774,E-commerce,North,Roupas
2023-03-18,11.143534279092611,16.772241134911134,-1.185646572090739,770,E-commerce,East,Roupas
2023-03-18,9.143534279092611,-4.227758865088868,-4.1856465720907385,772,E-commerce,South,Roupas
2023-03-18,15.143534279092611,-9.227758865088868,-2.185646572090739,770,Mídia Social,Centro-Oeste,Eletrônicos
2023-03-18,8.143534279092611,6.772241134911132,1.814353427909261,773,E-commerce,Centro-Oeste,Alimentos
2023-03-18,12.143534279092611,28.772241134911134,3.814353427909261,771,Mídia Social,North,Roupas
2023-03-19,10.93239542280102,12.518874507361224,-2.206760457719898,783,Mídia Social,East,Alimentos
2023-03-19,7.9323954228010205,4.5188745073612235,4.793239542280102,782,E-commerce,East,Cosméticos
2023-03-19,13.93239542280102,4.5188745073612235,1.793239542280102,784,Mídia Social,North,Alimentos
2023-03-19,9.93239542280102,6.5188745073612235,-1.206760457719898,781,E-commerce,South,Eletrônicos
2023-03-19,12.93239542280102,23.518874507361225,-1.206760457719898,784,Loja Física,East,Livros
2023-03-19,9.93239542280102,5.5188745073612235,-3.206760457719898,781,Loja Física,North,Alimentos
2023-03-19,9.93239542280102,7.5188745073612235,-0.20676045771989793,780,Mídia Social,Centro-Oeste,Roupas
2023-03-19,16.932395422801022,19.518874507361225,-2.206760457719898,784,E-commerce,North,Cosméticos
2023-03-19,9.93239542280102,7.5188745073612235,2.793239542280102,781,E-commerce,Centro-Oeste,Cosméticos
2023-03-19,13.93239542280102,22.518874507361225,3.793239542280102,780,Loja Física,Centro-Oeste,Roupas
2023-03-19,16.932395422801022,24.518874507361225,1.793239542280102,781,Loja Física,South,Cosméticos
2023-03-19,8.93239542280102,-2.4811254926387765,2.793239542280102,780,Mídia Social,South,Livros
2023-03-20,11.723233524419065,23.267880229302875,0.7723233524419065,790,E-commerce,East,Alimentos
2023-03-20,13.723233524419065,1.267880229302877,4.772323352441907,792,Loja Física,North,Eletrônicos
2023-03-20,15.723233524419065,19.267880229302875,-2.2276766475580936,792,Mídia Social,East,Eletrônicos
2023-03-20,16.723233524419065,-2.732119770697123,-1.2276766475580936,792,Mídia Social,North,Eletrônicos
2023-03-20,11.723233524419065,-1.732119770697123,3.7723233524419064,792,Loja Física,Centro-Oeste,Roupas
2023-03-20,15.723233524419065,4.267880229302877,-1.2276766475580936,791,Loja Física,East,Roupas
2023-03-20,11.723233524419065,-6.732119770697123,0.7723233524419065,791,Mídia Social,Centro-Oeste,Roupas
2023-03-20,14.723233524419065,9.267880229302877,-2.2276766475580936,790,E-commerce,Centro-Oeste,Eletrônicos
2023-03-20,8.723233524419065,-8.732119770697123,1.7723233524419064,793,E-commerce,South,Livros
2023-03-20,16.723233524419065,10.267880229302877,-4.227676647558093,794,Mídia Social,South,Cosméticos
2023-03-20,15.723233524419065,-6.732119770697123,1.7723233524419064,792,E-commerce,North,Alimentos
2023-03-20,12.723233524419065,-5.732119770697123,3.7723233524419064,790,Loja Física,South,Eletrônicos
2023-03-21,12.51643590363255,24.019723084359057,-3.248356409636745,804,E-commerce,North,Livros
2023-03-21,10.51643590363255,19.019723084359057,-1.248356409636745,800,E-commerce,Centro-Oeste,Roupas
2023-03-21,7.51643590363255,-10.98027691564094,1.751643590363255,802,Loja Física,North,Roupas
2023-03-21,8.51643590363255,23.019723084359057,-1.248356409636745,800,Loja Física,East,Eletrônicos
2023-03-21,9.51643590363255,11.01972308435906,-1.248356409636745,801,E-commerce,East,Roupas
2023-03-21,11.51643590363255,-6.980276915640941,3.751643590363255,803,Mídia Social,East,Livros
2023-03-21,13.51643590363255,26.019723084359057,1.751643590363255,804,Mídia Social,Centro-Oeste,Livros
2023-03-21,16.516435903632548,22.019723084359057,-3.248356409636745,803,Loja Física,Centro-Oeste,Cosméticos
2023-03-21,8.51643590363255,11.01972308435906,-3.248356409636745,803,Mídia Social,North,Cosméticos
2023-03-21,7.51643590363255,4.019723084359059,1.751643590363255,803,E-commerce,South,Eletrônicos
2023-03-21,8.51643590363255,-5.980276915640941,-4.248356409636745,802,Mídia Social,South,Alimentos
2023-03-21,7.51643590363255,27.019723084359057,2.751643590363255,800,Loja Física,South,Alimentos
2023-03-22,11.312385502029436,-9.225137397564676,-3.268761449797056,814,E-commerce,South,Roupas
2023-03-22,14.312385502029436,-1.2251373975646764,0.7312385502029437,813,Loja Física,Centro-Oeste,Eletrônicos
2023-03-22,7.312385502029437,24.774862602435324,-2.268761449797056,813,E-commerce,Centro-Oeste,Roupas
2023-03-22,10.312385502029436,-6.225137397564676,1.7312385502029437,814,Mídia Social,North,Roupas
2023-03-22,9.312385502029436,6.774862602435324,-1.2687614497970563,812,Mídia Social,East,Cosméticos
2023-03-22,10.312385502029436,23.774862602435324,2.731238550202944,814,Mídia Social,South,Roupas
2023-03-22,13.312385502029436,22.774862602435324,-4.268761449797056,814,Mídia Social,Centro-Oeste,Cosméticos
2023-03-22,10.312385502029436,9.774862602435324,3.731238550202944,812,E-commerce,East,Cosméticos
2023-03-22,15.312385502029436,-10.225137397564676,1.7312385502029437,810,E-commerce,North,Livros
2023-03-22,8.312385502029436,6.774862602435324,3.731238550202944,810,Loja Física,North,Eletrônicos
2023-03-22,16.312385502029436,-0.22513739756467643,3.731238550202944,811,Loja Física,South,Roupas
2023-03-22,9.312385502029436,14.774862602435324,0.7312385502029437,813,Loja Física,East,Cosméticos
2023-03-23,11.111460173980177,-3.466247791223788,2.7111460173980175,822,E-commerce,Centro-Oeste,Livros
2023-03-23,11.111460173980177,-11.466247791223788,2.7111460173980175,823,Mídia Social,North,Livros
2023-03-23,12.111460173980177,-4.466247791223788,1.7111460173980177,823,Loja Física,North,Cosméticos
2023-03-23,8.111460173980177,18.533752208776214,1.7111460173980177,824,E-commerce,South,Roupas
2023-03-23,10.111460173980177,13.533752208776212,4.7111460173980175,820,Mídia Social,South,Roupas
2023-03-23,12.111460173980177,-6.466247791223788,-2.2888539826019825,823,Loja Física,South,Cosméticos
2023-03-23,11.111460173980177,19.533752208776214,1.7111460173980177,822,Mídia Social,East,Alimentos
2023-03-23,15.111460173980177,6.533752208776212,-2.2888539826019825,824,Mídia Social,Centro-Oeste,Cosméticos
2023-03-23,13.111460173980177,12.533752208776212,2.7111460173980175,821,E-commerce,East,Roupas
2023-03-23,9.111460173980177,-1.466247791223788,2.7111460173980175,823,E-commerce,North,Livros
2023-03-23,15.111460173980177,18.533752208776214,-3.2888539826019825,823,Loja Física,East,Roupas
2023-03-23,8.111460173980177,17.533752208776214,4.7111460173980175,821,Loja Física,Centro-Oeste,Livros
2023-03-24,14.914031986938417,-4.703161615673901,-4.308596801306158,834,Mídia Social,East,Cosméticos
2023-03-24,13.914031986938417,0.2968383843260991,3.6914031986938416,830,Mídia Social,South,Livros
2023-03-24,11.914031986938417,13.296838384326099,3.6914031986938416,833,Mídia Social,Centro-Oeste,Eletrônicos
2023-03-24,7.914031986938417,-2.703161615673901,-4.308596801306158,833,Loja Física,East,Alimentos
2023-03-24,14.914031986938417,2.296838384326099,1.6914031986938416,832,Mídia Social,North,Eletrônicos
2023-03-24,10.914031986938417,27.2968383843261,-4.308596801306158,831,E-commerce,North,Eletrônicos
2023-03-24,12.914031986938417,-9.703161615673901,-2.3085968013061584,833,Loja Física,South,Livros
2023-03-24,8.914031986938417,7.296838384326099,4.691403198693842,832,E-commerce,Centro-Oeste,Cosméticos
2023-03-24,11.914031986938417,14.296838384326099,1.6914031986938416,834,Loja Física,Centro-Oeste,Eletrônicos
2023-03-24,12.914031986938417,19.2968383843261,4.691403198693842,832,E-commerce,East,Livros
2023-03-24,12.914031986938417,27.2968383843261,-3.3085968013061584,831,E-commerce,South,Roupas
2023-03-24,14.914031986938417,15.296838384326099,4.691403198693842,833,Loja Física,North,Livros
2023-03-25,15.720466532457705,5.064559838949245,-4.32795334675423,840,Mídia Social,South,Roupas
2023-03-25,9.720466532457705,24.064559838949243,-0.3279533467542295,840,Mídia Social,North,Livros
2023-03-25,10.720466532457705,-11.935440161050755,-1.3279533467542295,844,E-commerce,East,Cosméticos
2023-03-25,9.720466532457705,15.064559838949245,-4.32795334675423,843,Mídia Social,Centro-Oeste,Roupas
2023-03-25,9.720466532457705,17.064559838949243,3.6720466532457703,842,Loja Física,North,Alimentos
2023-03-25,11.720466532457705,26.064559838949243,-4.32795334675423,840,Loja Física,East,Eletrônicos
2023-03-25,6.720466532457705,19.064559838949243,-1.3279533467542295,844,E-commerce,Centro-Oeste,Alimentos
2023-03-25,7.720466532457705,-4.935440161050755,1.6720466532457705,843,Loja Física,Centro-Oeste,Livros
2023-03-25,8.720466532457705,4.064559838949245,-2.3279533467542297,841,Mídia Social,East,Eletrônicos
2023-03-25,6.720466532457705,14.064559838949245,3.6720466532457703,841,E-commerce,North,Roupas
2023-03-25,7.720466532457705,23.064559838949243,2.6720466532457703,843,E-commerce,South,Eletrônicos
2023-03-25,13.720466532457705,13.064559838949245,-0.3279533467542295,842,Loja Física,South,Eletrônicos
2023-03-26,9.531122249200115,-2.162653300959863,1.6531122249200116,851,E-commerce,Centro-Oeste,Livros
2023-03-26,7.531122249200115,-7.162653300959863,-0.34688777507998847,854,Mídia Social,Centro-Oeste,Livros
2023-03-26,7.531122249200115,-10.162653300959864,-1.3468877750799884,850,Mídia Social,East,Eletrônicos
2023-03-26,10.531122249200115,-2.162653300959863,-1.3468877750799884,850,Loja Física,East,Livros
2023-03-26,8.531122249200115,10.837346699040136,-0.34688777507998847,853,Loja Física,South,Alimentos
2023-03-26,9.531122249200115,-5.162653300959863,4.653112224920012,851,Loja Física,Centro-Oeste,Alimentos
2023-03-26,13.531122249200115,22.837346699040136,4.653112224920012,854,E-commerce,East,Livros
2023-03-26,7.531122249200115,9.837346699040136,4.653112224920012,853,E-commerce,South,Livros
2023-03-26,13.531122249200115,14.837346699040136,4.653112224920012,854,Mídia Social,North,Eletrônicos
2023-03-26,11.531122249200115,1.837346699040137,1.6531122249200116,852,Loja Física,North,Cosméticos
2023-03-26,11.531122249200115,-8.162653300959864,3.6531122249200116,852,Mídia Social,South,Livros
2023-03-26,15.531122249200115,-12.162653300959864,-2.3468877750799884,850,E-commerce,North,Livros
2023-03-27,6.346349759190334,21.6156197110284,2.6346349759190333,862,E-commerce,North,Roupas
2023-03-27,12.346349759190334,8.615619711028401,-2.3653650240809667,860,Loja Física,Centro-Oeste,Eletrônicos
2023-03-27,6.346349759190334,1.6156197110284003,1.6346349759190333,864,E-commerce,South,Cosméticos
2023-03-27,6.346349759190334,0.6156197110284003,-0.3653650240809666,860,Mídia Social,North,Eletrônicos
2023-03-27,9.346349759190334,25.6156197110284,-1.3653650240809667,862,E-commerce,Centro-Oeste,Cosméticos
2023-03-27,9.346349759190334,-12.384380288971599,-1.3653650240809667,861,Mídia Social,South,Alimentos
2023-03-27,10.346349759190334,9.615619711028401,4.634634975919034,863,Mídia Social,Centro-Oeste,Cosméticos
2023-03-27,10.346349759190334,7.6156197110284,-3.3653650240809667,862,Loja Física,East,Eletrônicos
2023-03-27,12.346349759190334,11.615619711028401,1.6346349759190333,862,Loja Física,North,Eletrônicos
2023-03-27,14.346349759190334,26.6156197110284,-1.3653650240809667,863,Mídia Social,East,Cosméticos
2023-03-27,15.346349759190334,13.615619711028401,4.634634975919034,863,Loja Física,South,Cosméticos
2023-03-27,10.346349759190334,-12.384380288971599,3.6346349759190333,861,E-commerce,East,Alimentos
2023-03-28,7.166491218544413,15.399789462253295,4.616649121854442,872,E-commerce,North,Alimentos
2023-03-28,8.166491218544413,10.399789462253295,-4.383350878145558,873,Mídia Social,South,Cosméticos
2023-03-28,6.166491218544413,16.399789462253295,-4.383350878145558,874,Loja Física,East,Eletrônicos
2023-03-28,15.166491218544413,7.399789462253295,-4.383350878145558,870,Loja Física,North,Livros
2023-03-28,10.166491218544413,25.399789462253295,4.616649121854442,874,Mídia Social,North,Alimentos
2023-03-28,7.166491218544413,-3.6002105377467046,1.6166491218544414,873,E-commerce,Centro-Oeste,Livros
2023-03-28,14.166491218544413,23.399789462253295,1.6166491218544414,871,E-commerce,South,Roupas
2023-03-28,15.166491218544413,19.399789462253295,-3.3833508781455586,873,E-commerce,East,Cosméticos
2023-03-28,9.166491218544413,4.399789462253295,-3.3833508781455586,872,Loja Física,Centro-Oeste,Eletrônicos
2023-03-28,9.166491218544413,-0.6002105377467046,-0.38335087814555857,871,Mídia Social,Centro-Oeste,Roupas
2023-03-28,15.166491218544413,22.399789462253295,1.6166491218544414,874,Mídia Social,East,Roupas
2023-03-28,11.166491218544413,14.399789462253295,0.6166491218544414,870,Loja Física,South,Livros
2023-03-29,8.991879683875386,-12.809744379349535,0.5991879683875386,883,Mídia Social,North,Alimentos
2023-03-29,11.991879683875386,11.190255620650465,0.5991879683875386,883,Loja Física,East,Livros
2023-03-29,11.991879683875386,0.19025562065046397,0.5991879683875386,880,Mídia Social,Centro-Oeste,Eletrônicos
2023-03-29,8.991879683875386,-1.809744379349536,-3.4008120316124613,881,Mídia Social,East,Cosméticos
2023-03-29,11.991879683875386,-2.809744379349536,4.599187968387539,884,Loja Física,North,Livros
2023-03-29,13.991879683875386,-6.809744379349536,-3.4008120316124613,880,E-commerce,South,Alimentos
2023-03-29,5.9918796838753865,26.190255620650465,2.5991879683875387,883,Mídia Social,South,Roupas
2023-03-29,7.9918796838753865,10.190255620650465,-0.4008120316124614,884,E-commerce,Centro-Oeste,Livros
2023-03-29,6.9918796838753865,4.190255620650464,-4.400812031612461,883,Loja Física,Centro-Oeste,Alimentos
2023-03-29,11.991879683875386,23.190255620650465,-0.4008120316124614,881,Loja Física,South,Roupas
2023-03-29,11.991879683875386,-10.809744379349535,4.599187968387539,881,E-commerce,North,Cosméticos
2023-03-29,6.9918796838753865,14.190255620650465,-2.4008120316124613,880,E-commerce,East,Livros
2023-03-30,5.822838495549114,16.987406194658938,-1.4177161504450886,894,E-commerce,East,Roupas
2023-03-30,10.822838495549114,18.987406194658938,-2.417716150445089,893,E-commerce,Centro-Oeste,Eletrônicos
2023-03-30,9.822838495549114,17.987406194658938,-2.417716150445089,894,Loja Física,North,Alimentos
2023-03-30,13.822838495549114,-3.012593805341064,-0.4177161504450886,893,Mídia Social,East,Alimentos
2023-03-30,11.822838495549114,12.987406194658936,-3.417716150445089,893,Mídia Social,North,Cosméticos
2023-03-30,5.822838495549114,21.987406194658938,-1.4177161504450886,893,Loja Física,South,Livros
2023-03-30,5.822838495549114,-10.012593805341064,0.5822838495549114,894,Loja Física,Centro-Oeste,Livros
2023-03-30,8.822838495549114,10.987406194658936,-4.417716150445089,893,Mídia Social,Centro-Oeste,Alimentos
2023-03-30,10.822838495549114,-10.012593805341064,-1.4177161504450886,892,E-commerce,North,Livros
2023-03-30,14.822838495549114,-5.012593805341064,4.582283849554911,894,E-commerce,South,Alimentos
2023-03-30,7.822838495549114,-6.012593805341064,1.5822838495549114,891,Mídia Social,South,Alimentos
2023-03-30,8.822838495549114,12.987406194658936,-4.417716150445089,892,Loja Física,East,Alimentos
2023-03-31,7.659680678932334,6.791616814718801,0.5659680678932334,904,Loja Física,East,Cosméticos
2023-03-31,7.659680678932334,16.7916168147188,0.5659680678932334,904,Mídia Social,Centro-Oeste,Roupas
2023-03-31,14.659680678932334,-13.2083831852812,3.5659680678932335,903,Loja Física,North,Livros
2023-03-31,12.659680678932334,-7.208383185281199,3.5659680678932335,900,Mídia Social,South,Roupas
2023-03-31,7.659680678932334,-10.2083831852812,-2.4340319321067665,900,E-commerce,North,Livros
2023-03-31,12.659680678932334,12.7916168147188,-3.4340319321067665,900,Loja Física,South,Livros
2023-03-31,14.659680678932334,-1.2083831852811988,1.5659680678932335,904,E-commerce,Centro-Oeste,Eletrônicos
2023-03-31,14.659680678932334,-5.208383185281199,4.565968067893233,904,E-commerce,South,Livros
2023-03-31,5.659680678932334,9.7916168147188,2.5659680678932335,901,Mídia Social,East,Cosméticos
2023-03-31,12.659680678932334,19.7916168147188,1.5659680678932335,901,Loja Física,Centro-Oeste,Eletrônicos
2023-03-31,8.659680678932334,4.791616814718801,0.5659680678932334,904,Mídia Social,North,Alimentos
2023-03-31,9.659680678932334,-3.208383185281199,1.5659680678932335,901,E-commerce,East,Livros
2023-04-01,10.502708364741766,-7.796749962309882,-2.1497291635258233,911,Mídia Social,South,Eletrônicos
2023-04-01,8.502708364741766,4.203250037690118,2.8502708364741767,913,Loja Física,South,Alimentos
2023-04-01,17.502708364741764,-9.796749962309882,4.850270836474177,912,Mídia Social,East,Cosméticos
2023-04-01,11.502708364741766,19.20325003769012,1.8502708364741767,913,Mídia Social,Centro-Oeste,Livros
2023-04-01,17.502708364741764,29.20325003769012,-0.14972916352582333,911,E-commerce,South,Livros
2023-04-01,8.502708364741766,27.20325003769012,-4.149729163525823,914,Loja Física,Centro-Oeste,Livros
2023-04-01,10.502708364741766,20.20325003769012,-3.1497291635258233,912,Loja Física,East,Roupas
2023-04-01,13.502708364741766,3.2032500376901183,-0.14972916352582333,912,Mídia Social,North,Alimentos
2023-04-01,13.502708364741766,-4.796749962309882,-4.149729163525823,912,E-commerce,East,Alimentos
2023-04-01,8.502708364741766,4.203250037690118,-2.1497291635258233,912,E-commerce,Centro-Oeste,Livros
2023-04-01,12.502708364741766,11.203250037690118,4.850270836474177,910,Loja Física,North,Livros
2023-04-01,8.502708364741766,18.20325003769012,2.8502708364741767,912,E-commerce,North,Eletrônicos
2023-04-02,9.352212229567563,2.022654675481075,-2.1647787770432436,921,E-commerce,North,Alimentos
2023-04-02,12.352212229567563,26.022654675481075,-3.1647787770432436,921,Mídia Social,South,Roupas
2023-04-02,10.352212229567563,6.022654675481075,-2.1647787770432436,922,Mídia Social,North,Alimentos
2023-04-02,14.352212229567563,-7.977345324518925,-4.164778777043244,921,Loja Física,South,Cosméticos
2023-04-02,16.352212229567563,-6.977345324518925,-3.1647787770432436,921,Mídia Social,East,Alimentos
2023-04-02,15.352212229567563,15.022654675481075,4.835221222956756,922,E-commerce,East,Livros
2023-04-02,8.352212229567563,3.022654675481075,1.8352212229567564,921,Loja Física,North,Roupas
2023-04-02,11.352212229567563,2.022654675481075,-4.164778777043244,923,E-commerce,South,Livros
2023-04-02,13.352212229567563,6.022654675481075,-1.1647787770432436,921,Mídia Social,Centro-Oeste,Livros
2023-04-02,12.352212229567563,29.022654675481075,4.835221222956756,924,Loja Física,East,Livros
2023-04-02,9.352212229567563,21.022654675481075,4.835221222956756,923,E-commerce,Centro-Oeste,Alimentos
2023-04-02,11.352212229567563,2.022654675481075,2.8352212229567564,924,Loja Física,Centro-Oeste,Eletrônicos
2023-04-03,8.208470957607188,6.850165149128626,4.820847095760719,934,E-commerce,Centro-Oeste,Eletrônicos
2023-04-03,10.208470957607188,28.850165149128628,3.820847095760719,932,Loja Física,Centro-Oeste,Alimentos
2023-04-03,10.208470957607188,-1.1498348508713736,-3.179152904239281,931,Mídia Social,South,Eletrônicos
2023-04-03,8.208470957607188,27.850165149128628,2.820847095760719,930,E-commerce,East,Eletrônicos
2023-04-03,16.20847095760719,12.850165149128626,3.820847095760719,934,Mídia Social,Centro-Oeste,Roupas
2023-04-03,15.208470957607188,3.8501651491286264,2.820847095760719,931,E-commerce,South,Cosméticos
2023-04-03,15.208470957607188,18.850165149128628,-2.179152904239281,930,E-commerce,North,Cosméticos
2023-04-03,11.208470957607188,-7.149834850871374,-2.179152904239281,930,Mídia Social,East,Alimentos
2023-04-03,10.208470957607188,8.850165149128626,-1.179152904239281,930,Loja Física,South,Eletrônicos
2023-04-03,10.208470957607188,-2.1498348508713736,2.820847095760719,932,Loja Física,East,Roupas
2023-04-03,11.208470957607188,25.850165149128628,4.820847095760719,934,Loja Física,North,Eletrônicos
2023-04-03,15.208470957607188,10.850165149128626,0.8208470957607189,932,Mídia Social,North,Livros
2023-04-04,14.071750724606428,19.686100869527714,-4.192824927539357,942,Mídia Social,North,Cosméticos
2023-04-04,10.071750724606428,14.686100869527714,-0.1928249275393572,940,E-commerce,South,Livros
2023-04-04,11.071750724606428,11.686100869527714,-2.192824927539357,941,E-commerce,North,Roupas
2023-04-04,14.071750724606428,17.686100869527714,-4.192824927539357,943,Mídia Social,East,Cosméticos
2023-04-04,17.071750724606428,-3.3138991304722865,-1.1928249275393572,944,Loja Física,South,Eletrônicos
2023-04-04,15.071750724606428,23.686100869527714,2.807175072460643,943,Loja Física,Centro-Oeste,Roupas
2023-04-04,14.071750724606428,25.686100869527714,3.807175072460643,944,E-commerce,East,Livros
2023-04-04,9.071750724606428,-3.3138991304722865,4.807175072460643,941,Loja Física,North,Livros
2023-04-04,16.071750724606428,10.686100869527714,-0.1928249275393572,944,Loja Física,East,Roupas
2023-04-04,9.071750724606428,-1.3138991304722865,-1.1928249275393572,941,E-commerce,Centro-Oeste,Eletrônicos
2023-04-04,11.071750724606428,17.686100869527714,4.807175072460643,943,Mídia Social,Centro-Oeste,Alimentos
2023-04-04,11.071750724606428,13.686100869527714,-4.192824927539357,941,Mídia Social,South,Alimentos
2023-04-05,14.942304704963195,9.530765645955833,-4.20576952950368,954,Loja Física,North,Alimentos
2023-04-05,13.942304704963195,-8.469234354044167,0.7942304704963196,952,Loja Física,South,Alimentos
2023-04-05,14.942304704963195,2.5307656459558334,1.7942304704963195,954,Mídia Social,East,Alimentos
2023-04-05,9.942304704963195,-8.469234354044167,-1.2057695295036805,951,Loja Física,East,Cosméticos
2023-04-05,16.942304704963195,-0.4692343540441666,3.7942304704963195,952,Mídia Social,Centro-Oeste,Cosméticos
2023-04-05,7.942304704963195,20.53076564595583,-0.20576952950368044,953,Mídia Social,South,Cosméticos
2023-04-05,11.942304704963195,-1.4692343540441666,3.7942304704963195,951,E-commerce,South,Livros
2023-04-05,7.942304704963195,16.53076564595583,-0.20576952950368044,950,E-commerce,East,Livros
2023-04-05,12.942304704963195,6.530765645955833,3.7942304704963195,953,Loja Física,Centro-Oeste,Alimentos
2023-04-05,8.942304704963195,11.530765645955833,-2.2057695295036805,954,E-commerce,North,Roupas
2023-04-05,16.942304704963195,16.53076564595583,-4.20576952950368,954,E-commerce,Centro-Oeste,Eletrônicos
2023-04-05,14.942304704963195,21.53076564595583,-1.2057695295036805,950,Mídia Social,North,Livros
2023-04-06,8.820372602906819,-8.615552876511819,-0.21796273970931823,964,Loja Física,Centro-Oeste,Roupas
2023-04-06,8.820372602906819,-3.615552876511819,2.7820372602906818,964,E-commerce,North,Eletrônicos
2023-04-06,7.820372602906818,27.38444712348818,3.7820372602906818,962,E-commerce,Centro-Oeste,Alimentos
2023-04-06,10.820372602906819,27.38444712348818,1.7820372602906818,960,Mídia Social,Centro-Oeste,Eletrônicos
2023-04-06,14.820372602906819,-4.615552876511819,4.782037260290682,962,Mídia Social,East,Alimentos
2023-04-06,7.820372602906818,1.3844471234881812,0.7820372602906818,964,Loja Física,North,Roupas
2023-04-06,10.820372602906819,-2.615552876511819,-2.2179627397093182,963,Mídia Social,South,Alimentos
2023-04-06,14.820372602906819,5.384447123488181,1.7820372602906818,962,E-commerce,South,Cosméticos
2023-04-06,8.820372602906819,21.38444712348818,3.7820372602906818,962,Loja Física,South,Alimentos
2023-04-06,16.82037260290682,22.38444712348818,-2.2179627397093182,963,E-commerce,East,Alimentos
2023-04-06,13.820372602906819,-5.615552876511819,-1.2179627397093182,962,Mídia Social,North,Livros
2023-04-06,7.820372602906818,6.384447123488181,-4.217962739709318,963,Loja Física,East,Cosméticos
2023-04-07,10.706180208620985,-1.7525837496548178,-1.2293819791379015,972,E-commerce,South,Eletrônicos
2023-04-07,13.706180208620985,7.247416250345182,-4.2293819791379015,970,Loja Física,Centro-Oeste,Alimentos
2023-04-07,16.706180208620985,28.247416250345182,4.7706180208620985,970,E-commerce,Centro-Oeste,Cosméticos
2023-04-07,15.706180208620985,25.247416250345182,1.7706180208620985,970,Mídia Social,East,Cosméticos
2023-04-07,15.706180208620985,13.247416250345182,2.7706180208620985,973,Loja Física,South,Alimentos
2023-04-07,10.706180208620985,-4.752583749654818,-0.22938197913790148,970,Loja Física,North,Cosméticos
2023-04-07,11.706180208620985,1.2474162503451822,1.7706180208620985,971,E-commerce,North,Cosméticos
2023-04-07,11.706180208620985,-3.752583749654818,1.7706180208620985,973,Mídia Social,South,Alimentos
2023-04-07,15.706180208620985,16.247416250345182,-3.2293819791379015,970,Mídia Social,North,Roupas
2023-04-07,12.706180208620985,16.247416250345182,-0.22938197913790148,974,E-commerce,East,Roupas
2023-04-07,12.706180208620985,9.247416250345182,-4.2293819791379015,972,Loja Física,East,Cosméticos
2023-04-07,11.706180208620985,-5.752583749654818,-0.22938197913790148,971,Mídia Social,Centro-Oeste,Livros
2023-04-08,11.599938980132322,-7.8800732238412134,-1.2400061019867676,984,Loja Física,South,Livros
2023-04-08,12.599938980132322,17.119926776158785,0.7599938980132322,980,Loja Física,Centro-Oeste,Cosméticos
2023-04-08,15.599938980132322,4.1199267761587866,-2.2400061019867676,983,Mídia Social,South,Cosméticos
2023-04-08,13.599938980132322,10.119926776158787,2.7599938980132324,980,E-commerce,South,Roupas
2023-04-08,9.599938980132322,12.119926776158787,-2.2400061019867676,980,E-commerce,Centro-Oeste,Roupas
2023-04-08,8.599938980132322,25.119926776158785,0.7599938980132322,981,Mídia Social,Centro-Oeste,Eletrônicos
2023-04-08,8.599938980132322,12.119926776158787,0.7599938980132322,980,E-commerce,North,Cosméticos
2023-04-08,14.599938980132322,16.119926776158785,2.7599938980132324,980,Mídia Social,East,Roupas
2023-04-08,15.599938980132322,-2.8800732238412134,-4.240006101986768,982,E-commerce,East,Cosméticos
2023-04-08,14.599938980132322,-6.8800732238412134,-1.2400061019867676,982,Loja Física,North,Livros
2023-04-08,7.599938980132322,-2.8800732238412134,2.7599938980132324,980,Mídia Social,North,Eletrônicos
2023-04-08,13.599938980132322,6.1199267761587866,-0.24000610198676775,980,Loja Física,East,Cosméticos
2023-04-09,12.501845651738783,0.0022147820865399126,1.7501845651738783,994,Mídia Social,North,Cosméticos
2023-04-09,11.501845651738783,-3.99778521791346,-3.2498154348261217,994,Loja Física,East,Roupas
2023-04-09,7.501845651738783,11.00221478208654,-1.2498154348261217,990,Mídia Social,Centro-Oeste,Eletrônicos
2023-04-09,8.501845651738783,15.00221478208654,4.750184565173878,992,Mídia Social,South,Cosméticos
2023-04-09,8.501845651738783,-1.99778521791346,-3.2498154348261217,993,E-commerce,Centro-Oeste,Eletrônicos
2023-04-09,11.501845651738783,12.00221478208654,-0.24981543482612167,991,Loja Física,North,Roupas
2023-04-09,9.501845651738783,3.00221478208654,-2.2498154348261217,992,E-commerce,East,Alimentos
2023-04-09,11.501845651738783,11.00221478208654,2.7501845651738783,990,E-commerce,South,Alimentos
2023-04-09,14.501845651738783,10.00221478208654,-0.24981543482612167,994,E-commerce,North,Roupas
2023-04-09,14.501845651738783,-6.99778521791346,-4.249815434826122,990,Mídia Social,East,Cosméticos
2023-04-09,10.501845651738783,9.00221478208654,4.750184565173878,994,Loja Física,Centro-Oeste,Livros
2023-04-09,9.501845651738783,20.00221478208654,4.750184565173878,990,Loja Física,South,Alimentos
2023-04-10,15.412081869703034,-3.105501756356361,-0.25879181302969667,1003,Mídia Social,Centro-Oeste,Eletrônicos
2023-04-10,10.412081869703034,2.894498243643639,-0.25879181302969667,1001,Loja Física,East,Eletrônicos
2023-04-10,10.412081869703034,4.894498243643639,0.7412081869703033,1001,E-commerce,North,Roupas
2023-04-10,11.412081869703034,16.89449824364364,-0.25879181302969667,1000,E-commerce,South,Roupas
2023-04-10,10.412081869703034,11.894498243643639,-2.2587918130296964,1004,Mídia Social,East,Alimentos
2023-04-10,8.412081869703034,2.894498243643639,0.7412081869703033,1003,E-commerce,Centro-Oeste,Eletrônicos
2023-04-10,15.412081869703034,27.89449824364364,0.7412081869703033,1004,Mídia Social,South,Alimentos
2023-04-10,14.412081869703034,16.89449824364364,2.7412081869703036,1001,Loja Física,Centro-Oeste,Livros
2023-04-10,11.412081869703034,23.89449824364364,1.7412081869703033,1004,Loja Física,North,Alimentos
2023-04-10,15.412081869703034,14.894498243643639,-2.2587918130296964,1004,Loja Física,South,Livros
2023-04-10,15.412081869703034,-0.10550175635636094,4.7412081869703036,1004,E-commerce,East,Alimentos
2023-04-10,10.412081869703034,25.89449824364364,-2.2587918130296964,1001,Mídia Social,North,Alimentos
2023-04-11,9.330813855885374,-10.203023372937551,-0.2669186144114626,1014,Loja Física,North,Eletrônicos
2023-04-11,8.330813855885374,11.796976627062449,4.733081385588537,1014,Loja Física,South,Roupas
2023-04-11,10.330813855885374,26.79697662706245,4.733081385588537,1012,Loja Física,East,Cosméticos
2023-04-11,9.330813855885374,18.79697662706245,-2.2669186144114626,1011,Mídia Social,Centro-Oeste,Livros
2023-04-11,12.330813855885374,0.796976627062449,-0.2669186144114626,1012,Mídia Social,East,Roupas
2023-04-11,7.330813855885374,19.79697662706245,2.7330813855885374,1010,E-commerce,Centro-Oeste,Eletrônicos
2023-04-11,9.330813855885374,1.796976627062449,-1.2669186144114626,1011,Loja Física,Centro-Oeste,Eletrônicos
2023-04-11,9.330813855885374,23.79697662706245,-3.2669186144114626,1013,E-commerce,South,Livros
2023-04-11,14.330813855885374,19.79697662706245,-2.2669186144114626,1011,Mídia Social,North,Roupas
2023-04-11,10.330813855885374,-9.203023372937551,4.733081385588537,1014,E-commerce,East,Eletrônicos
2023-04-11,9.330813855885374,6.796976627062449,-2.2669186144114626,1013,E-commerce,North,Livros
2023-04-11,11.330813855885374,10.796976627062449,2.7330813855885374,1013,Mídia Social,South,Eletrônicos
2023-04-12,10.25819209993914,23.709830519926967,-2.2741807900060858,1022,Loja Física,East,Livros
2023-04-12,8.25819209993914,-10.29016948007303,3.7258192099939142,1024,Loja Física,North,Livros
2023-04-12,9.25819209993914,9.70983051992697,-2.2741807900060858,1024,E-commerce,East,Alimentos
2023-04-12,15.25819209993914,-0.2901694800730308,-1.2741807900060858,1023,E-commerce,North,Alimentos
2023-04-12,9.25819209993914,5.709830519926969,0.7258192099939142,1020,Mídia Social,East,Livros
2023-04-12,10.25819209993914,-5.290169480073031,3.7258192099939142,1024,Loja Física,Centro-Oeste,Cosméticos
2023-04-12,8.25819209993914,-10.29016948007303,2.7258192099939142,1024,E-commerce,South,Roupas
2023-04-12,12.25819209993914,19.709830519926967,-2.2741807900060858,1023,Loja Física,South,Roupas
2023-04-12,7.258192099939142,3.709830519926969,4.725819209993914,1022,E-commerce,Centro-Oeste,Eletrônicos
2023-04-12,10.25819209993914,16.709830519926967,-2.2741807900060858,1020,Mídia Social,South,Cosméticos
2023-04-12,8.25819209993914,8.70983051992697,0.7258192099939142,1022,Mídia Social,North,Livros
2023-04-12,15.25819209993914,15.70983051992697,0.7258192099939142,1023,Mídia Social,Centro-Oeste,Livros
2023-04-13,12.194351080638498,-5.366778703233804,-4.28056489193615,1031,E-commerce,North,Livros
2023-04-13,10.194351080638498,3.6332212967661963,3.7194351080638497,1031,Mídia Social,South,Roupas
2023-04-13,11.194351080638498,-5.366778703233804,-3.2805648919361503,1031,Mídia Social,North,Alimentos
2023-04-13,10.194351080638498,3.6332212967661963,-4.28056489193615,1030,Loja Física,North,Alimentos
2023-04-13,15.194351080638498,18.633221296766195,-0.2805648919361503,1032,Mídia Social,East,Roupas
2023-04-13,7.194351080638497,8.633221296766196,-1.2805648919361503,1032,Loja Física,East,Eletrônicos
2023-04-13,11.194351080638498,-10.366778703233804,4.71943510806385,1034,Loja Física,Centro-Oeste,Livros
2023-04-13,8.194351080638498,19.633221296766195,-0.2805648919361503,1031,Loja Física,South,Eletrônicos
2023-04-13,11.194351080638498,19.633221296766195,3.7194351080638497,1031,E-commerce,East,Roupas
2023-04-13,12.194351080638498,15.633221296766196,0.7194351080638497,1031,E-commerce,Centro-Oeste,Roupas
2023-04-13,9.194351080638498,4.633221296766196,4.71943510806385,1031,E-commerce,South,Alimentos
2023-04-13,11.194351080638498,12.633221296766196,2.7194351080638497,1033,Mídia Social,Centro-Oeste,Eletrônicos
2023-04-14,14.139409016854694,3.567290820225633,3.7139409016854694,1043,Mídia Social,South,Cosméticos
2023-04-14,10.139409016854694,19.567290820225633,-3.2860590983145306,1041,E-commerce,East,Roupas
2023-04-14,16.139409016854692,-1.432709179774367,-3.2860590983145306,1042,E-commerce,Centro-Oeste,Roupas
2023-04-14,11.139409016854694,-4.432709179774367,3.7139409016854694,1040,Mídia Social,North,Alimentos
2023-04-14,11.139409016854694,25.567290820225633,-1.2860590983145306,1043,Mídia Social,Centro-Oeste,Cosméticos
2023-04-14,9.139409016854694,20.567290820225633,-4.286059098314531,1041,E-commerce,North,Livros
2023-04-14,12.139409016854694,-2.432709179774367,-4.286059098314531,1041,E-commerce,South,Alimentos
2023-04-14,8.139409016854694,23.567290820225633,3.7139409016854694,1040,Loja Física,North,Cosméticos
2023-04-14,13.139409016854694,-5.432709179774367,4.713940901685469,1044,Loja Física,Centro-Oeste,Cosméticos
2023-04-14,13.139409016854694,18.567290820225633,4.713940901685469,1040,Loja Física,East,Roupas
2023-04-14,14.139409016854694,16.567290820225633,-1.2860590983145306,1041,Mídia Social,East,Roupas
2023-04-14,14.139409016854694,14.567290820225633,1.7139409016854694,1042,Loja Física,South,Eletrônicos
2023-04-15,7.093467648641953,-6.487838821629657,-0.29065323513580466,1053,E-commerce,Centro-Oeste,Eletrônicos
2023-04-15,12.093467648641953,-4.487838821629657,-2.290653235135805,1050,E-commerce,South,Livros
2023-04-15,8.093467648641953,24.51216117837034,0.7093467648641953,1054,Mídia Social,South,Eletrônicos
2023-04-15,16.093467648641955,-5.487838821629657,1.7093467648641953,1051,Mídia Social,Centro-Oeste,Livros
2023-04-15,15.093467648641953,1.5121611783703433,2.709346764864195,1051,Loja Física,South,Livros
2023-04-15,11.093467648641953,-0.48783882162965675,-1.2906532351358047,1053,Loja Física,East,Cosméticos
2023-04-15,9.093467648641953,14.512161178370343,-1.2906532351358047,1051,Loja Física,North,Eletrônicos
2023-04-15,7.093467648641953,20.51216117837034,4.709346764864195,1053,Mídia Social,North,Roupas
2023-04-15,10.093467648641953,22.51216117837034,-3.290653235135805,1050,E-commerce,East,Alimentos
2023-04-15,11.093467648641953,-0.48783882162965675,-3.290653235135805,1050,Loja Física,Centro-Oeste,Cosméticos
2023-04-15,16.093467648641955,-9.487838821629657,3.709346764864195,1050,E-commerce,North,Cosméticos
2023-04-15,10.093467648641953,23.51216117837034,-1.2906532351358047,1052,Mídia Social,East,Alimentos
2023-04-16,15.056612048838298,25.46793445860596,-2.29433879511617,1061,Loja Física,North,Roupas
2023-04-16,16.056612048838296,-10.532065541394042,-3.29433879511617,1061,Mídia Social,Centro-Oeste,Livros
2023-04-16,11.056612048838298,23.46793445860596,0.7056612048838299,1064,E-commerce,North,Livros
2023-04-16,14.056612048838298,-8.532065541394042,-0.2943387951161701,1061,Loja Física,South,Alimentos
2023-04-16,9.056612048838298,19.46793445860596,-4.29433879511617,1062,Loja Física,Centro-Oeste,Alimentos
2023-04-16,13.056612048838298,24.46793445860596,4.70566120488383,1060,Loja Física,East,Livros
2023-04-16,16.056612048838296,14.467934458605958,2.70566120488383,1064,E-commerce,South,Livros
2023-04-16,15.056612048838298,-11.532065541394042,4.70566120488383,1061,Mídia Social,North,Livros
2023-04-16,14.056612048838298,16.46793445860596,2.70566120488383,1061,Mídia Social,South,Roupas
2023-04-16,15.056612048838298,23.46793445860596,-4.29433879511617,1064,Mídia Social,East,Eletrônicos
2023-04-16,14.056612048838298,25.46793445860596,1.70566120488383,1063,E-commerce,East,Eletrônicos
2023-04-16,11.056612048838298,-9.532065541394042,1.70566120488383,1064,E-commerce,Centro-Oeste,Cosméticos
2023-04-17,10.02891046553024,13.434692558636288,-3.297108953446976,1071,Mídia Social,East,Cosméticos
2023-04-17,12.02891046553024,-9.565307441363712,-3.297108953446976,1072,Loja Física,East,Livros
2023-04-17,10.02891046553024,-9.565307441363712,0.702891046553024,1070,Loja Física,South,Livros
2023-04-17,7.02891046553024,23.434692558636286,-0.29710895344697597,1071,Mídia Social,North,Alimentos
2023-04-17,11.02891046553024,4.4346925586362875,-4.297108953446976,1070,E-commerce,South,Alimentos
2023-04-17,10.02891046553024,7.4346925586362875,-3.297108953446976,1070,E-commerce,North,Cosméticos
2023-04-17,10.02891046553024,10.434692558636288,2.702891046553024,1074,Mídia Social,South,Cosméticos
2023-04-17,13.02891046553024,11.434692558636288,3.702891046553024,1070,E-commerce,Centro-Oeste,Livros
2023-04-17,16.028910465530238,23.434692558636286,-0.29710895344697597,1072,Loja Física,North,Livros
2023-04-17,13.02891046553024,-6.5653074413637125,1.702891046553024,1073,E-commerce,East,Alimentos
2023-04-17,9.02891046553024,-1.5653074413637125,-4.297108953446976,1070,Mídia Social,Centro-Oeste,Roupas
2023-04-17,13.02891046553024,-3.5653074413637125,-2.297108953446976,1074,Loja Física,Centro-Oeste,Alimentos
2023-04-18,9.01041419567304,15.412497034807647,1.701041419567304,1082,Loja Física,South,Cosméticos
2023-04-18,15.01041419567304,0.41249703480764666,0.701041419567304,1083,Loja Física,East,Cosméticos
2023-04-18,13.01041419567304,19.412497034807647,1.701041419567304,1083,E-commerce,Centro-Oeste,Livros
2023-04-18,10.01041419567304,17.412497034807647,-2.298958580432696,1080,Mídia Social,South,Roupas
2023-04-18,13.01041419567304,3.4124970348076467,-1.298958580432696,1083,E-commerce,East,Livros
2023-04-18,12.01041419567304,20.412497034807647,0.701041419567304,1083,Mídia Social,East,Alimentos
2023-04-18,14.01041419567304,23.412497034807647,2.701041419567304,1082,E-commerce,South,Cosméticos
2023-04-18,15.01041419567304,19.412497034807647,-0.29895858043269596,1081,Mídia Social,North,Cosméticos
2023-04-18,15.01041419567304,23.412497034807647,-3.298958580432696,1081,Loja Física,Centro-Oeste,Livros
2023-04-18,15.01041419567304,26.412497034807647,2.701041419567304,1083,Loja Física,North,Livros
2023-04-18,14.01041419567304,-4.587502965192353,3.701041419567304,1082,Mídia Social,Centro-Oeste,Livros
2023-04-18,9.01041419567304,17.412497034807647,-1.298958580432696,1081,E-commerce,North,Eletrônicos
2023-04-19,16.001157490100546,16.401388988120654,-0.2998842509899453,1091,Mídia Social,South,Cosméticos
2023-04-19,15.001157490100546,22.401388988120654,-1.2998842509899453,1093,Loja Física,Centro-Oeste,Roupas
2023-04-19,10.001157490100546,12.401388988120654,4.700115749010054,1090,Mídia Social,North,Livros
2023-04-19,15.001157490100546,22.401388988120654,-1.2998842509899453,1093,Loja Física,East,Cosméticos
2023-04-19,11.001157490100546,-9.598611011879346,0.7001157490100547,1091,Loja Física,South,Cosméticos
2023-04-19,15.001157490100546,12.401388988120654,-4.299884250989946,1092,Mídia Social,East,Eletrônicos
2023-04-19,7.001157490100546,25.401388988120654,2.7001157490100547,1093,E-commerce,Centro-Oeste,Livros
2023-04-19,9.001157490100546,-7.5986110118793455,-3.2998842509899453,1092,E-commerce,East,Roupas
2023-04-19,10.001157490100546,17.401388988120654,3.7001157490100547,1094,E-commerce,South,Roupas
2023-04-19,13.001157490100546,16.401388988120654,-2.2998842509899453,1090,Loja Física,North,Roupas
2023-04-19,9.001157490100546,6.4013889881206545,-4.299884250989946,1090,E-commerce,North,Cosméticos
2023-04-19,13.001157490100546,-11.598611011879346,-2.2998842509899453,1090,Mídia Social,Centro-Oeste,Alimentos
2023-04-20,15.001157490100546,3.4013889881206545,3.7001157490100547,1100,Loja Física,North,Roupas
2023-04-20,16.001157490100546,15.401388988120654,-2.2998842509899453,1102,Mídia Social,South,Livros
2023-04-20,14.001157490100546,-4.5986110118793455,0.7001157490100547,1100,Mídia Social,Centro-Oeste,Cosméticos
2023-04-20,13.001157490100546,24.401388988120654,-3.2998842509899453,1102,E-commerce,North,Livros
2023-04-20,16.001157490100546,19.401388988120654,-1.2998842509899453,1101,Loja Física,Centro-Oeste,Cosméticos
2023-04-20,16.001157490100546,-2.5986110118793455,-1.2998842509899453,1103,Loja Física,South,Roupas
2023-04-20,14.001157490100546,-8.598611011879346,-2.2998842509899453,1104,Loja Física,East,Cosméticos
2023-04-20,16.001157490100546,11.401388988120654,0.7001157490100547,1103,E-commerce,East,Livros
2023-04-20,11.001157490100546,16.401388988120654,0.7001157490100547,1100,Mídia Social,East,Cosméticos
2023-04-20,15.001157490100546,21.401388988120654,-3.2998842509899453,1100,Mídia Social,North,Cosméticos
2023-04-20,16.001157490100546,26.401388988120654,1.7001157490100547,1103,E-commerce,South,Eletrônicos
2023-04-20,9.001157490100546,13.401388988120654,-4.299884250989946,1104,E-commerce,Centro-Oeste,Eletrônicos
2023-04-21,12.01041419567304,8.412497034807647,2.701041419567304,1113,Loja Física,East,Cosméticos
2023-04-21,8.01041419567304,11.412497034807647,-0.29895858043269596,1114,Mídia Social,East,Eletrônicos
2023-04-21,14.01041419567304,19.412497034807647,-4.298958580432696,1113,Mídia Social,North,Eletrônicos
2023-04-21,8.01041419567304,-6.587502965192353,-2.298958580432696,1113,E-commerce,South,Eletrônicos
2023-04-21,9.01041419567304,1.4124970348076467,2.701041419567304,1113,Loja Física,North,Cosméticos
2023-04-21,8.01041419567304,-9.587502965192353,-1.298958580432696,1110,E-commerce,East,Eletrônicos
2023-04-21,14.01041419567304,17.412497034807647,3.701041419567304,1111,E-commerce,North,Livros
2023-04-21,16.01041419567304,25.412497034807647,-3.298958580432696,1114,Mídia Social,South,Cosméticos
2023-04-21,10.01041419567304,-2.5875029651923533,-4.298958580432696,1111,E-commerce,Centro-Oeste,Eletrônicos
2023-04-21,14.01041419567304,5.412497034807647,-3.298958580432696,1110,Mídia Social,Centro-Oeste,Eletrônicos
2023-04-21,16.01041419567304,-9.587502965192353,-0.29895858043269596,1112,Loja Física,Centro-Oeste,Eletrônicos
2023-04-21,11.01041419567304,9.412497034807647,-0.29895858043269596,1113,Loja Física,South,Livros
2023-04-22,12.02891046553024,2.4346925586362875,0.702891046553024,1123,Mídia Social,South,Cosméticos
2023-04-22,9.02891046553024,12.434692558636288,4.702891046553024,1121,E-commerce,South,Livros
2023-04-22,16.028910465530238,1.4346925586362875,-3.297108953446976,1121,Mídia Social,East,Alimentos
2023-04-22,16.028910465530238,-11.565307441363712,4.702891046553024,1120,Mídia Social,North,Livros
2023-04-22,15.02891046553024,-9.565307441363712,3.702891046553024,1121,Loja Física,East,Alimentos
2023-04-22,10.02891046553024,20.434692558636286,-2.297108953446976,1124,Mídia Social,Centro-Oeste,Alimentos
2023-04-22,15.02891046553024,6.4346925586362875,-3.297108953446976,1122,Loja Física,South,Cosméticos
2023-04-22,11.02891046553024,-10.565307441363712,-1.297108953446976,1122,Loja Física,Centro-Oeste,Alimentos
2023-04-22,8.02891046553024,-0.5653074413637125,-0.29710895344697597,1120,Loja Física,North,Eletrônicos
2023-04-22,10.02891046553024,-9.565307441363712,-2.297108953446976,1122,E-commerce,Centro-Oeste,Livros
2023-04-22,14.02891046553024,18.434692558636286,3.702891046553024,1121,E-commerce,North,Livros
2023-04-22,8.02891046553024,16.434692558636286,-3.297108953446976,1121,E-commerce,East,Alimentos
2023-04-23,12.056612048838296,20.467934458605956,0.7056612048838298,1133,Loja Física,East,Livros
2023-04-23,11.056612048838296,25.467934458605956,-1.2943387951161702,1134,Loja Física,Centro-Oeste,Alimentos
2023-04-23,13.056612048838296,16.467934458605956,4.70566120488383,1130,Mídia Social,East,Livros
2023-04-23,13.056612048838296,0.4679344586059564,-3.29433879511617,1133,Mídia Social,Centro-Oeste,Roupas
2023-04-23,9.056612048838296,3.4679344586059564,4.70566120488383,1133,E-commerce,Centro-Oeste,Eletrônicos
2023-04-23,7.056612048838297,6.467934458605956,-1.2943387951161702,1130,E-commerce,North,Alimentos
2023-04-23,9.056612048838296,-8.532065541394044,-4.29433879511617,1130,Loja Física,South,Roupas
2023-04-23,13.056612048838296,5.467934458605956,2.70566120488383,1133,Mídia Social,South,Alimentos
2023-04-23,16.056612048838296,3.4679344586059564,-3.29433879511617,1134,Loja Física,North,Livros
2023-04-23,16.056612048838296,6.467934458605956,4.70566120488383,1132,E-commerce,South,Livros
2023-04-23,10.056612048838296,5.467934458605956,4.70566120488383,1133,E-commerce,East,Roupas
2023-04-23,8.056612048838296,0.4679344586059564,2.70566120488383,1132,Mídia Social,North,Roupas
2023-04-24,10.093467648641953,6.512161178370343,-2.290653235135805,1141,Mídia Social,North,Cosméticos
2023-04-24,13.093467648641953,-8.487838821629657,4.709346764864195,1144,Loja Física,East,Cosméticos
2023-04-24,13.093467648641953,-10.487838821629657,1.7093467648641953,1142,E-commerce,Centro-Oeste,Cosméticos
2023-04-24,14.093467648641953,13.512161178370343,-3.290653235135805,1144,Loja Física,Centro-Oeste,Eletrônicos
2023-04-24,12.093467648641953,27.51216117837034,0.7093467648641953,1143,Loja Física,North,Alimentos
2023-04-24,10.093467648641953,25.51216117837034,0.7093467648641953,1143,E-commerce,East,Eletrônicos
2023-04-24,16.093467648641955,12.512161178370343,-3.290653235135805,1142,E-commerce,North,Livros
2023-04-24,14.093467648641953,2.5121611783703433,2.709346764864195,1141,Loja Física,South,Livros
2023-04-24,13.093467648641953,-0.48783882162965675,2.709346764864195,1144,Mídia Social,South,Livros
2023-04-24,11.093467648641953,7.512161178370343,3.709346764864195,1143,Mídia Social,East,Eletrônicos
2023-04-24,14.093467648641953,20.51216117837034,1.7093467648641953,1144,Mídia Social,Centro-Oeste,Eletrônicos
2023-04-24,8.093467648641953,7.512161178370343,-0.29065323513580466,1144,E-commerce,South,Livros
2023-04-25,16.139409016854692,12.567290820225631,2.7139409016854694,1150,Mídia Social,South,Livros
2023-04-25,16.139409016854692,9.567290820225631,3.7139409016854694,1150,Mídia Social,North,Eletrônicos
2023-04-25,13.139409016854692,23.56729082022563,4.713940901685469,1151,Loja Física,North,Eletrônicos
2023-04-25,13.139409016854692,-7.432709179774369,-3.2860590983145306,1151,Mídia Social,East,Alimentos
2023-04-25,8.139409016854692,-1.4327091797743687,1.7139409016854694,1151,Loja Física,Centro-Oeste,Alimentos
2023-04-25,15.139409016854692,-3.4327091797743687,3.7139409016854694,1154,Loja Física,South,Eletrônicos
2023-04-25,7.139409016854693,0.5672908202256313,4.713940901685469,1152,E-commerce,South,Livros
2023-04-25,7.139409016854693,-0.43270917977436874,-3.2860590983145306,1151,E-commerce,East,Eletrônicos
2023-04-25,12.139409016854692,-2.4327091797743687,-4.286059098314531,1150,Mídia Social,Centro-Oeste,Alimentos
2023-04-25,7.139409016854693,-1.4327091797743687,-2.2860590983145306,1152,E-commerce,North,Eletrônicos
2023-04-25,13.139409016854692,20.56729082022563,2.7139409016854694,1154,Loja Física,East,Alimentos
2023-04-25,7.139409016854693,18.56729082022563,-3.2860590983145306,1153,E-commerce,Centro-Oeste,Alimentos
2023-04-26,12.194351080638496,12.633221296766195,-1.2805648919361503,1162,E-commerce,Centro-Oeste,Alimentos
2023-04-26,8.194351080638496,10.633221296766195,2.7194351080638497,1162,Mídia Social,North,Livros
2023-04-26,14.194351080638496,-2.3667787032338055,-2.2805648919361503,1164,E-commerce,North,Alimentos
2023-04-26,14.194351080638496,-11.366778703233805,-0.2805648919361503,1164,Mídia Social,Centro-Oeste,Livros
2023-04-26,14.194351080638496,-2.3667787032338055,-3.2805648919361503,1160,Loja Física,Centro-Oeste,Cosméticos
2023-04-26,15.194351080638496,10.633221296766195,0.7194351080638497,1160,Mídia Social,South,Livros
2023-04-26,13.194351080638496,-10.366778703233805,3.7194351080638497,1163,Loja Física,South,Roupas
2023-04-26,15.194351080638496,9.633221296766195,3.7194351080638497,1162,Loja Física,East,Roupas
2023-04-26,11.194351080638496,-8.366778703233805,-3.2805648919361503,1164,E-commerce,East,Cosméticos
2023-04-26,8.194351080638496,5.6332212967661945,-0.2805648919361503,1161,Loja Física,North,Cosméticos
2023-04-26,8.194351080638496,12.633221296766195,4.71943510806385,1160,Mídia Social,East,Livros
2023-04-26,11.194351080638496,26.633221296766195,3.7194351080638497,1163,E-commerce,South,Roupas
2023-04-27,14.25819209993914,20.709830519926967,-3.2741807900060858,1170,Loja Física,East,Alimentos
2023-04-27,11.25819209993914,6.709830519926969,-2.2741807900060858,1171,Mídia Social,North,Cosméticos
2023-04-27,14.25819209993914,-3.290169480073031,-2.2741807900060858,1171,Loja Física,North,Eletrônicos
2023-04-27,13.25819209993914,-5.290169480073031,-2.2741807900060858,1172,E-commerce,South,Alimentos
2023-04-27,9.25819209993914,3.709830519926969,1.7258192099939142,1170,Loja Física,South,Alimentos
2023-04-27,10.25819209993914,22.709830519926967,-1.2741807900060858,1171,Mídia Social,South,Livros
2023-04-27,13.25819209993914,15.70983051992697,1.7258192099939142,1171,Mídia Social,East,Alimentos
2023-04-27,8.25819209993914,-0.2901694800730308,-2.2741807900060858,1171,E-commerce,Centro-Oeste,Eletrônicos
2023-04-27,14.25819209993914,17.709830519926967,-0.27418079000608575,1170,E-commerce,East,Cosméticos
2023-04-27,15.25819209993914,23.709830519926967,-4.274180790006086,1172,Loja Física,Centro-Oeste,Alimentos
2023-04-27,16.25819209993914,10.70983051992697,3.7258192099939142,1173,E-commerce,North,Eletrônicos
2023-04-27,16.25819209993914,0.7098305199269692,1.7258192099939142,1171,Mídia Social,Centro-Oeste,Eletrônicos
2023-04-28,13.330813855885374,25.79697662706245,4.733081385588537,1181,Mídia Social,Centro-Oeste,Cosméticos
2023-04-28,10.330813855885374,-6.203023372937551,3.7330813855885374,1183,E-commerce,Centro-Oeste,Cosméticos
2023-04-28,16.330813855885374,25.79697662706245,3.7330813855885374,1182,E-commerce,East,Alimentos
2023-04-28,10.330813855885374,-4.203023372937551,-4.266918614411463,1181,Loja Física,East,Cosméticos
2023-04-28,16.330813855885374,9.796976627062449,2.7330813855885374,1181,Mídia Social,North,Cosméticos
2023-04-28,7.330813855885374,17.79697662706245,4.733081385588537,1182,E-commerce,North,Livros
2023-04-28,16.330813855885374,-4.203023372937551,1.7330813855885374,1184,Loja Física,South,Cosméticos
2023-04-28,7.330813855885374,-7.203023372937551,4.733081385588537,1182,Loja Física,Centro-Oeste,Cosméticos
2023-04-28,14.330813855885374,-3.203023372937551,1.7330813855885374,1182,Mídia Social,East,Eletrônicos
2023-04-28,15.330813855885374,-8.203023372937551,2.7330813855885374,1182,Mídia Social,South,Cosméticos
2023-04-28,16.330813855885374,4.796976627062449,3.7330813855885374,1181,E-commerce,South,Cosméticos
2023-04-28,9.330813855885374,-6.203023372937551,0.7330813855885374,1184,Loja Física,North,Alimentos
2023-04-29,8.41208186970303,-11.105501756356364,4.741208186970303,1193,E-commerce,North,Roupas
2023-04-29,9.41208186970303,17.894498243643636,0.7412081869703031,1193,Loja Física,South,Eletrônicos
2023-04-29,11.41208186970303,-4.1055017563563645,4.741208186970303,1194,Loja Física,North,Alimentos
2023-04-29,12.41208186970303,16.894498243643636,-2.258791813029697,1193,Mídia Social,East,Eletrônicos
2023-04-29,13.41208186970303,-11.105501756356364,0.7412081869703031,1192,E-commerce,Centro-Oeste,Livros
2023-04-29,14.41208186970303,8.894498243643636,-4.258791813029697,1191,E-commerce,East,Alimentos
2023-04-29,14.41208186970303,-2.1055017563563645,0.7412081869703031,1191,Loja Física,East,Eletrônicos
2023-04-29,15.41208186970303,-7.1055017563563645,-1.258791813029697,1192,Loja Física,Centro-Oeste,Roupas
2023-04-29,12.41208186970303,14.894498243643636,3.741208186970303,1190,Mídia Social,North,Livros
2023-04-29,12.41208186970303,13.894498243643636,-4.258791813029697,1194,Mídia Social,South,Eletrônicos
2023-04-29,14.41208186970303,12.894498243643636,4.741208186970303,1192,Mídia Social,Centro-Oeste,Alimentos
2023-04-29,11.41208186970303,15.894498243643636,-3.258791813029697,1192,E-commerce,South,Alimentos
2023-04-30,11.501845651738783,8.00221478208654,1.7501845651738783,1204,E-commerce,East,Alimentos
2023-04-30,14.501845651738783,23.00221478208654,1.7501845651738783,1202,E-commerce,North,Eletrônicos
2023-04-30,12.501845651738783,28.00221478208654,-0.24981543482612167,1202,Loja Física,East,Alimentos
2023-04-30,16.501845651738783,2.00221478208654,-3.2498154348261217,1200,Loja Física,South,Livros
2023-04-30,16.501845651738783,23.00221478208654,-2.2498154348261217,1200,Loja Física,Centro-Oeste,Eletrônicos
2023-04-30,12.501845651738783,28.00221478208654,-0.24981543482612167,1204,Mídia Social,North,Alimentos
2023-04-30,12.501845651738783,11.00221478208654,1.7501845651738783,1201,E-commerce,Centro-Oeste,Alimentos
2023-04-30,7.501845651738783,3.00221478208654,-4.249815434826122,1203,Mídia Social,South,Cosméticos
2023-04-30,9.501845651738783,10.00221478208654,3.7501845651738783,1201,Mídia Social,East,Cosméticos
2023-04-30,14.501845651738783,26.00221478208654,2.7501845651738783,1200,Loja Física,North,Roupas
2023-04-30,15.501845651738783,11.00221478208654,1.7501845651738783,1201,E-commerce,South,Cosméticos
2023-04-30,12.501845651738783,10.00221478208654,3.7501845651738783,1200,Mídia Social,Centro-Oeste,Livros
2023-05-01,12.599938980132322,28.719926776158786,-2.940006101986768,1210,Loja Física,North,Livros
2023-05-01,18.599938980132322,15.719926776158786,4.059993898013232,1210,Loja Física,South,Roupas
2023-05-01,10.599938980132322,-1.2800732238412138,0.05999389801323218,1210,E-commerce,East,Eletrônicos
2023-05-01,14.599938980132322,2.719926776158786,-3.940006101986768,1210,Mídia Social,Centro-Oeste,Alimentos
2023-05-01,17.599938980132322,8.719926776158786,-2.940006101986768,1214,Mídia Social,South,Roupas
2023-05-01,17.599938980132322,0.7199267761587862,5.059993898013232,1213,E-commerce,South,Livros
2023-05-01,13.599938980132322,-7.280073223841214,-2.940006101986768,1212,Loja Física,East,Livros
2023-05-01,15.599938980132322,29.719926776158786,0.05999389801323218,1210,E-commerce,Centro-Oeste,Eletrônicos
2023-05-01,11.599938980132322,3.719926776158786,0.05999389801323218,1212,Mídia Social,North,Cosméticos
2023-05-01,17.599938980132322,14.719926776158786,-3.940006101986768,1214,E-commerce,North,Roupas
2023-05-01,15.599938980132322,1.7199267761587862,3.059993898013232,1213,Loja Física,Centro-Oeste,Alimentos
2023-05-01,18.599938980132322,17.719926776158786,-0.9400061019867678,1212,Mídia Social,East,Cosméticos
2023-05-02,10.706180208620985,7.847416250345182,5.070618020862098,1223,Mídia Social,East,Roupas
2023-05-02,13.706180208620985,16.847416250345184,0.07061802086209856,1220,E-commerce,North,Roupas
2023-05-02,13.706180208620985,5.847416250345182,5.070618020862098,1221,Loja Física,South,Alimentos
2023-05-02,12.706180208620985,28.847416250345184,-0.9293819791379014,1223,E-commerce,East,Roupas
2023-05-02,14.706180208620985,15.847416250345182,0.07061802086209856,1220,E-commerce,South,Roupas
2023-05-02,19.706180208620985,24.847416250345184,-1.9293819791379014,1223,Mídia Social,Centro-Oeste,Eletrônicos
2023-05-02,19.706180208620985,10.847416250345182,3.0706180208620983,1222,Mídia Social,South,Livros
2023-05-02,11.706180208620985,-3.152583749654818,5.070618020862098,1221,E-commerce,Centro-Oeste,Cosméticos
2023-05-02,19.706180208620985,8.847416250345182,4.070618020862098,1223,Mídia Social,North,Livros
2023-05-02,17.706180208620985,18.847416250345184,-3.9293819791379017,1222,Loja Física,North,Eletrônicos
2023-05-02,17.706180208620985,20.847416250345184,-0.9293819791379014,1224,Loja Física,Centro-Oeste,Alimentos
2023-05-02,17.706180208620985,-2.152583749654818,-2.9293819791379017,1220,Loja Física,East,Cosméticos
2023-05-03,14.820372602906815,12.984447123488177,2.0820372602906816,1234,E-commerce,South,Roupas
2023-05-03,10.820372602906815,3.9844471234881773,3.0820372602906816,1231,Mídia Social,South,Livros
2023-05-03,11.820372602906815,-5.015552876511823,-2.9179627397093184,1234,Loja Física,South,Roupas
2023-05-03,15.820372602906815,3.9844471234881773,5.082037260290681,1231,Loja Física,North,Eletrônicos
2023-05-03,12.820372602906815,12.984447123488177,-0.9179627397093184,1234,Loja Física,Centro-Oeste,Eletrônicos
2023-05-03,10.820372602906815,-2.0155528765118227,4.082037260290681,1232,Mídia Social,East,Livros
2023-05-03,16.820372602906815,22.984447123488177,-0.9179627397093184,1231,E-commerce,East,Alimentos
2023-05-03,12.820372602906815,31.984447123488177,-0.9179627397093184,1230,Mídia Social,North,Eletrônicos
2023-05-03,18.820372602906815,10.984447123488177,-1.9179627397093184,1232,E-commerce,Centro-Oeste,Roupas
2023-05-03,18.820372602906815,23.984447123488177,2.0820372602906816,1230,E-commerce,North,Cosméticos
2023-05-03,19.820372602906815,18.984447123488177,3.0820372602906816,1232,Mídia Social,Centro-Oeste,Cosméticos
2023-05-03,11.820372602906815,-5.015552876511823,0.08203726029068159,1233,Loja Física,East,Livros
2023-05-04,17.942304704963195,-1.8692343540441652,4.09423047049632,1243,E-commerce,East,Roupas
2023-05-04,10.942304704963195,17.130765645955833,3.0942304704963197,1244,E-commerce,South,Livros
2023-05-04,13.942304704963195,26.130765645955833,-2.9057695295036803,1242,Mídia Social,North,Roupas
2023-05-04,15.942304704963195,4.130765645955835,1.0942304704963195,1241,Loja Física,North,Roupas
2023-05-04,13.942304704963195,-5.869234354044165,3.0942304704963197,1241,Mídia Social,East,Eletrônicos
2023-05-04,10.942304704963195,2.130765645955835,3.0942304704963197,1240,E-commerce,Centro-Oeste,Cosméticos
2023-05-04,11.942304704963195,-2.869234354044165,3.0942304704963197,1244,Mídia Social,South,Eletrônicos
2023-05-04,19.942304704963195,29.130765645955833,1.0942304704963195,1244,Mídia Social,Centro-Oeste,Cosméticos
2023-05-04,15.942304704963195,17.130765645955833,3.0942304704963197,1240,E-commerce,North,Livros
2023-05-04,11.942304704963195,26.130765645955833,2.0942304704963197,1242,Loja Física,South,Cosméticos
2023-05-04,13.942304704963195,30.130765645955833,-0.9057695295036805,1243,Loja Física,Centro-Oeste,Livros
2023-05-04,19.942304704963195,12.130765645955835,-0.9057695295036805,1242,Loja Física,East,Cosméticos
2023-05-05,16.071750724606424,7.286100869527711,2.1071750724606426,1250,E-commerce,Centro-Oeste,Cosméticos
2023-05-05,16.071750724606424,32.286100869527715,-2.8928249275393574,1250,Loja Física,Centro-Oeste,Eletrônicos
2023-05-05,18.071750724606424,-2.7138991304722886,4.107175072460643,1250,E-commerce,South,Roupas
2023-05-05,16.071750724606424,29.28610086952771,0.10717507246064262,1251,Loja Física,North,Eletrônicos
2023-05-05,18.071750724606424,8.286100869527711,4.107175072460643,1254,Mídia Social,South,Roupas
2023-05-05,20.071750724606424,18.28610086952771,-2.8928249275393574,1253,Loja Física,East,Cosméticos
2023-05-05,18.071750724606424,5.286100869527711,-3.8928249275393574,1253,Loja Física,South,Eletrônicos
2023-05-05,12.071750724606426,9.286100869527711,-3.8928249275393574,1252,Mídia Social,Centro-Oeste,Eletrônicos
2023-05-05,20.071750724606424,15.286100869527711,-3.8928249275393574,1254,E-commerce,North,Livros
2023-05-05,16.071750724606424,-4.713899130472289,-3.8928249275393574,1254,Mídia Social,North,Roupas
2023-05-05,15.071750724606426,20.28610086952771,0.10717507246064262,1254,E-commerce,East,Livros
2023-05-05,20.071750724606424,32.286100869527715,-1.8928249275393574,1252,Mídia Social,East,Cosméticos
2023-05-06,15.208470957607187,13.450165149128624,-2.879152904239281,1260,Loja Física,North,Roupas
2023-05-06,15.208470957607187,27.450165149128622,-2.879152904239281,1262,E-commerce,North,Alimentos
2023-05-06,14.208470957607187,19.450165149128622,-0.8791529042392814,1262,Loja Física,East,Cosméticos
2023-05-06,20.208470957607187,26.450165149128622,-1.8791529042392814,1262,E-commerce,East,Livros
2023-05-06,16.208470957607187,19.450165149128622,1.1208470957607186,1264,Mídia Social,North,Eletrônicos
2023-05-06,20.208470957607187,30.450165149128622,-2.879152904239281,1260,E-commerce,Centro-Oeste,Eletrônicos
2023-05-06,20.208470957607187,16.450165149128622,-0.8791529042392814,1262,E-commerce,South,Eletrônicos
2023-05-06,12.208470957607187,8.450165149128624,4.120847095760719,1263,Loja Física,South,Eletrônicos
2023-05-06,16.208470957607187,23.450165149128622,-3.879152904239281,1261,Mídia Social,South,Livros
2023-05-06,20.208470957607187,-3.5498348508713757,2.120847095760719,1263,Mídia Social,Centro-Oeste,Cosméticos
2023-05-06,14.208470957607187,-2.5498348508713757,1.1208470957607186,1261,Loja Física,Centro-Oeste,Alimentos
2023-05-06,14.208470957607187,11.450165149128624,2.120847095760719,1262,Mídia Social,East,Roupas
2023-05-07,17.35221222956756,6.622654675481071,3.1352212229567558,1270,E-commerce,South,Roupas
2023-05-07,11.35221222956756,24.622654675481073,-2.8647787770432442,1273,Loja Física,Centro-Oeste,Eletrônicos
2023-05-07,12.35221222956756,3.622654675481071,-3.8647787770432442,1273,E-commerce,North,Alimentos
2023-05-07,15.35221222956756,8.622654675481071,-2.8647787770432442,1272,Loja Física,North,Cosméticos
2023-05-07,15.35221222956756,13.622654675481071,5.135221222956756,1271,Mídia Social,North,Cosméticos
2023-05-07,12.35221222956756,13.622654675481071,-2.8647787770432442,1273,Mídia Social,East,Alimentos
2023-05-07,11.35221222956756,21.622654675481073,3.1352212229567558,1273,Loja Física,East,Cosméticos
2023-05-07,15.35221222956756,23.622654675481073,-3.8647787770432442,1273,Loja Física,South,Livros
2023-05-07,20.35221222956756,14.622654675481071,0.13522122295675598,1274,Mídia Social,South,Cosméticos
2023-05-07,16.35221222956756,20.622654675481073,-1.864778777043244,1271,Mídia Social,Centro-Oeste,Cosméticos
2023-05-07,20.35221222956756,22.622654675481073,0.13522122295675598,1274,E-commerce,East,Cosméticos
2023-05-07,19.35221222956756,28.622654675481073,-0.864778777043244,1274,E-commerce,Centro-Oeste,Roupas
2023-05-08,12.502708364741764,32.80325003769012,1.1502708364741765,1282,Mídia Social,East,Cosméticos
2023-05-08,14.502708364741764,26.803250037690116,0.1502708364741765,1284,Mídia Social,Centro-Oeste,Eletrônicos
2023-05-08,14.502708364741764,-5.196749962309884,-3.8497291635258235,1281,Loja Física,East,Alimentos
2023-05-08,15.502708364741764,8.803250037690116,1.1502708364741765,1283,Loja Física,North,Eletrônicos
2023-05-08,18.502708364741764,-0.19674996230988384,2.1502708364741765,1281,Loja Física,South,Roupas
2023-05-08,16.502708364741764,4.803250037690116,-0.8497291635258235,1280,E-commerce,Centro-Oeste,Livros
2023-05-08,13.502708364741764,3.803250037690116,3.1502708364741765,1284,E-commerce,South,Alimentos
2023-05-08,11.502708364741764,-3.196749962309884,5.150270836474176,1284,Mídia Social,South,Alimentos
2023-05-08,11.502708364741764,10.803250037690116,-2.8497291635258235,1280,E-commerce,East,Livros
2023-05-08,18.502708364741764,18.803250037690116,1.1502708364741765,1280,Loja Física,Centro-Oeste,Cosméticos
2023-05-08,11.502708364741764,14.803250037690116,-1.8497291635258235,1282,E-commerce,North,Eletrônicos
2023-05-08,18.502708364741764,14.803250037690116,3.1502708364741765,1281,Mídia Social,North,Cosméticos
2023-05-09,20.659680678932332,26.991616814718803,4.165968067893234,1290,Mídia Social,North,Cosméticos
2023-05-09,18.659680678932332,16.991616814718803,-0.8340319321067666,1293,E-commerce,Centro-Oeste,Cosméticos
2023-05-09,15.659680678932334,5.991616814718801,2.1659680678932336,1290,Mídia Social,Centro-Oeste,Livros
2023-05-09,18.659680678932332,13.991616814718801,2.1659680678932336,1294,E-commerce,East,Roupas
2023-05-09,14.659680678932334,16.991616814718803,5.165968067893234,1292,E-commerce,North,Roupas
2023-05-09,11.659680678932334,3.9916168147188014,-2.8340319321067664,1293,Loja Física,North,Eletrônicos
2023-05-09,15.659680678932334,-5.008383185281199,0.16596806789323337,1293,Loja Física,East,Livros
2023-05-09,18.659680678932332,-0.008383185281198635,0.16596806789323337,1291,Loja Física,Centro-Oeste,Alimentos
2023-05-09,14.659680678932334,-1.0083831852811986,4.165968067893234,1294,Mídia Social,South,Cosméticos
2023-05-09,19.659680678932332,32.9916168147188,3.1659680678932336,1294,Mídia Social,East,Livros
2023-05-09,17.659680678932332,-4.008383185281199,2.1659680678932336,1292,E-commerce,South,Roupas
2023-05-09,16.659680678932332,9.991616814718801,5.165968067893234,1293,Loja Física,South,Alimentos
2023-05-10,19.822838495549114,0.1874061946589336,-3.8177161504450887,1300,Loja Física,Centro-Oeste,Roupas
2023-05-10,16.822838495549114,31.187406194658934,0.18228384955491128,1302,E-commerce,East,Eletrônicos
2023-05-10,20.822838495549114,33.187406194658934,-3.8177161504450887,1301,Mídia Social,South,Eletrônicos
2023-05-10,13.822838495549112,16.187406194658934,2.1822838495549113,1301,E-commerce,South,Cosméticos
2023-05-10,16.822838495549114,-4.812593805341066,4.182283849554912,1300,E-commerce,North,Roupas
2023-05-10,19.822838495549114,23.187406194658934,2.1822838495549113,1303,E-commerce,Centro-Oeste,Cosméticos
2023-05-10,17.822838495549114,-5.812593805341066,1.1822838495549113,1303,Loja Física,East,Cosméticos
2023-05-10,14.822838495549112,8.187406194658934,0.18228384955491128,1300,Mídia Social,Centro-Oeste,Cosméticos
2023-05-10,13.822838495549112,28.187406194658934,-3.8177161504450887,1301,Loja Física,North,Cosméticos
2023-05-10,18.822838495549114,-5.812593805341066,-0.8177161504450887,1304,Mídia Social,East,Cosméticos
2023-05-10,11.822838495549112,-3.8125938053410664,-1.8177161504450887,1304,Mídia Social,North,Cosméticos
2023-05-10,20.822838495549114,-2.8125938053410664,5.182283849554912,1302,Loja Física,South,Alimentos
2023-05-11,12.991879683875386,27.390255620650464,4.199187968387538,1314,E-commerce,South,Alimentos
2023-05-11,14.991879683875386,-4.609744379349538,1.1991879683875386,1311,Loja Física,North,Livros
2023-05-11,15.991879683875386,31.390255620650464,1.1991879683875386,1312,Mídia Social,East,Alimentos
2023-05-11,12.991879683875386,1.3902556206504624,-3.8008120316124616,1313,Mídia Social,South,Cosméticos
2023-05-11,17.991879683875386,-1.6097443793495376,0.1991879683875386,1314,Loja Física,East,Cosméticos
2023-05-11,20.991879683875386,22.390255620650464,-2.8008120316124616,1312,Mídia Social,North,Livros
2023-05-11,20.991879683875386,-2.6097443793495376,0.1991879683875386,1311,E-commerce,North,Livros
2023-05-11,12.991879683875386,-1.6097443793495376,-1.8008120316124614,1311,Loja Física,South,Cosméticos
2023-05-11,14.991879683875386,19.390255620650464,-3.8008120316124616,1310,E-commerce,East,Alimentos
2023-05-11,11.991879683875386,2.3902556206504624,-2.8008120316124616,1313,Mídia Social,Centro-Oeste,Cosméticos
2023-05-11,13.991879683875386,19.390255620650464,5.199187968387538,1311,Loja Física,Centro-Oeste,Alimentos
2023-05-11,16.991879683875386,27.390255620650464,-3.8008120316124616,1311,E-commerce,Centro-Oeste,Eletrônicos
2023-05-12,12.166491218544408,4.599789462253289,1.2166491218544409,1322,Loja Física,Centro-Oeste,Eletrônicos
2023-05-12,13.166491218544408,9.59978946225329,5.216649121854441,1322,E-commerce,North,Eletrônicos
2023-05-12,14.166491218544408,12.59978946225329,-0.7833508781455591,1321,Mídia Social,South,Roupas
2023-05-12,13.166491218544408,-3.4002105377467107,1.2166491218544409,1320,Loja Física,East,Livros
2023-05-12,16.166491218544408,11.59978946225329,4.216649121854441,1320,Mídia Social,East,Livros
2023-05-12,13.166491218544408,20.59978946225329,-2.7833508781455594,1324,Loja Física,South,Roupas
2023-05-12,19.166491218544408,21.59978946225329,-2.7833508781455594,1321,Mídia Social,North,Livros
2023-05-12,13.166491218544408,14.59978946225329,0.21664912185444085,1323,E-commerce,South,Livros
2023-05-12,17.166491218544408,-1.4002105377467107,-0.7833508781455591,1321,Loja Física,North,Alimentos
2023-05-12,16.166491218544408,17.59978946225329,4.216649121854441,1320,Mídia Social,Centro-Oeste,Eletrônicos
2023-05-12,20.166491218544408,-3.4002105377467107,-2.7833508781455594,1322,E-commerce,Centro-Oeste,Eletrônicos
2023-05-12,20.166491218544408,20.59978946225329,5.216649121854441,1324,E-commerce,East,Livros
2023-05-13,12.346349759190336,20.815619711028404,5.234634975919033,1333,Loja Física,North,Cosméticos
2023-05-13,21.346349759190336,13.815619711028402,4.234634975919033,1331,E-commerce,Centro-Oeste,Livros
2023-05-13,20.346349759190336,2.8156197110284023,3.2346349759190334,1334,Loja Física,East,Cosméticos
2023-05-13,21.346349759190336,-3.1843802889715977,-0.7653650240809664,1331,E-commerce,East,Cosméticos
2023-05-13,21.346349759190336,21.815619711028404,-0.7653650240809664,1332,Mídia Social,South,Livros
2023-05-13,20.346349759190336,23.815619711028404,5.234634975919033,1332,Mídia Social,North,Roupas
2023-05-13,18.346349759190336,32.815619711028404,-3.7653650240809666,1330,E-commerce,South,Cosméticos
2023-05-13,12.346349759190336,-3.1843802889715977,-0.7653650240809664,1331,Loja Física,South,Eletrônicos
2023-05-13,18.346349759190336,1.8156197110284023,-0.7653650240809664,1332,Mídia Social,East,Cosméticos
2023-05-13,14.346349759190336,-1.1843802889715977,0.2346349759190336,1330,Mídia Social,Centro-Oeste,Cosméticos
2023-05-13,13.346349759190336,29.815619711028404,-3.7653650240809666,1334,E-commerce,North,Livros
2023-05-13,15.346349759190336,-4.184380288971598,3.2346349759190334,1333,Loja Física,Centro-Oeste,Roupas
2023-05-14,16.531122249200113,31.037346699040135,-2.7468877750799887,1342,Mídia Social,South,Roupas
2023-05-14,13.531122249200113,19.037346699040135,2.2531122249200113,1343,Loja Física,Centro-Oeste,Alimentos
2023-05-14,19.531122249200113,26.037346699040135,0.2531122249200113,1343,Loja Física,South,Roupas
2023-05-14,21.531122249200113,6.037346699040135,5.253112224920011,1343,E-commerce,East,Alimentos
2023-05-14,14.531122249200113,33.037346699040135,-1.7468877750799887,1341,E-commerce,North,Livros
2023-05-14,20.531122249200113,5.037346699040135,5.253112224920011,1341,Loja Física,North,Roupas
2023-05-14,17.531122249200113,11.037346699040135,-3.7468877750799887,1343,Loja Física,East,Roupas
2023-05-14,21.531122249200113,22.037346699040135,-0.7468877750799887,1340,Mídia Social,North,Eletrônicos
2023-05-14,12.531122249200113,27.037346699040135,3.2531122249200113,1342,Mídia Social,Centro-Oeste,Cosméticos
2023-05-14,19.531122249200113,24.037346699040135,-3.7468877750799887,1343,E-commerce,South,Eletrônicos
2023-05-14,21.531122249200113,17.037346699040135,-2.7468877750799887,1343,E-commerce,Centro-Oeste,Eletrônicos
2023-05-14,15.531122249200113,6.037346699040135,2.2531122249200113,1341,Mídia Social,East,Alimentos
2023-05-15,21.720466532457706,1.2645598389492463,4.272046653245771,1352,Loja Física,North,Roupas
2023-05-15,13.720466532457706,16.264559838949246,-0.7279533467542292,1351,E-commerce,Centro-Oeste,Livros
2023-05-15,20.720466532457706,20.264559838949246,4.272046653245771,1353,Mídia Social,North,Cosméticos
2023-05-15,21.720466532457706,21.264559838949246,-0.7279533467542292,1351,E-commerce,East,Roupas
2023-05-15,12.720466532457706,16.264559838949246,4.272046653245771,1350,Mídia Social,South,Alimentos
2023-05-15,18.720466532457706,0.2645598389492463,5.272046653245771,1350,E-commerce,South,Cosméticos
2023-05-15,17.720466532457706,15.264559838949246,5.272046653245771,1354,E-commerce,North,Eletrônicos
2023-05-15,17.720466532457706,1.2645598389492463,2.272046653245771,1353,Mídia Social,Centro-Oeste,Cosméticos
2023-05-15,15.720466532457706,-2.7354401610507537,-0.7279533467542292,1354,Loja Física,East,Livros
2023-05-15,21.720466532457706,22.264559838949246,0.2720466532457708,1351,Loja Física,Centro-Oeste,Livros
2023-05-15,19.720466532457706,32.264559838949246,-3.727953346754229,1350,Loja Física,South,Cosméticos
2023-05-15,21.720466532457706,3.2645598389492463,0.2720466532457708,1354,Mídia Social,East,Livros
2023-05-16,17.914031986938415,-3.5031616156739034,-0.7085968013061583,1364,Loja Física,North,Cosméticos
2023-05-16,15.914031986938415,26.496838384326097,0.2914031986938417,1360,Mídia Social,South,Livros
2023-05-16,17.914031986938415,17.496838384326097,-2.7085968013061583,1364,Mídia Social,North,Livros
2023-05-16,21.914031986938415,-2.5031616156739034,5.291403198693842,1360,Mídia Social,Centro-Oeste,Alimentos
2023-05-16,17.914031986938415,15.496838384326097,1.2914031986938417,1364,E-commerce,Centro-Oeste,Roupas
2023-05-16,20.914031986938415,-1.5031616156739034,4.291403198693842,1362,E-commerce,North,Eletrônicos
2023-05-16,13.914031986938415,22.496838384326097,2.2914031986938417,1360,E-commerce,South,Livros
2023-05-16,17.914031986938415,27.496838384326097,-3.7085968013061583,1363,Loja Física,East,Livros
2023-05-16,18.914031986938415,25.496838384326097,0.2914031986938417,1360,E-commerce,East,Roupas
2023-05-16,12.914031986938415,5.496838384326097,-0.7085968013061583,1362,Mídia Social,East,Eletrônicos
2023-05-16,12.914031986938415,18.496838384326097,-2.7085968013061583,1362,Loja Física,Centro-Oeste,Eletrônicos
2023-05-16,16.914031986938415,0.4968383843260966,-2.7085968013061583,1362,Loja Física,South,Livros
2023-05-17,13.111460173980173,6.733752208776208,-0.6888539826019826,1371,Loja Física,East,Eletrônicos
2023-05-17,14.111460173980173,22.73375220877621,1.3111460173980174,1371,Mídia Social,North,Alimentos
2023-05-17,13.111460173980173,34.73375220877621,3.311146017398017,1373,Loja Física,Centro-Oeste,Livros
2023-05-17,19.111460173980173,0.7337522087762078,0.3111460173980174,1373,Mídia Social,Centro-Oeste,Eletrônicos
2023-05-17,13.111460173980173,5.733752208776208,-3.688853982601983,1371,E-commerce,East,Livros
2023-05-17,22.111460173980173,15.733752208776208,2.311146017398017,1373,E-commerce,Centro-Oeste,Livros
2023-05-17,14.111460173980173,8.733752208776208,1.3111460173980174,1374,Loja Física,North,Alimentos
2023-05-17,14.111460173980173,33.73375220877621,-1.6888539826019826,1372,E-commerce,North,Eletrônicos
2023-05-17,22.111460173980173,19.73375220877621,4.311146017398017,1370,Mídia Social,East,Alimentos
2023-05-17,16.111460173980173,7.733752208776208,-0.6888539826019826,1371,E-commerce,South,Cosméticos
2023-05-17,13.111460173980173,0.7337522087762078,2.311146017398017,1372,Loja Física,South,Eletrônicos
2023-05-17,20.111460173980173,9.733752208776208,-1.6888539826019826,1371,Mídia Social,South,Cosméticos
2023-05-18,15.312385502029432,16.974862602435316,2.3312385502029436,1384,Loja Física,South,Cosméticos
2023-05-18,14.312385502029432,19.974862602435316,1.3312385502029433,1380,E-commerce,Centro-Oeste,Cosméticos
2023-05-18,18.312385502029432,7.9748626024353175,-2.6687614497970564,1383,Mídia Social,North,Alimentos
2023-05-18,20.312385502029432,0.9748626024353175,1.3312385502029433,1380,Loja Física,North,Cosméticos
2023-05-18,18.312385502029432,10.974862602435318,1.3312385502029433,1383,E-commerce,South,Livros
2023-05-18,13.312385502029432,7.9748626024353175,4.331238550202944,1384,Mídia Social,South,Roupas
2023-05-18,16.312385502029432,33.974862602435316,-1.6687614497970567,1383,E-commerce,East,Cosméticos
2023-05-18,21.312385502029432,7.9748626024353175,-1.6687614497970567,1384,E-commerce,North,Cosméticos
2023-05-18,15.312385502029432,16.974862602435316,2.3312385502029436,1384,Loja Física,Centro-Oeste,Eletrônicos
2023-05-18,16.312385502029432,5.9748626024353175,4.331238550202944,1384,Loja Física,East,Eletrônicos
2023-05-18,13.312385502029432,20.974862602435316,-1.6687614497970567,1380,Mídia Social,East,Roupas
2023-05-18,17.312385502029432,7.9748626024353175,0.33123855020294335,1384,Mídia Social,Centro-Oeste,Alimentos
2023-05-19,17.516435903632548,7.219723084359053,0.35164359036325465,1391,E-commerce,Centro-Oeste,Cosméticos
2023-05-19,18.516435903632548,27.219723084359053,1.3516435903632547,1394,E-commerce,East,Cosméticos
2023-05-19,20.516435903632548,24.219723084359053,4.351643590363254,1392,E-commerce,North,Eletrônicos
2023-05-19,17.516435903632548,-0.7802769156409468,-3.6483564096367456,1393,Loja Física,Centro-Oeste,Alimentos
2023-05-19,13.516435903632546,2.219723084359053,1.3516435903632547,1394,Mídia Social,North,Livros
2023-05-19,14.516435903632546,17.219723084359053,1.3516435903632547,1392,Mídia Social,South,Eletrônicos
2023-05-19,19.516435903632548,31.219723084359053,2.3516435903632544,1393,Mídia Social,East,Livros
2023-05-19,19.516435903632548,-3.780276915640947,-1.6483564096367453,1392,Loja Física,North,Eletrônicos
2023-05-19,19.516435903632548,24.219723084359053,1.3516435903632547,1390,E-commerce,South,Roupas
2023-05-19,15.516435903632546,34.21972308435905,2.3516435903632544,1393,Mídia Social,Centro-Oeste,Livros
2023-05-19,13.516435903632546,-2.780276915640947,0.35164359036325465,1391,Loja Física,South,Roupas
2023-05-19,22.516435903632548,3.219723084359053,-0.6483564096367453,1391,Loja Física,East,Cosméticos
2023-05-20,15.72323352441906,26.46788022930287,1.372323352441906,1403,Mídia Social,East,Eletrônicos
2023-05-20,15.72323352441906,21.46788022930287,4.3723233524419065,1401,Loja Física,South,Alimentos
2023-05-20,22.723233524419058,-1.532119770697129,0.37232335244190606,1404,Mídia Social,South,Livros
2023-05-20,20.723233524419058,-2.532119770697129,5.3723233524419065,1401,E-commerce,Centro-Oeste,Cosméticos
2023-05-20,22.723233524419058,17.46788022930287,3.372323352441906,1403,Mídia Social,North,Roupas
2023-05-20,19.723233524419058,-3.532119770697129,1.372323352441906,1404,Loja Física,North,Cosméticos
2023-05-20,19.723233524419058,28.46788022930287,-2.627676647558094,1401,E-commerce,North,Eletrônicos
2023-05-20,13.72323352441906,19.46788022930287,2.372323352441906,1404,E-commerce,East,Cosméticos
2023-05-20,14.72323352441906,30.46788022930287,2.372323352441906,1401,E-commerce,South,Eletrônicos
2023-05-20,20.723233524419058,8.467880229302871,5.3723233524419065,1402,Mídia Social,Centro-Oeste,Cosméticos
2023-05-20,13.72323352441906,15.467880229302871,3.372323352441906,1400,Loja Física,East,Cosméticos
2023-05-20,15.72323352441906,13.467880229302871,0.37232335244190606,1403,Loja Física,Centro-Oeste,Livros
2023-05-21,17.932395422801022,6.718874507361225,4.393239542280102,1411,Mídia Social,East,Alimentos
2023-05-21,16.932395422801022,11.718874507361225,0.39323954228010205,1413,Loja Física,East,Roupas
2023-05-21,16.932395422801022,15.718874507361225,5.393239542280102,1410,Mídia Social,South,Roupas
2023-05-21,20.932395422801022,14.718874507361225,-2.606760457719898,1414,E-commerce,Centro-Oeste,Roupas
2023-05-21,21.932395422801022,22.718874507361225,-3.606760457719898,1410,Loja Física,North,Eletrônicos
2023-05-21,20.932395422801022,1.7188745073612246,3.393239542280102,1412,E-commerce,North,Roupas
2023-05-21,19.932395422801022,26.718874507361225,-2.606760457719898,1414,Loja Física,South,Cosméticos
2023-05-21,15.93239542280102,31.718874507361225,-1.606760457719898,1413,E-commerce,South,Alimentos
2023-05-21,22.932395422801022,30.718874507361225,2.393239542280102,1414,E-commerce,East,Cosméticos
2023-05-21,22.932395422801022,2.7188745073612246,2.393239542280102,1411,Mídia Social,Centro-Oeste,Eletrônicos
2023-05-21,22.932395422801022,2.7188745073612246,-0.606760457719898,1412,Loja Física,Centro-Oeste,Roupas
2023-05-21,21.932395422801022,21.718874507361225,4.393239542280102,1412,Mídia Social,North,Eletrônicos
2023-05-22,15.143534279092611,18.972241134911133,4.414353427909261,1423,Loja Física,North,Livros
2023-05-22,23.143534279092613,8.972241134911133,-3.585646572090739,1423,E-commerce,North,Cosméticos
2023-05-22,15.143534279092611,7.972241134911133,0.4143534279092611,1420,Mídia Social,North,Eletrônicos
2023-05-22,23.143534279092613,12.972241134911133,-0.5856465720907389,1422,Loja Física,East,Livros
2023-05-22,22.143534279092613,17.972241134911133,-3.585646572090739,1423,Mídia Social,Centro-Oeste,Roupas
2023-05-22,21.143534279092613,32.97224113491113,5.414353427909261,1422,E-commerce,Centro-Oeste,Cosméticos
2023-05-22,18.143534279092613,4.972241134911133,-3.585646572090739,1422,E-commerce,East,Eletrônicos
2023-05-22,16.143534279092613,19.972241134911133,3.414353427909261,1421,Mídia Social,East,Cosméticos
2023-05-22,23.143534279092613,20.972241134911133,5.414353427909261,1422,Loja Física,Centro-Oeste,Livros
2023-05-22,15.143534279092611,11.972241134911133,0.4143534279092611,1422,Loja Física,South,Eletrônicos
2023-05-22,21.143534279092613,1.9722411349111333,-1.585646572090739,1424,Mídia Social,South,Alimentos
2023-05-22,19.143534279092613,-2.0277588650888667,-3.585646572090739,1420,E-commerce,South,Livros
2023-05-23,23.3562591127371,7.227510935284517,4.43562591127371,1433,E-commerce,South,Roupas
2023-05-23,19.3562591127371,7.227510935284517,0.43562591127370975,1431,E-commerce,North,Eletrônicos
2023-05-23,19.3562591127371,21.227510935284517,0.43562591127370975,1434,E-commerce,East,Eletrônicos
2023-05-23,22.3562591127371,2.227510935284517,3.4356259112737098,1432,Loja Física,South,Roupas
2023-05-23,23.3562591127371,18.227510935284517,3.4356259112737098,1433,Mídia Social,Centro-Oeste,Livros
2023-05-23,22.3562591127371,3.227510935284517,-1.5643740887262902,1431,Loja Física,East,Alimentos
2023-05-23,17.3562591127371,0.22751093528451705,-0.5643740887262902,1434,Mídia Social,East,Alimentos
2023-05-23,19.3562591127371,27.227510935284517,2.4356259112737098,1430,Mídia Social,South,Livros
2023-05-23,20.3562591127371,24.227510935284517,-1.5643740887262902,1433,Mídia Social,North,Roupas
2023-05-23,14.356259112737098,13.227510935284517,-0.5643740887262902,1433,Loja Física,North,Eletrônicos
2023-05-23,21.3562591127371,4.227510935284517,-1.5643740887262902,1430,Loja Física,Centro-Oeste,Alimentos
2023-05-23,23.3562591127371,9.227510935284517,0.43562591127370975,1430,E-commerce,Centro-Oeste,Eletrônicos
2023-05-24,21.570176006312767,31.48421120757532,0.4570176006312767,1441,Mídia Social,Centro-Oeste,Livros
2023-05-24,19.570176006312767,10.48421120757532,5.457017600631277,1440,Mídia Social,North,Alimentos
2023-05-24,15.570176006312767,23.48421120757532,3.4570176006312767,1443,E-commerce,East,Eletrônicos
2023-05-24,16.570176006312767,11.48421120757532,5.457017600631277,1442,Mídia Social,East,Livros
2023-05-24,21.570176006312767,32.48421120757532,-1.5429823993687233,1441,Loja Física,East,Roupas
2023-05-24,17.570176006312767,20.48421120757532,5.457017600631277,1441,E-commerce,South,Livros
2023-05-24,14.570176006312767,21.48421120757532,4.457017600631277,1444,Loja Física,North,Eletrônicos
2023-05-24,16.570176006312767,4.484211207575321,-3.5429823993687233,1441,Loja Física,South,Livros
2023-05-24,19.570176006312767,-0.5157887924246793,-2.5429823993687233,1443,E-commerce,North,Roupas
2023-05-24,22.570176006312767,18.48421120757532,3.4570176006312767,1442,Mídia Social,South,Roupas
2023-05-24,21.570176006312767,33.48421120757532,-0.5429823993687233,1440,E-commerce,Centro-Oeste,Cosméticos
2023-05-24,15.570176006312767,1.4842112075753207,5.457017600631277,1440,Loja Física,Centro-Oeste,Eletrônicos
2023-05-25,21.784888834977345,-0.25813339802718716,-0.5215111165022654,1453,Loja Física,South,Alimentos
2023-05-25,15.784888834977345,23.741866601972813,1.4784888834977346,1452,E-commerce,South,Livros
2023-05-25,23.784888834977345,14.741866601972813,2.4784888834977346,1451,Loja Física,East,Alimentos
2023-05-25,19.784888834977345,0.7418666019728128,-2.5215111165022654,1450,E-commerce,North,Alimentos
2023-05-25,17.784888834977345,20.741866601972813,2.4784888834977346,1453,Loja Física,Centro-Oeste,Roupas
2023-05-25,15.784888834977345,28.741866601972813,2.4784888834977346,1450,Mídia Social,East,Roupas
2023-05-25,20.784888834977345,9.741866601972813,5.478488883497734,1450,E-commerce,East,Livros
2023-05-25,17.784888834977345,12.741866601972813,3.4784888834977346,1450,Loja Física,North,Eletrônicos
2023-05-25,23.784888834977345,27.741866601972813,2.4784888834977346,1453,Mídia Social,Centro-Oeste,Livros
2023-05-25,16.784888834977345,15.741866601972813,1.4784888834977346,1451,Mídia Social,South,Eletrônicos
2023-05-25,20.784888834977345,7.741866601972813,-2.5215111165022654,1450,E-commerce,Centro-Oeste,Cosméticos
2023-05-25,23.784888834977345,36.741866601972816,4.478488883497734,1452,Mídia Social,North,Roupas
2023-05-26,15.000000000000004,30.000000000000004,5.5,1462,E-commerce,Centro-Oeste,Cosméticos
2023-05-26,20.000000000000004,35.0,0.5000000000000004,1463,E-commerce,North,Roupas
2023-05-26,19.000000000000004,36.0,3.5000000000000004,1464,Mídia Social,South,Alimentos
2023-05-26,18.000000000000004,26.000000000000004,1.5000000000000004,1464,Loja Física,East,Cosméticos
2023-05-26,21.000000000000004,17.000000000000004,1.5000000000000004,1460,Loja Física,South,Alimentos
2023-05-26,16.000000000000004,18.000000000000004,2.5000000000000004,1462,Loja Física,North,Livros
2023-05-26,24.000000000000004,30.000000000000004,1.5000000000000004,1460,Mídia Social,East,Roupas
2023-05-26,22.000000000000004,35.0,-1.4999999999999996,1460,E-commerce,South,Cosméticos
2023-05-26,20.000000000000004,10.000000000000004,3.5000000000000004,1464,Loja Física,Centro-Oeste,Livros
2023-05-26,19.000000000000004,26.000000000000004,4.5,1462,Mídia Social,North,Eletrônicos
2023-05-26,19.000000000000004,3.0000000000000036,-3.4999999999999996,1460,E-commerce,East,Roupas
2023-05-26,15.000000000000004,36.0,5.5,1460,Mídia Social,Centro-Oeste,Livros
2023-05-27,18.215111165022655,32.258133398027184,2.5215111165022654,1472,Loja Física,North,Roupas
2023-05-27,23.215111165022655,8.258133398027184,5.521511116502266,1471,E-commerce,South,Alimentos
2023-05-27,17.215111165022655,10.258133398027184,-0.47848888349773455,1473,Loja Física,East,Eletrônicos
2023-05-27,21.215111165022655,29.258133398027184,4.521511116502266,1472,E-commerce,East,Eletrônicos
2023-05-27,20.215111165022655,11.258133398027184,3.5215111165022654,1470,E-commerce,North,Livros
2023-05-27,22.215111165022655,13.258133398027184,1.5215111165022654,1474,Mídia Social,North,Livros
2023-05-27,19.215111165022655,8.258133398027184,-1.4784888834977346,1473,Mídia Social,Centro-Oeste,Roupas
2023-05-27,19.215111165022655,30.258133398027184,-3.4784888834977346,1472,Loja Física,Centro-Oeste,Livros
2023-05-27,16.215111165022655,23.258133398027184,4.521511116502266,1474,Mídia Social,East,Livros
2023-05-27,18.215111165022655,29.258133398027184,4.521511116502266,1472,E-commerce,Centro-Oeste,Cosméticos
2023-05-27,22.215111165022655,36.258133398027184,-3.4784888834977346,1473,Mídia Social,South,Livros
2023-05-27,19.215111165022655,16.258133398027184,-1.4784888834977346,1474,Loja Física,South,Alimentos
2023-05-28,17.42982399368723,27.515788792424676,5.542982399368723,1483,E-commerce,North,Roupas
2023-05-28,17.42982399368723,0.5157887924246758,0.5429823993687233,1484,Loja Física,South,Roupas
2023-05-28,16.42982399368723,10.515788792424676,-3.4570176006312767,1482,Loja Física,Centro-Oeste,Cosméticos
2023-05-28,24.42982399368723,19.515788792424676,1.5429823993687233,1481,E-commerce,Centro-Oeste,Roupas
2023-05-28,17.42982399368723,3.515788792424676,5.542982399368723,1481,Loja Física,North,Cosméticos
2023-05-28,24.42982399368723,31.515788792424676,3.5429823993687233,1481,Loja Física,East,Eletrônicos
2023-05-28,24.42982399368723,4.515788792424676,3.5429823993687233,1482,E-commerce,East,Cosméticos
2023-05-28,23.42982399368723,17.515788792424676,4.542982399368723,1481,Mídia Social,North,Cosméticos
2023-05-28,24.42982399368723,36.51578879242467,-1.4570176006312767,1483,Mídia Social,South,Eletrônicos
2023-05-28,23.42982399368723,32.51578879242467,4.542982399368723,1483,Mídia Social,Centro-Oeste,Cosméticos
2023-05-28,17.42982399368723,30.515788792424676,5.542982399368723,1484,Mídia Social,East,Eletrônicos
2023-05-28,23.42982399368723,19.515788792424676,-2.4570176006312767,1484,E-commerce,South,Alimentos
2023-05-29,19.643740887262904,29.772489064715483,3.5643740887262902,1492,E-commerce,Centro-Oeste,Livros
2023-05-29,18.643740887262904,22.772489064715483,1.5643740887262905,1494,Mídia Social,South,Cosméticos
2023-05-29,22.643740887262904,29.772489064715483,4.56437408872629,1493,Mídia Social,Centro-Oeste,Eletrônicos
2023-05-29,22.643740887262904,13.772489064715483,-3.4356259112737098,1490,Loja Física,Centro-Oeste,Cosméticos
2023-05-29,19.643740887262904,31.772489064715483,4.56437408872629,1491,Loja Física,South,Eletrônicos
2023-05-29,23.643740887262904,30.772489064715483,0.5643740887262905,1493,E-commerce,North,Eletrônicos
2023-05-29,22.643740887262904,7.772489064715483,0.5643740887262905,1491,Loja Física,East,Roupas
2023-05-29,15.643740887262904,30.772489064715483,-3.4356259112737098,1492,E-commerce,South,Cosméticos
2023-05-29,16.643740887262904,-0.22751093528451705,5.56437408872629,1491,E-commerce,East,Livros
2023-05-29,15.643740887262904,20.772489064715483,-3.4356259112737098,1493,Mídia Social,East,Livros
2023-05-29,22.643740887262904,10.772489064715483,-2.4356259112737098,1493,Loja Física,North,Cosméticos
2023-05-29,18.643740887262904,0.772489064715483,3.5643740887262902,1493,Mídia Social,North,Livros
2023-05-30,20.856465720907387,27.027758865088863,-1.414353427909261,1500,E-commerce,South,Cosméticos
2023-05-30,19.856465720907387,35.02775886508886,5.585646572090739,1500,E-commerce,Centro-Oeste,Livros
2023-05-30,16.856465720907387,-0.9722411349111368,-0.4143534279092611,1503,Loja Física,South,Livros
2023-05-30,20.856465720907387,26.027758865088863,2.585646572090739,1502,E-commerce,North,Cosméticos
2023-05-30,16.856465720907387,29.027758865088863,3.585646572090739,1504,Mídia Social,South,Livros
2023-05-30,17.856465720907387,35.02775886508886,-2.414353427909261,1504,E-commerce,East,Cosméticos
2023-05-30,19.856465720907387,26.027758865088863,-0.4143534279092611,1503,Loja Física,North,Livros
2023-05-30,23.856465720907387,16.027758865088863,-1.414353427909261,1500,Loja Física,Centro-Oeste,Roupas
2023-05-30,23.856465720907387,20.027758865088863,3.585646572090739,1502,Loja Física,East,Livros
2023-05-30,20.856465720907387,5.027758865088863,-2.414353427909261,1500,Mídia Social,North,Cosméticos
2023-05-30,24.856465720907387,4.027758865088863,-2.414353427909261,1501,Mídia Social,Centro-Oeste,Cosméticos
2023-05-30,24.856465720907387,37.02775886508886,-1.414353427909261,1504,Mídia Social,East,Cosméticos
2023-05-31,23.067604577198978,14.281125492638772,0.606760457719898,1513,Mídia Social,East,Alimentos
2023-05-31,22.067604577198978,2.281125492638772,-0.39323954228010205,1513,E-commerce,Centro-Oeste,Eletrônicos
2023-05-31,22.067604577198978,14.281125492638772,3.606760457719898,1512,Loja Física,Centro-Oeste,Eletrônicos
2023-05-31,19.067604577198978,21.281125492638772,1.606760457719898,1510,Loja Física,North,Roupas
2023-05-31,25.067604577198978,37.28112549263877,-0.39323954228010205,1513,Mídia Social,North,Alimentos
2023-05-31,23.067604577198978,19.281125492638772,-3.393239542280102,1512,E-commerce,South,Alimentos
2023-05-31,23.067604577198978,36.28112549263877,3.606760457719898,1511,Mídia Social,South,Eletrônicos
2023-05-31,16.067604577198978,34.28112549263877,5.606760457719898,1513,E-commerce,North,Alimentos
2023-05-31,22.067604577198978,0.28112549263877185,1.606760457719898,1514,Loja Física,East,Roupas
2023-05-31,23.067604577198978,28.281125492638772,-3.393239542280102,1513,Loja Física,South,Roupas
2023-05-31,23.067604577198978,20.281125492638772,4.606760457719898,1511,E-commerce,East,Alimentos
2023-05-31,18.067604577198978,12.281125492638772,0.606760457719898,1512,Mídia Social,Centro-Oeste,Roupas
2023-06-01,23.276766475580935,34.132119770697116,5.927676647558093,1524,Loja Física,South,Roupas
2023-06-01,21.276766475580935,7.13211977069712,5.927676647558093,1522,Loja Física,North,Alimentos
2023-06-01,22.276766475580935,21.13211977069712,3.9276766475580933,1523,Mídia Social,North,Roupas
2023-06-01,26.276766475580935,23.13211977069712,-2.0723233524419067,1521,Mídia Social,Centro-Oeste,Cosméticos
2023-06-01,21.276766475580935,33.132119770697116,5.927676647558093,1522,Loja Física,East,Livros
2023-06-01,26.276766475580935,34.132119770697116,2.9276766475580933,1522,Mídia Social,East,Alimentos
2023-06-01,28.276766475580935,22.13211977069712,0.9276766475580935,1523,E-commerce,North,Alimentos
2023-06-01,19.276766475580935,35.132119770697116,5.927676647558093,1522,E-commerce,South,Eletrônicos
2023-06-01,20.276766475580935,25.13211977069712,3.9276766475580933,1523,E-commerce,East,Roupas
2023-06-01,19.276766475580935,23.13211977069712,-2.0723233524419067,1524,Loja Física,Centro-Oeste,Livros
2023-06-01,28.276766475580935,19.13211977069712,1.9276766475580935,1520,Mídia Social,South,Alimentos
2023-06-01,27.276766475580935,15.13211977069712,-1.0723233524419065,1520,E-commerce,Centro-Oeste,Alimentos
2023-06-02,20.48356409636745,34.380276915640934,4.9483564096367445,1534,E-commerce,South,Eletrônicos
2023-06-02,23.48356409636745,5.380276915640938,-3.051643590363255,1530,E-commerce,Centro-Oeste,Eletrônicos
2023-06-02,24.48356409636745,29.380276915640938,-2.051643590363255,1531,Loja Física,East,Roupas
2023-06-02,19.48356409636745,29.380276915640938,-2.051643590363255,1530,Mídia Social,Centro-Oeste,Alimentos
2023-06-02,22.48356409636745,30.380276915640938,5.9483564096367445,1534,E-commerce,East,Livros
2023-06-02,23.48356409636745,29.380276915640938,-1.051643590363255,1533,Loja Física,Centro-Oeste,Roupas
2023-06-02,25.48356409636745,12.380276915640938,-1.051643590363255,1531,Mídia Social,North,Eletrônicos
2023-06-02,20.48356409636745,8.380276915640938,0.948356409636745,1532,Loja Física,North,Livros
2023-06-02,27.48356409636745,5.380276915640938,1.948356409636745,1532,E-commerce,North,Alimentos
2023-06-02,27.48356409636745,23.380276915640938,-0.051643590363255054,1533,Mídia Social,South,Livros
2023-06-02,22.48356409636745,13.380276915640938,-3.051643590363255,1530,Mídia Social,East,Roupas
2023-06-02,21.48356409636745,42.380276915640934,0.948356409636745,1532,Loja Física,South,Eletrônicos
2023-06-03,28.687614497970568,22.625137397564682,4.968761449797057,1541,Mídia Social,East,Eletrônicos
2023-06-03,25.687614497970568,25.625137397564682,1.968761449797057,1543,Loja Física,East,Eletrônicos
2023-06-03,26.687614497970568,9.625137397564682,5.968761449797057,1540,Mídia Social,Centro-Oeste,Roupas
2023-06-03,26.687614497970568,32.625137397564686,-2.031238550202943,1544,Loja Física,North,Cosméticos
2023-06-03,22.687614497970568,25.625137397564682,0.9687614497970569,1544,Loja Física,South,Roupas
2023-06-03,19.687614497970568,32.625137397564686,0.9687614497970569,1540,Mídia Social,South,Eletrônicos
2023-06-03,22.687614497970568,12.625137397564682,0.9687614497970569,1540,Mídia Social,North,Roupas
2023-06-03,22.687614497970568,22.625137397564682,2.968761449797057,1540,Loja Física,Centro-Oeste,Livros
2023-06-03,21.687614497970568,21.625137397564682,-0.031238550202943083,1540,E-commerce,East,Livros
2023-06-03,27.687614497970568,41.625137397564686,-1.031238550202943,1544,E-commerce,South,Livros
2023-06-03,28.687614497970568,42.625137397564686,5.968761449797057,1543,E-commerce,Centro-Oeste,Eletrônicos
2023-06-03,21.687614497970568,7.625137397564682,3.968761449797057,1540,E-commerce,North,Eletrônicos
2023-06-04,19.888539826019827,34.86624779122379,0.9888539826019827,1553,Loja Física,North,Roupas
2023-06-04,20.888539826019827,41.86624779122379,4.988853982601983,1554,Mídia Social,East,Roupas
2023-06-04,25.888539826019827,16.866247791223792,-2.0111460173980173,1550,E-commerce,North,Cosméticos
2023-06-04,27.888539826019827,19.866247791223792,-3.0111460173980173,1553,E-commerce,East,Roupas
2023-06-04,22.888539826019827,35.86624779122379,3.9888539826019827,1552,Loja Física,South,Livros
2023-06-04,19.888539826019827,36.86624779122379,0.9888539826019827,1552,Loja Física,Centro-Oeste,Roupas
2023-06-04,23.888539826019827,30.866247791223792,0.9888539826019827,1552,Loja Física,East,Livros
2023-06-04,21.888539826019827,35.86624779122379,-0.01114601739801735,1554,E-commerce,Centro-Oeste,Eletrônicos
2023-06-04,26.888539826019827,20.866247791223792,-0.01114601739801735,1552,E-commerce,South,Cosméticos
2023-06-04,23.888539826019827,25.866247791223792,0.9888539826019827,1551,Mídia Social,Centro-Oeste,Eletrônicos
2023-06-04,28.888539826019827,6.866247791223792,-2.0111460173980173,1553,Mídia Social,South,Eletrônicos
2023-06-04,21.888539826019827,27.866247791223792,3.9888539826019827,1550,Mídia Social,North,Eletrônicos
2023-06-05,21.08596801306158,8.103161615673898,0.008596801306158142,1562,Loja Física,Centro-Oeste,Roupas
2023-06-05,23.08596801306158,40.1031616156739,-0.9914031986938419,1562,Loja Física,South,Cosméticos
2023-06-05,27.08596801306158,22.103161615673898,6.008596801306158,1562,Loja Física,North,Livros
2023-06-05,28.08596801306158,4.103161615673898,2.008596801306158,1561,E-commerce,South,Eletrônicos
2023-06-05,29.08596801306158,24.103161615673898,6.008596801306158,1564,E-commerce,East,Eletrônicos
2023-06-05,23.08596801306158,29.103161615673898,-1.9914031986938419,1562,Mídia Social,East,Eletrônicos
2023-06-05,25.08596801306158,16.103161615673898,-1.9914031986938419,1562,Loja Física,East,Eletrônicos
2023-06-05,29.08596801306158,32.1031616156739,5.008596801306158,1562,Mídia Social,Centro-Oeste,Roupas
2023-06-05,22.08596801306158,43.1031616156739,1.0085968013061581,1564,Mídia Social,South,Alimentos
2023-06-05,29.08596801306158,40.1031616156739,0.008596801306158142,1563,Mídia Social,North,Livros
2023-06-05,26.08596801306158,33.1031616156739,6.008596801306158,1561,E-commerce,North,Roupas
2023-06-05,21.08596801306158,26.103161615673898,5.008596801306158,1560,E-commerce,Centro-Oeste,Livros
2023-06-06,22.279533467542294,14.335440161050752,5.027953346754229,1574,Loja Física,Centro-Oeste,Eletrônicos
2023-06-06,20.279533467542294,28.33544016105075,6.027953346754229,1571,Mídia Social,North,Roupas
2023-06-06,22.279533467542294,10.335440161050752,-0.9720466532457706,1572,Mídia Social,Centro-Oeste,Roupas
2023-06-06,23.279533467542294,4.335440161050752,5.027953346754229,1574,Loja Física,North,Eletrônicos
2023-06-06,23.279533467542294,23.33544016105075,6.027953346754229,1574,Mídia Social,East,Roupas
2023-06-06,25.279533467542294,25.33544016105075,-1.9720466532457706,1570,Loja Física,South,Roupas
2023-06-06,27.279533467542294,5.335440161050752,5.027953346754229,1574,Loja Física,East,Roupas
2023-06-06,21.279533467542294,19.33544016105075,1.0279533467542294,1572,E-commerce,Centro-Oeste,Alimentos
2023-06-06,21.279533467542294,31.33544016105075,4.027953346754229,1573,E-commerce,North,Alimentos
2023-06-06,29.279533467542294,12.335440161050752,3.0279533467542294,1572,Mídia Social,South,Livros
2023-06-06,27.279533467542294,40.335440161050755,3.0279533467542294,1571,E-commerce,East,Roupas
2023-06-06,24.279533467542294,32.335440161050755,2.0279533467542294,1571,E-commerce,South,Alimentos
2023-06-07,20.468877750799884,34.56265330095986,2.0468877750799885,1584,E-commerce,South,Eletrônicos
2023-06-07,28.468877750799884,36.56265330095986,1.0468877750799885,1583,Loja Física,North,Livros
2023-06-07,22.468877750799884,18.56265330095986,0.046887775079988536,1580,Mídia Social,North,Alimentos
2023-06-07,21.468877750799884,15.562653300959859,4.0468877750799885,1580,E-commerce,East,Cosméticos
2023-06-07,24.468877750799884,19.56265330095986,4.0468877750799885,1583,Mídia Social,East,Livros
2023-06-07,26.468877750799884,11.562653300959859,4.0468877750799885,1580,E-commerce,Centro-Oeste,Alimentos
2023-06-07,28.468877750799884,37.56265330095986,4.0468877750799885,1583,Mídia Social,Centro-Oeste,Alimentos
2023-06-07,26.468877750799884,38.56265330095986,-2.9531122249200115,1584,Loja Física,South,Alimentos
2023-06-07,20.468877750799884,17.56265330095986,3.0468877750799885,1583,Mídia Social,South,Cosméticos
2023-06-07,27.468877750799884,12.562653300959859,-0.9531122249200115,1584,E-commerce,North,Cosméticos
2023-06-07,27.468877750799884,7.562653300959859,-0.9531122249200115,1583,Loja Física,Centro-Oeste,Livros
2023-06-07,25.468877750799884,41.56265330095986,0.046887775079988536,1580,Loja Física,East,Roupas
2023-06-08,20.653650240809664,21.784380288971597,0.06536502408096645,1590,E-commerce,East,Alimentos
2023-06-08,26.653650240809664,43.7843802889716,3.0653650240809664,1591,Mídia Social,South,Livros
2023-06-08,20.653650240809664,6.784380288971597,6.0653650240809664,1594,E-commerce,North,Alimentos
2023-06-08,23.653650240809664,9.784380288971597,4.0653650240809664,1593,E-commerce,South,Cosméticos
2023-06-08,28.653650240809664,7.784380288971597,1.0653650240809664,1591,Mídia Social,North,Alimentos
2023-06-08,24.653650240809664,18.784380288971597,2.0653650240809664,1591,Loja Física,North,Eletrônicos
2023-06-08,28.653650240809664,7.784380288971597,-1.9346349759190336,1591,Loja Física,Centro-Oeste,Alimentos
2023-06-08,28.653650240809664,31.784380288971597,6.0653650240809664,1592,Mídia Social,Centro-Oeste,Cosméticos
2023-06-08,27.653650240809664,24.784380288971597,4.0653650240809664,1593,Loja Física,South,Cosméticos
2023-06-08,23.653650240809664,15.784380288971597,-1.9346349759190336,1593,E-commerce,Centro-Oeste,Eletrônicos
2023-06-08,29.653650240809664,16.784380288971597,1.0653650240809664,1591,Mídia Social,East,Roupas
2023-06-08,22.653650240809664,30.784380288971597,-0.9346349759190336,1594,Loja Física,East,Cosméticos
2023-06-09,25.833508781455585,11.0002105377467,-1.9166491218544413,1603,Loja Física,East,Eletrônicos
2023-06-09,28.833508781455585,44.000210537746696,0.08335087814555875,1601,Loja Física,South,Eletrônicos
2023-06-09,28.833508781455585,39.000210537746696,5.083350878145559,1603,E-commerce,North,Alimentos
2023-06-09,28.833508781455585,9.0002105377467,-2.9166491218544413,1600,Mídia Social,Centro-Oeste,Eletrônicos
2023-06-09,28.833508781455585,13.0002105377467,5.083350878145559,1604,Loja Física,Centro-Oeste,Eletrônicos
2023-06-09,28.833508781455585,27.0002105377467,6.083350878145559,1600,Mídia Social,North,Eletrônicos
2023-06-09,26.833508781455585,18.0002105377467,2.0833508781455587,1603,Mídia Social,East,Eletrônicos
2023-06-09,24.833508781455585,26.0002105377467,-2.9166491218544413,1602,E-commerce,Centro-Oeste,Roupas
2023-06-09,28.833508781455585,17.0002105377467,4.083350878145559,1602,E-commerce,East,Eletrônicos
2023-06-09,26.833508781455585,32.000210537746696,4.083350878145559,1603,Mídia Social,South,Livros
2023-06-09,24.833508781455585,10.0002105377467,5.083350878145559,1601,E-commerce,South,Alimentos
2023-06-09,21.833508781455585,8.0002105377467,-0.9166491218544413,1600,Loja Física,North,Livros
2023-06-10,30.00812031612461,26.209744379349534,0.100812031612461,1610,Mídia Social,South,Livros
2023-06-10,26.00812031612461,10.209744379349534,-0.899187968387539,1610,E-commerce,South,Cosméticos
2023-06-10,28.00812031612461,23.209744379349534,1.100812031612461,1610,Loja Física,North,Livros
2023-06-10,22.00812031612461,32.20974437934953,-0.899187968387539,1612,Mídia Social,Centro-Oeste,Livros
2023-06-10,26.00812031612461,32.20974437934953,3.100812031612461,1611,E-commerce,Centro-Oeste,Livros
2023-06-10,23.00812031612461,42.20974437934953,2.100812031612461,1611,E-commerce,North,Cosméticos
2023-06-10,22.00812031612461,14.209744379349534,0.100812031612461,1614,Loja Física,South,Livros
2023-06-10,27.00812031612461,12.209744379349534,-0.899187968387539,1613,Loja Física,Centro-Oeste,Cosméticos
2023-06-10,24.00812031612461,19.209744379349534,-1.899187968387539,1611,Mídia Social,East,Livros
2023-06-10,26.00812031612461,36.20974437934953,5.100812031612461,1610,Loja Física,East,Livros
2023-06-10,26.00812031612461,18.209744379349534,-0.899187968387539,1611,E-commerce,East,Alimentos
2023-06-10,27.00812031612461,15.209744379349534,-1.899187968387539,1613,Mídia Social,North,Cosméticos
2023-06-11,30.177161504450883,29.412593805341057,-0.8822838495549115,1623,Loja Física,South,Eletrônicos
2023-06-11,29.177161504450883,20.412593805341057,5.117716150445089,1624,Mídia Social,Centro-Oeste,Eletrônicos
2023-06-11,25.177161504450883,35.41259380534106,-2.8822838495549115,1621,E-commerce,North,Cosméticos
2023-06-11,30.177161504450883,30.412593805341057,-0.8822838495549115,1624,E-commerce,East,Eletrônicos
2023-06-11,26.177161504450883,21.412593805341057,1.1177161504450885,1622,Mídia Social,South,Livros
2023-06-11,25.177161504450883,12.412593805341057,2.1177161504450885,1624,E-commerce,Centro-Oeste,Eletrônicos
2023-06-11,25.177161504450883,8.412593805341057,5.117716150445089,1623,Mídia Social,North,Cosméticos
2023-06-11,25.177161504450883,28.412593805341057,-0.8822838495549115,1623,Loja Física,East,Roupas
2023-06-11,29.177161504450883,35.41259380534106,-2.8822838495549115,1621,E-commerce,South,Alimentos
2023-06-11,21.177161504450883,23.412593805341057,0.11771615044508854,1622,Loja Física,Centro-Oeste,Livros
2023-06-11,22.177161504450883,11.412593805341057,-2.8822838495549115,1623,Loja Física,North,Roupas
2023-06-11,24.177161504450883,29.412593805341057,-1.8822838495549115,1620,Mídia Social,East,Livros
2023-06-12,27.340319321067668,10.608383185281202,6.134031932106767,1632,Mídia Social,South,Cosméticos
2023-06-12,27.340319321067668,30.608383185281202,5.134031932106767,1630,E-commerce,North,Alimentos
2023-06-12,22.340319321067668,41.6083831852812,0.13403193210676667,1630,Mídia Social,Centro-Oeste,Roupas
2023-06-12,24.340319321067668,29.608383185281202,5.134031932106767,1632,Mídia Social,East,Alimentos
2023-06-12,24.340319321067668,17.608383185281202,0.13403193210676667,1633,Loja Física,Centro-Oeste,Alimentos
2023-06-12,21.340319321067668,28.608383185281202,-1.8659680678932333,1633,E-commerce,Centro-Oeste,Livros
2023-06-12,30.340319321067668,27.608383185281202,-1.8659680678932333,1632,Loja Física,North,Livros
2023-06-12,21.340319321067668,10.608383185281202,4.134031932106767,1634,Mídia Social,North,Eletrônicos
2023-06-12,30.340319321067668,30.608383185281202,0.13403193210676667,1631,E-commerce,East,Livros
2023-06-12,25.340319321067668,8.608383185281202,4.134031932106767,1633,Loja Física,South,Alimentos
2023-06-12,23.340319321067668,21.608383185281202,2.1340319321067667,1633,E-commerce,South,Livros
2023-06-12,26.340319321067668,26.608383185281202,3.1340319321067667,1630,Loja Física,East,Alimentos
2023-06-13,25.497291635258236,33.79674996230988,4.149729163525824,1643,Mídia Social,East,Roupas
2023-06-13,21.497291635258236,8.796749962309882,2.1497291635258238,1644,E-commerce,East,Roupas
2023-06-13,26.497291635258236,12.796749962309882,1.1497291635258238,1640,E-commerce,North,Livros
2023-06-13,25.497291635258236,6.796749962309882,-2.8502708364741762,1641,Mídia Social,Centro-Oeste,Alimentos
2023-06-13,23.497291635258236,27.79674996230988,1.1497291635258238,1644,Loja Física,North,Cosméticos
2023-06-13,29.497291635258236,18.79674996230988,-0.8502708364741762,1641,Mídia Social,North,Livros
2023-06-13,23.497291635258236,42.79674996230988,-0.8502708364741762,1642,E-commerce,Centro-Oeste,Livros
2023-06-13,28.497291635258236,19.79674996230988,6.149729163525824,1643,Loja Física,South,Livros
2023-06-13,21.497291635258236,39.79674996230988,-2.8502708364741762,1643,Mídia Social,South,Eletrônicos
2023-06-13,26.497291635258236,33.79674996230988,-0.8502708364741762,1642,Loja Física,Centro-Oeste,Livros
2023-06-13,29.497291635258236,40.79674996230988,-0.8502708364741762,1642,Loja Física,East,Alimentos
2023-06-13,26.497291635258236,8.796749962309882,5.149729163525824,1643,E-commerce,South,Cosméticos
2023-06-14,29.647787770432437,17.977345324518925,3.1647787770432436,1653,E-commerce,South,Eletrônicos
2023-06-14,27.647787770432437,14.977345324518925,-0.8352212229567564,1654,Mídia Social,East,Livros
2023-06-14,27.647787770432437,28.977345324518925,2.1647787770432436,1651,Loja Física,Centro-Oeste,Livros
2023-06-14,24.647787770432437,26.977345324518925,4.164778777043244,1652,Mídia Social,South,Livros
2023-06-14,28.647787770432437,7.977345324518925,0.16477877704324362,1653,Loja Física,South,Eletrônicos
2023-06-14,21.647787770432437,5.977345324518925,6.164778777043244,1653,E-commerce,North,Cosméticos
2023-06-14,29.647787770432437,38.97734532451892,-0.8352212229567564,1651,E-commerce,Centro-Oeste,Livros
2023-06-14,24.647787770432437,24.977345324518925,0.16477877704324362,1653,Mídia Social,Centro-Oeste,Eletrônicos
2023-06-14,28.647787770432437,9.977345324518925,5.164778777043244,1652,Loja Física,North,Roupas
2023-06-14,22.647787770432437,40.97734532451892,0.16477877704324362,1650,Mídia Social,North,Eletrônicos
2023-06-14,29.647787770432437,21.977345324518925,-1.8352212229567564,1653,Loja Física,East,Eletrônicos
2023-06-14,29.647787770432437,11.977345324518925,3.1647787770432436,1651,E-commerce,East,Cosméticos
2023-06-15,21.79152904239281,41.14983485087137,-1.820847095760719,1662,Mídia Social,East,Alimentos
2023-06-15,26.79152904239281,18.149834850871372,5.179152904239281,1664,Mídia Social,Centro-Oeste,Livros
2023-06-15,30.79152904239281,35.14983485087137,-2.820847095760719,1662,Loja Física,North,Roupas
2023-06-15,21.79152904239281,42.14983485087137,-2.820847095760719,1662,E-commerce,East,Cosméticos
2023-06-15,21.79152904239281,23.149834850871372,2.179152904239281,1664,E-commerce,North,Roupas
2023-06-15,26.79152904239281,32.14983485087137,0.17915290423928099,1662,Loja Física,East,Cosméticos
2023-06-15,22.79152904239281,37.14983485087137,2.179152904239281,1661,E-commerce,South,Livros
2023-06-15,24.79152904239281,30.149834850871372,3.179152904239281,1661,Mídia Social,North,Livros
2023-06-15,24.79152904239281,44.14983485087137,5.179152904239281,1660,Loja Física,Centro-Oeste,Eletrônicos
2023-06-15,24.79152904239281,20.149834850871372,-0.820847095760719,1662,Mídia Social,South,Cosméticos
2023-06-15,22.79152904239281,39.14983485087137,-2.820847095760719,1661,Loja Física,South,Livros
2023-06-15,21.79152904239281,12.149834850871372,3.179152904239281,1664,E-commerce,Centro-Oeste,Roupas
2023-06-16,21.92824927539357,8.313899130472283,-0.8071750724606432,1674,E-commerce,East,Roupas
2023-06-16,26.92824927539357,27.313899130472283,3.1928249275393568,1671,Mídia Social,South,Eletrônicos
2023-06-16,27.92824927539357,22.313899130472283,-2.8071750724606432,1671,Loja Física,Centro-Oeste,Cosméticos
2023-06-16,22.92824927539357,7.313899130472283,6.192824927539357,1672,E-commerce,South,Livros
2023-06-16,28.92824927539357,22.313899130472283,2.1928249275393568,1673,Loja Física,South,Eletrônicos
2023-06-16,28.92824927539357,18.313899130472283,4.192824927539357,1673,E-commerce,Centro-Oeste,Eletrônicos
2023-06-16,26.92824927539357,30.313899130472283,4.192824927539357,1673,Mídia Social,North,Livros
2023-06-16,21.92824927539357,35.31389913047228,-0.8071750724606432,1672,Loja Física,East,Eletrônicos
2023-06-16,22.92824927539357,16.313899130472283,5.192824927539357,1671,E-commerce,North,Cosméticos
2023-06-16,25.92824927539357,9.313899130472283,-1.8071750724606432,1673,Loja Física,North,Cosméticos
2023-06-16,26.92824927539357,13.313899130472283,3.1928249275393568,1670,Mídia Social,Centro-Oeste,Cosméticos
2023-06-16,29.92824927539357,7.313899130472283,2.1928249275393568,1672,Mídia Social,East,Livros
2023-06-17,25.057695295036808,23.46923435404417,6.205769529503681,1681,Mídia Social,North,Cosméticos
2023-06-17,24.057695295036808,16.46923435404417,-2.794230470496319,1680,Mídia Social,Centro-Oeste,Livros
2023-06-17,23.057695295036808,26.46923435404417,-0.794230470496319,1680,E-commerce,South,Eletrônicos
2023-06-17,28.057695295036808,8.469234354044168,-2.794230470496319,1684,E-commerce,East,Eletrônicos
2023-06-17,30.057695295036808,6.469234354044168,1.205769529503681,1681,Mídia Social,East,Livros
2023-06-17,25.057695295036808,24.46923435404417,2.205769529503681,1683,Loja Física,Centro-Oeste,Roupas
2023-06-17,29.057695295036808,12.469234354044168,5.205769529503681,1681,E-commerce,North,Alimentos
2023-06-17,23.057695295036808,8.469234354044168,0.205769529503681,1680,Loja Física,South,Eletrônicos
2023-06-17,28.057695295036808,42.46923435404417,1.205769529503681,1683,E-commerce,Centro-Oeste,Livros
2023-06-17,23.057695295036808,24.46923435404417,-2.794230470496319,1680,Loja Física,East,Cosméticos
2023-06-17,25.057695295036808,45.46923435404417,2.205769529503681,1682,Loja Física,North,Alimentos
2023-06-17,29.057695295036808,42.46923435404417,-0.794230470496319,1680,Mídia Social,South,Cosméticos
2023-06-18,25.179627397093185,21.61555287651182,1.2179627397093187,1691,E-commerce,East,Roupas
2023-06-18,24.179627397093185,40.61555287651182,0.21796273970931868,1691,Loja Física,Centro-Oeste,Eletrônicos
2023-06-18,28.179627397093185,15.61555287651182,-1.7820372602906813,1694,Mídia Social,Centro-Oeste,Eletrônicos
2023-06-18,27.179627397093185,22.61555287651182,6.217962739709319,1692,E-commerce,South,Eletrônicos
2023-06-18,28.179627397093185,35.61555287651182,6.217962739709319,1692,Loja Física,South,Eletrônicos
2023-06-18,29.179627397093185,6.615552876511821,2.2179627397093187,1693,Loja Física,North,Cosméticos
2023-06-18,25.179627397093185,38.61555287651182,1.2179627397093187,1692,E-commerce,North,Cosméticos
2023-06-18,30.179627397093185,17.61555287651182,-0.7820372602906813,1692,Mídia Social,North,Alimentos
2023-06-18,28.179627397093185,10.61555287651182,1.2179627397093187,1693,Loja Física,East,Roupas
2023-06-18,27.179627397093185,34.61555287651182,2.2179627397093187,1694,E-commerce,Centro-Oeste,Alimentos
2023-06-18,30.179627397093185,26.61555287651182,5.217962739709319,1693,Mídia Social,East,Alimentos
2023-06-18,27.179627397093185,32.61555287651182,-0.7820372602906813,1690,Mídia Social,South,Livros
2023-06-19,29.293819791379015,34.75258374965482,-1.7706180208620985,1704,E-commerce,South,Roupas
2023-06-19,31.293819791379015,28.752583749654818,2.2293819791379015,1701,Loja Física,East,Roupas
2023-06-19,27.293819791379015,34.75258374965482,4.2293819791379015,1700,Loja Física,North,Alimentos
2023-06-19,30.293819791379015,12.752583749654818,1.2293819791379015,1702,E-commerce,Centro-Oeste,Roupas
2023-06-19,24.293819791379015,14.752583749654818,5.2293819791379015,1701,Loja Física,South,Livros
2023-06-19,29.293819791379015,36.75258374965482,3.2293819791379015,1700,E-commerce,North,Eletrônicos
2023-06-19,31.293819791379015,7.752583749654818,-0.7706180208620985,1702,Loja Física,Centro-Oeste,Alimentos
2023-06-19,29.293819791379015,33.75258374965482,-2.7706180208620985,1703,Mídia Social,East,Alimentos
2023-06-19,29.293819791379015,32.75258374965482,-0.7706180208620985,1700,Mídia Social,South,Eletrônicos
2023-06-19,24.293819791379015,23.752583749654818,-0.7706180208620985,1704,E-commerce,East,Eletrônicos
2023-06-19,28.293819791379015,6.752583749654818,3.2293819791379015,1701,Mídia Social,Centro-Oeste,Alimentos
2023-06-19,31.293819791379015,34.75258374965482,1.2293819791379015,1704,Mídia Social,North,Cosméticos
2023-06-20,26.400061019867678,44.88007322384121,1.240006101986768,1711,E-commerce,North,Roupas
2023-06-20,31.400061019867678,33.88007322384121,-0.7599938980132319,1712,Loja Física,Centro-Oeste,Alimentos
2023-06-20,31.400061019867678,18.88007322384121,-0.7599938980132319,1714,E-commerce,South,Eletrônicos
2023-06-20,22.400061019867678,34.88007322384121,-1.759993898013232,1713,Loja Física,South,Eletrônicos
2023-06-20,24.400061019867678,6.880073223841212,5.2400061019867685,1713,E-commerce,Centro-Oeste,Alimentos
2023-06-20,31.400061019867678,25.88007322384121,2.240006101986768,1712,Mídia Social,Centro-Oeste,Alimentos
2023-06-20,25.400061019867678,42.88007322384121,3.240006101986768,1711,Mídia Social,South,Eletrônicos
2023-06-20,24.400061019867678,21.88007322384121,6.2400061019867685,1712,Loja Física,North,Alimentos
2023-06-20,31.400061019867678,9.880073223841212,0.24000610198676808,1711,Mídia Social,North,Roupas
2023-06-20,25.400061019867678,26.88007322384121,-2.759993898013232,1710,E-commerce,East,Roupas
2023-06-20,29.400061019867678,26.88007322384121,-0.7599938980132319,1711,Mídia Social,East,Cosméticos
2023-06-20,24.400061019867678,12.880073223841212,1.240006101986768,1714,Loja Física,East,Livros
2023-06-21,23.498154348261217,9.99778521791346,5.249815434826122,1720,Mídia Social,South,Livros
2023-06-21,24.498154348261217,12.99778521791346,5.249815434826122,1723,Mídia Social,East,Eletrônicos
2023-06-21,28.498154348261217,10.99778521791346,-2.7501845651738783,1721,E-commerce,East,Eletrônicos
2023-06-21,30.498154348261217,30.99778521791346,5.249815434826122,1720,E-commerce,South,Livros
2023-06-21,30.498154348261217,25.99778521791346,0.24981543482612167,1722,Loja Física,East,Livros
2023-06-21,24.498154348261217,13.99778521791346,2.2498154348261217,1724,E-commerce,Centro-Oeste,Eletrônicos
2023-06-21,26.498154348261217,24.99778521791346,5.249815434826122,1720,Mídia Social,Centro-Oeste,Eletrônicos
2023-06-21,30.498154348261217,31.99778521791346,5.249815434826122,1723,E-commerce,North,Eletrônicos
2023-06-21,31.498154348261217,10.99778521791346,-1.7501845651738783,1721,Loja Física,Centro-Oeste,Livros
2023-06-21,26.498154348261217,23.99778521791346,-0.7501845651738783,1723,Loja Física,South,Roupas
2023-06-21,24.498154348261217,30.99778521791346,1.2498154348261217,1724,Mídia Social,North,Eletrônicos
2023-06-21,28.498154348261217,28.99778521791346,2.2498154348261217,1724,Loja Física,North,Livros
2023-06-22,31.58791813029697,33.10550175635636,-0.7412081869703031,1731,Loja Física,East,Alimentos
2023-06-22,29.58791813029697,32.10550175635636,5.258791813029697,1731,Loja Física,Centro-Oeste,Roupas
2023-06-22,26.58791813029697,37.10550175635636,-1.741208186970303,1734,Loja Física,South,Roupas
2023-06-22,27.58791813029697,9.105501756356364,2.258791813029697,1733,Mídia Social,South,Roupas
2023-06-22,22.58791813029697,9.105501756356364,1.258791813029697,1731,E-commerce,Centro-Oeste,Alimentos
2023-06-22,30.58791813029697,43.10550175635636,0.2587918130296969,1734,Mídia Social,North,Livros
2023-06-22,28.58791813029697,42.10550175635636,0.2587918130296969,1731,E-commerce,South,Eletrônicos
2023-06-22,27.58791813029697,43.10550175635636,-1.741208186970303,1730,Mídia Social,East,Cosméticos
2023-06-22,25.58791813029697,39.10550175635636,-0.7412081869703031,1730,E-commerce,East,Livros
2023-06-22,30.58791813029697,29.105501756356364,2.258791813029697,1731,Loja Física,North,Roupas
2023-06-22,26.58791813029697,36.10550175635636,5.258791813029697,1734,Mídia Social,Centro-Oeste,Eletrônicos
2023-06-22,30.58791813029697,44.10550175635636,4.258791813029697,1733,E-commerce,North,Eletrônicos
2023-06-23,24.669186144114626,44.20302337293755,5.266918614411463,1742,Loja Física,South,Roupas
2023-06-23,24.669186144114626,21.20302337293755,1.2669186144114626,1742,Mídia Social,North,Eletrônicos
2023-06-23,28.669186144114626,39.20302337293755,3.2669186144114626,1740,Loja Física,Centro-Oeste,Cosméticos
2023-06-23,29.669186144114626,27.20302337293755,1.2669186144114626,1742,E-commerce,North,Eletrônicos
2023-06-23,24.669186144114626,28.20302337293755,-1.7330813855885374,1741,Loja Física,East,Livros
2023-06-23,23.669186144114626,33.20302337293755,6.266918614411463,1741,E-commerce,Centro-Oeste,Alimentos
2023-06-23,22.669186144114626,24.20302337293755,-1.7330813855885374,1741,Mídia Social,Centro-Oeste,Cosméticos
2023-06-23,24.669186144114626,22.20302337293755,0.2669186144114626,1740,Mídia Social,East,Eletrônicos
2023-06-23,31.669186144114626,34.20302337293755,2.2669186144114626,1744,Loja Física,North,Livros
2023-06-23,31.669186144114626,24.20302337293755,-1.7330813855885374,1744,Mídia Social,South,Livros
2023-06-23,22.669186144114626,9.203023372937551,2.2669186144114626,1744,E-commerce,East,Cosméticos
2023-06-23,31.669186144114626,27.20302337293755,-1.7330813855885374,1743,E-commerce,South,Eletrônicos
2023-06-24,24.741807900060856,13.290169480073025,3.2741807900060858,1754,E-commerce,Centro-Oeste,Eletrônicos
2023-06-24,26.741807900060856,12.290169480073025,6.274180790006086,1750,Loja Física,East,Livros
2023-06-24,25.741807900060856,41.290169480073025,5.274180790006086,1751,E-commerce,North,Eletrônicos
2023-06-24,27.741807900060856,32.290169480073025,-2.7258192099939142,1753,Loja Física,North,Alimentos
2023-06-24,31.741807900060856,7.2901694800730255,-1.7258192099939142,1754,Loja Física,South,Livros
2023-06-24,26.741807900060856,23.290169480073025,-2.7258192099939142,1752,Mídia Social,North,Eletrônicos
2023-06-24,31.741807900060856,16.290169480073025,5.274180790006086,1752,Mídia Social,South,Roupas
2023-06-24,30.741807900060856,13.290169480073025,2.2741807900060858,1750,Mídia Social,East,Alimentos
2023-06-24,23.741807900060856,31.290169480073025,3.2741807900060858,1752,Loja Física,Centro-Oeste,Alimentos
2023-06-24,30.741807900060856,45.290169480073025,2.2741807900060858,1753,Mídia Social,Centro-Oeste,Eletrônicos
2023-06-24,31.741807900060856,22.290169480073025,1.2741807900060858,1754,E-commerce,East,Alimentos
2023-06-24,23.741807900060856,20.290169480073025,5.274180790006086,1752,E-commerce,South,Roupas
2023-06-25,28.805648919361502,41.366778703233805,-0.7194351080638497,1763,Loja Física,Centro-Oeste,Livros
2023-06-25,23.805648919361502,27.366778703233802,4.28056489193615,1760,E-commerce,North,Livros
2023-06-25,22.805648919361502,44.366778703233805,-2.7194351080638497,1763,Mídia Social,South,Alimentos
2023-06-25,31.805648919361502,30.366778703233802,-1.7194351080638497,1764,Mídia Social,East,Cosméticos
2023-06-25,31.805648919361502,33.366778703233805,4.28056489193615,1761,Mídia Social,Centro-Oeste,Eletrônicos
2023-06-25,25.805648919361502,18.366778703233802,-2.7194351080638497,1761,E-commerce,Centro-Oeste,Eletrônicos
2023-06-25,22.805648919361502,9.366778703233802,-0.7194351080638497,1761,Loja Física,North,Eletrônicos
2023-06-25,24.805648919361502,42.366778703233805,2.2805648919361503,1764,Mídia Social,North,Cosméticos
2023-06-25,24.805648919361502,45.366778703233805,1.2805648919361503,1763,Loja Física,East,Alimentos
2023-06-25,30.805648919361502,20.366778703233802,-0.7194351080638497,1761,E-commerce,South,Eletrônicos
2023-06-25,23.805648919361502,14.366778703233802,6.28056489193615,1763,Loja Física,South,Eletrônicos
2023-06-25,28.805648919361502,24.366778703233802,-0.7194351080638497,1760,E-commerce,East,Roupas
2023-06-26,26.860590983145308,32.43270917977436,1.286059098314531,1772,E-commerce,East,Alimentos
2023-06-26,29.860590983145308,22.432709179774367,0.286059098314531,1773,Mídia Social,North,Alimentos
2023-06-26,28.860590983145308,44.43270917977436,-2.713940901685469,1773,Loja Física,East,Alimentos
2023-06-26,27.860590983145308,31.432709179774367,-2.713940901685469,1771,E-commerce,South,Eletrônicos
2023-06-26,27.860590983145308,24.432709179774367,4.2860590983145315,1770,Mídia Social,East,Cosméticos
2023-06-26,24.860590983145308,26.432709179774367,6.2860590983145315,1770,Loja Física,North,Cosméticos
2023-06-26,24.860590983145308,19.432709179774367,1.286059098314531,1774,Mídia Social,South,Cosméticos
2023-06-26,27.860590983145308,26.432709179774367,4.2860590983145315,1770,E-commerce,Centro-Oeste,Eletrônicos
2023-06-26,27.860590983145308,27.432709179774367,-1.713940901685469,1774,Loja Física,South,Eletrônicos
2023-06-26,24.860590983145308,12.432709179774367,5.2860590983145315,1771,Mídia Social,Centro-Oeste,Cosméticos
2023-06-26,29.860590983145308,44.43270917977436,1.286059098314531,1773,E-commerce,North,Eletrônicos
2023-06-26,22.860590983145308,10.432709179774367,-2.713940901685469,1774,Loja Física,Centro-Oeste,Cosméticos
2023-06-27,30.906532351358045,30.487838821629655,4.290653235135805,1780,E-commerce,South,Alimentos
2023-06-27,30.906532351358045,20.487838821629655,3.2906532351358044,1782,Mídia Social,Centro-Oeste,Alimentos
2023-06-27,28.906532351358045,46.48783882162965,3.2906532351358044,1781,Loja Física,East,Eletrônicos
2023-06-27,23.906532351358045,10.487838821629655,-2.7093467648641956,1781,Loja Física,Centro-Oeste,Cosméticos
2023-06-27,29.906532351358045,32.48783882162965,2.2906532351358044,1780,E-commerce,North,Cosméticos
2023-06-27,22.906532351358045,23.487838821629655,-0.7093467648641956,1780,E-commerce,East,Cosméticos
2023-06-27,22.906532351358045,8.487838821629655,-1.7093467648641956,1784,Loja Física,North,Alimentos
2023-06-27,29.906532351358045,18.487838821629655,6.290653235135805,1783,E-commerce,Centro-Oeste,Roupas
2023-06-27,26.906532351358045,21.487838821629655,0.29065323513580443,1783,Mídia Social,East,Roupas
2023-06-27,31.906532351358045,40.48783882162965,6.290653235135805,1780,Mídia Social,South,Livros
2023-06-27,25.906532351358045,42.48783882162965,5.290653235135805,1782,Mídia Social,North,Roupas
2023-06-27,27.906532351358045,11.487838821629655,3.2906532351358044,1784,Loja Física,South,Alimentos
2023-06-28,23.943387951161704,32.53206554139405,2.2943387951161704,1791,E-commerce,South,Livros
2023-06-28,22.943387951161704,21.532065541394044,-0.7056612048838296,1793,E-commerce,East,Alimentos
2023-06-28,22.943387951161704,41.53206554139405,2.2943387951161704,1790,Loja Física,South,Roupas
2023-06-28,22.943387951161704,12.532065541394044,3.2943387951161704,1793,Loja Física,East,Cosméticos
2023-06-28,30.943387951161704,13.532065541394044,-0.7056612048838296,1792,E-commerce,Centro-Oeste,Roupas
2023-06-28,24.943387951161704,32.53206554139405,-1.7056612048838296,1794,Loja Física,Centro-Oeste,Livros
2023-06-28,22.943387951161704,21.532065541394044,-1.7056612048838296,1790,Mídia Social,North,Eletrônicos
2023-06-28,27.943387951161704,43.53206554139405,-0.7056612048838296,1790,Mídia Social,Centro-Oeste,Roupas
2023-06-28,29.943387951161704,11.532065541394044,5.29433879511617,1791,E-commerce,North,Cosméticos
2023-06-28,28.943387951161704,40.53206554139405,2.2943387951161704,1792,Loja Física,North,Eletrônicos
2023-06-28,25.943387951161704,39.53206554139405,5.29433879511617,1790,Mídia Social,East,Cosméticos
2023-06-28,31.943387951161704,30.532065541394044,6.29433879511617,1792,Mídia Social,South,Livros
2023-06-29,29.97108953446976,40.565307441363714,5.297108953446976,1804,E-commerce,Centro-Oeste,Cosméticos
2023-06-29,22.97108953446976,27.56530744136371,-2.7028910465530243,1802,E-commerce,North,Cosméticos
2023-06-29,22.97108953446976,15.56530744136371,6.297108953446976,1803,Mídia Social,North,Alimentos
2023-06-29,27.97108953446976,19.56530744136371,6.297108953446976,1802,Loja Física,Centro-Oeste,Eletrônicos
2023-06-29,31.97108953446976,38.565307441363714,-1.7028910465530243,1800,Loja Física,South,Alimentos
2023-06-29,27.97108953446976,44.565307441363714,0.29710895344697574,1802,Mídia Social,South,Eletrônicos
2023-06-29,30.97108953446976,23.56530744136371,6.297108953446976,1803,Mídia Social,Centro-Oeste,Alimentos
2023-06-29,27.97108953446976,22.56530744136371,0.29710895344697574,1803,Loja Física,East,Roupas
2023-06-29,26.97108953446976,27.56530744136371,-1.7028910465530243,1801,Loja Física,North,Eletrônicos
2023-06-29,25.97108953446976,16.56530744136371,-2.7028910465530243,1803,E-commerce,South,Livros
2023-06-29,31.97108953446976,12.56530744136371,6.297108953446976,1801,E-commerce,East,Eletrônicos
2023-06-29,25.97108953446976,8.56530744136371,-0.7028910465530243,1800,Mídia Social,East,Alimentos
2023-06-30,29.98958580432696,16.587502965192353,5.298958580432696,1811,E-commerce,Centro-Oeste,Alimentos
2023-06-30,26.98958580432696,26.587502965192353,5.298958580432696,1811,E-commerce,North,Cosméticos
2023-06-30,23.98958580432696,35.58750296519236,6.298958580432696,1813,Loja Física,North,Alimentos
2023-06-30,22.98958580432696,21.587502965192353,4.298958580432696,1812,Loja Física,South,Eletrônicos
2023-06-30,22.98958580432696,17.587502965192353,6.298958580432696,1811,E-commerce,East,Roupas
2023-06-30,31.98958580432696,44.58750296519236,3.298958580432696,1811,Mídia Social,North,Roupas
2023-06-30,22.98958580432696,18.587502965192353,-0.701041419567304,1813,Mídia Social,South,Eletrônicos
2023-06-30,22.98958580432696,18.587502965192353,-1.701041419567304,1814,Loja Física,Centro-Oeste,Alimentos
2023-06-30,31.98958580432696,16.587502965192353,4.298958580432696,1812,Mídia Social,East,Alimentos
2023-06-30,22.98958580432696,41.58750296519236,-0.701041419567304,1811,E-commerce,South,Alimentos
2023-06-30,27.98958580432696,26.587502965192353,-2.701041419567304,1810,Loja Física,East,Alimentos
2023-06-30,22.98958580432696,18.587502965192353,6.298958580432696,1813,Mídia Social,Centro-Oeste,Cosméticos
2023-07-01,30.998842509899454,11.198611011879343,8.599884250989945,1842,Mídia Social,South,Eletrônicos
2023-07-01,33.998842509899454,24.198611011879343,15.599884250989945,1841,E-commerce,East,Roupas
2023-07-01,31.998842509899454,33.19861101187934,15.599884250989945,1842,E-commerce,Centro-Oeste,Cosméticos
2023-07-01,33.998842509899454,35.19861101187934,14.599884250989945,1840,E-commerce,South,Cosméticos
2023-07-01,34.998842509899454,32.19861101187934,11.599884250989945,1840,Mídia Social,Centro-Oeste,Roupas
2023-07-01,29.998842509899454,44.19861101187934,16.599884250989945,1841,E-commerce,North,Alimentos
2023-07-01,32.998842509899454,42.19861101187934,14.599884250989945,1840,Loja Física,North,Roupas
2023-07-01,29.998842509899454,44.19861101187934,11.599884250989945,1842,Loja Física,Centro-Oeste,Livros
2023-07-01,33.998842509899454,20.198611011879343,8.599884250989945,1841,Mídia Social,East,Roupas
2023-07-01,31.998842509899454,44.19861101187934,14.599884250989945,1844,Mídia Social,North,Cosméticos
2023-07-01,30.998842509899454,15.198611011879343,11.599884250989945,1844,Loja Física,East,Roupas
2023-07-01,28.998842509899454,28.198611011879343,12.599884250989945,1840,Loja Física,South,Alimentos
2023-07-02,34.998842509899454,27.198611011879343,7.599884250989945,1854,E-commerce,Centro-Oeste,Cosméticos
2023-07-02,27.998842509899454,34.19861101187934,14.599884250989945,1851,Loja Física,Centro-Oeste,Cosméticos
2023-07-02,32.998842509899454,16.198611011879343,9.599884250989945,1851,Loja Física,North,Eletrônicos
2023-07-02,29.998842509899454,14.198611011879343,15.599884250989945,1852,Loja Física,East,Cosméticos
2023-07-02,26.998842509899454,13.198611011879343,12.599884250989945,1851,E-commerce,South,Cosméticos
2023-07-02,25.998842509899454,45.19861101187934,15.599884250989945,1850,E-commerce,East,Eletrônicos
2023-07-02,32.998842509899454,14.198611011879343,10.599884250989945,1854,Mídia Social,Centro-Oeste,Roupas
2023-07-02,27.998842509899454,19.198611011879343,12.599884250989945,1853,Loja Física,South,Livros
2023-07-02,32.998842509899454,45.19861101187934,11.599884250989945,1853,Mídia Social,South,Alimentos
2023-07-02,31.998842509899454,37.19861101187934,16.599884250989945,1852,Mídia Social,North,Roupas
2023-07-02,28.998842509899454,37.19861101187934,10.599884250989945,1853,E-commerce,North,Livros
2023-07-02,34.998842509899454,47.19861101187934,11.599884250989945,1852,Mídia Social,East,Roupas
2023-07-03,34.989585804326964,44.18750296519235,7.598958580432697,1864,Loja Física,Centro-Oeste,Livros
2023-07-03,31.98958580432696,18.18750296519235,11.598958580432697,1862,Loja Física,North,Alimentos
2023-07-03,27.98958580432696,27.18750296519235,16.598958580432697,1861,E-commerce,Centro-Oeste,Livros
2023-07-03,30.98958580432696,37.18750296519235,13.598958580432697,1860,E-commerce,East,Livros
2023-07-03,28.98958580432696,49.18750296519235,8.598958580432697,1863,Loja Física,South,Eletrônicos
2023-07-03,28.98958580432696,42.18750296519235,15.598958580432697,1863,Mídia Social,North,Alimentos
2023-07-03,25.98958580432696,23.18750296519235,10.598958580432697,1862,Mídia Social,South,Livros
2023-07-03,34.989585804326964,19.18750296519235,11.598958580432697,1862,E-commerce,South,Livros
2023-07-03,32.989585804326964,31.18750296519235,8.598958580432697,1864,Mídia Social,East,Roupas
2023-07-03,27.98958580432696,12.187502965192351,15.598958580432697,1860,E-commerce,North,Eletrônicos
2023-07-03,32.989585804326964,17.18750296519235,16.598958580432697,1862,Mídia Social,Centro-Oeste,Alimentos
2023-07-03,33.989585804326964,11.187502965192351,12.598958580432697,1861,Loja Física,East,Eletrônicos
2023-07-04,33.97108953446976,48.16530744136371,14.597108953446977,1873,Loja Física,North,Alimentos
2023-07-04,33.97108953446976,22.165307441363712,10.597108953446977,1872,Loja Física,Centro-Oeste,Roupas
2023-07-04,27.971089534469762,35.16530744136371,10.597108953446977,1870,Mídia Social,East,Livros
2023-07-04,27.971089534469762,44.16530744136371,11.597108953446977,1870,E-commerce,East,Livros
2023-07-04,29.971089534469762,17.165307441363712,16.597108953446977,1870,Mídia Social,North,Livros
2023-07-04,31.971089534469762,50.16530744136371,15.597108953446977,1871,Loja Física,East,Eletrônicos
2023-07-04,25.971089534469762,50.16530744136371,14.597108953446977,1874,E-commerce,Centro-Oeste,Eletrônicos
2023-07-04,29.971089534469762,48.16530744136371,10.597108953446977,1874,E-commerce,North,Livros
2023-07-04,26.971089534469762,26.165307441363712,8.597108953446977,1870,Mídia Social,South,Livros
2023-07-04,30.971089534469762,40.16530744136371,12.597108953446977,1870,E-commerce,South,Eletrônicos
2023-07-04,29.971089534469762,32.16530744136371,7.597108953446977,1872,Mídia Social,Centro-Oeste,Roupas
2023-07-04,33.97108953446976,17.165307441363712,10.597108953446977,1873,Loja Física,South,Roupas
2023-07-05,27.943387951161704,32.13206554139404,16.594338795116172,1884,Loja Física,South,Eletrônicos
2023-07-05,27.943387951161704,33.13206554139404,10.59433879511617,1881,E-commerce,South,Eletrônicos
2023-07-05,31.943387951161704,20.13206554139404,11.59433879511617,1883,Loja Física,North,Eletrônicos
2023-07-05,34.943387951161704,48.13206554139404,15.59433879511617,1882,Mídia Social,East,Livros
2023-07-05,28.943387951161704,31.13206554139404,14.59433879511617,1880,Mídia Social,South,Cosméticos
2023-07-05,28.943387951161704,46.13206554139404,12.59433879511617,1883,E-commerce,East,Eletrônicos
2023-07-05,25.943387951161704,40.13206554139404,16.594338795116172,1882,Mídia Social,North,Roupas
2023-07-05,30.943387951161704,17.13206554139404,9.59433879511617,1883,Loja Física,Centro-Oeste,Eletrônicos
2023-07-05,27.943387951161704,33.13206554139404,14.59433879511617,1880,E-commerce,North,Cosméticos
2023-07-05,29.943387951161704,13.132065541394041,9.59433879511617,1884,E-commerce,Centro-Oeste,Livros
2023-07-05,25.943387951161704,34.13206554139404,12.59433879511617,1882,Mídia Social,Centro-Oeste,Livros
2023-07-05,34.943387951161704,41.13206554139404,10.59433879511617,1882,Loja Física,East,Alimentos
2023-07-06,30.906532351358045,37.08783882162965,9.590653235135804,1892,E-commerce,North,Alimentos
2023-07-06,32.906532351358045,26.087838821629653,15.590653235135804,1892,Loja Física,North,Roupas
2023-07-06,28.906532351358045,50.08783882162965,12.590653235135804,1891,Mídia Social,North,Roupas
2023-07-06,27.906532351358045,41.08783882162965,14.590653235135804,1891,Loja Física,East,Roupas
2023-07-06,32.906532351358045,23.087838821629653,16.590653235135804,1893,Loja Física,South,Alimentos
2023-07-06,28.906532351358045,18.087838821629653,7.590653235135804,1893,E-commerce,South,Roupas
2023-07-06,28.906532351358045,41.08783882162965,16.590653235135804,1891,Mídia Social,Centro-Oeste,Livros
2023-07-06,33.906532351358045,22.087838821629653,16.590653235135804,1890,Mídia Social,East,Cosméticos
2023-07-06,30.906532351358045,46.08783882162965,12.590653235135804,1891,E-commerce,Centro-Oeste,Cosméticos
2023-07-06,27.906532351358045,49.08783882162965,8.590653235135804,1894,Loja Física,Centro-Oeste,Livros
2023-07-06,33.906532351358045,28.087838821629653,16.590653235135804,1893,Mídia Social,South,Roupas
2023-07-06,29.906532351358045,41.08783882162965,13.590653235135804,1893,E-commerce,East,Roupas
2023-07-07,25.860590983145308,50.03270917977437,13.58605909831453,1901,Mídia Social,East,Roupas
2023-07-07,29.860590983145308,40.03270917977437,7.58605909831453,1904,Loja Física,South,Alimentos
2023-07-07,32.86059098314531,34.03270917977437,9.58605909831453,1903,Mídia Social,Centro-Oeste,Roupas
2023-07-07,31.860590983145308,26.03270917977437,13.58605909831453,1900,Loja Física,Centro-Oeste,Alimentos
2023-07-07,29.860590983145308,34.03270917977437,14.58605909831453,1900,E-commerce,Centro-Oeste,Alimentos
2023-07-07,26.860590983145308,24.03270917977437,12.58605909831453,1904,Loja Física,East,Roupas
2023-07-07,34.86059098314531,33.03270917977437,7.58605909831453,1903,E-commerce,East,Eletrônicos
2023-07-07,31.860590983145308,33.03270917977437,11.58605909831453,1901,Mídia Social,South,Roupas
2023-07-07,27.860590983145308,33.03270917977437,14.58605909831453,1902,E-commerce,North,Alimentos
2023-07-07,26.860590983145308,14.032709179774368,13.58605909831453,1900,Mídia Social,North,Alimentos
2023-07-07,25.860590983145308,29.03270917977437,8.58605909831453,1903,E-commerce,South,Cosméticos
2023-07-07,33.86059098314531,48.03270917977437,12.58605909831453,1901,Loja Física,North,Cosméticos
2023-07-08,31.805648919361506,20.966778703233807,14.58056489193615,1911,E-commerce,Centro-Oeste,Alimentos
2023-07-08,33.8056489193615,31.966778703233807,10.58056489193615,1911,E-commerce,South,Roupas
2023-07-08,27.805648919361506,35.96677870323381,16.58056489193615,1910,Mídia Social,South,Alimentos
2023-07-08,29.805648919361506,43.96677870323381,15.58056489193615,1910,Loja Física,South,Eletrônicos
2023-07-08,34.8056489193615,46.96677870323381,12.58056489193615,1912,Mídia Social,North,Roupas
2023-07-08,29.805648919361506,10.966778703233807,7.580564891936151,1913,Mídia Social,Centro-Oeste,Eletrônicos
2023-07-08,28.805648919361506,22.966778703233807,11.58056489193615,1913,Loja Física,Centro-Oeste,Eletrônicos
2023-07-08,28.805648919361506,48.96677870323381,12.58056489193615,1912,Loja Física,North,Alimentos
2023-07-08,28.805648919361506,11.966778703233807,16.58056489193615,1910,E-commerce,East,Eletrônicos
2023-07-08,34.8056489193615,40.96677870323381,15.58056489193615,1914,E-commerce,North,Eletrônicos
2023-07-08,27.805648919361506,27.966778703233807,9.58056489193615,1910,Loja Física,East,Alimentos
2023-07-08,34.8056489193615,42.96677870323381,10.58056489193615,1910,Mídia Social,East,Livros
2023-07-09,34.74180790006086,37.89016948007303,11.574180790006086,1921,E-commerce,Centro-Oeste,Eletrônicos
2023-07-09,28.74180790006086,45.89016948007303,9.574180790006086,1920,Mídia Social,South,Eletrônicos
2023-07-09,31.74180790006086,28.89016948007303,11.574180790006086,1920,Loja Física,North,Roupas
2023-07-09,25.74180790006086,10.89016948007303,11.574180790006086,1923,Loja Física,South,Cosméticos
2023-07-09,25.74180790006086,39.89016948007303,14.574180790006086,1924,E-commerce,South,Cosméticos
2023-07-09,27.74180790006086,22.89016948007303,16.574180790006086,1921,E-commerce,North,Roupas
2023-07-09,29.74180790006086,27.89016948007303,14.574180790006086,1920,Mídia Social,North,Cosméticos
2023-07-09,30.74180790006086,27.89016948007303,12.574180790006086,1920,Mídia Social,East,Alimentos
2023-07-09,31.74180790006086,22.89016948007303,11.574180790006086,1920,Loja Física,East,Livros
2023-07-09,27.74180790006086,24.89016948007303,14.574180790006086,1922,E-commerce,East,Cosméticos
2023-07-09,32.74180790006086,39.89016948007303,10.574180790006086,1921,Loja Física,Centro-Oeste,Roupas
2023-07-09,29.74180790006086,24.89016948007303,8.574180790006086,1921,Mídia Social,Centro-Oeste,Alimentos
2023-07-10,32.669186144114626,15.803023372937549,14.566918614411463,1934,Mídia Social,South,Cosméticos
2023-07-10,27.669186144114626,49.803023372937545,8.566918614411463,1933,Loja Física,East,Livros
2023-07-10,34.669186144114626,40.803023372937545,8.566918614411463,1932,Mídia Social,East,Eletrônicos
2023-07-10,33.669186144114626,33.803023372937545,8.566918614411463,1933,E-commerce,East,Alimentos
2023-07-10,33.669186144114626,26.80302337293755,14.566918614411463,1932,E-commerce,North,Roupas
2023-07-10,31.669186144114626,46.803023372937545,9.566918614411463,1930,Loja Física,Centro-Oeste,Roupas
2023-07-10,27.669186144114626,33.803023372937545,13.566918614411463,1932,E-commerce,South,Cosméticos
2023-07-10,30.669186144114626,15.803023372937549,13.566918614411463,1931,Mídia Social,North,Livros
2023-07-10,32.669186144114626,30.80302337293755,8.566918614411463,1934,Loja Física,South,Roupas
2023-07-10,25.669186144114626,45.803023372937545,15.566918614411463,1930,E-commerce,Centro-Oeste,Alimentos
2023-07-10,26.669186144114626,18.80302337293755,7.566918614411463,1930,Mídia Social,Centro-Oeste,Eletrônicos
2023-07-10,27.669186144114626,34.803023372937545,12.566918614411463,1931,Loja Física,North,Cosméticos
2023-07-11,31.58791813029697,13.705501756356362,12.558791813029696,1941,Loja Física,South,Livros
2023-07-11,25.58791813029697,11.705501756356362,15.558791813029696,1941,E-commerce,East,Cosméticos
2023-07-11,27.58791813029697,29.705501756356362,11.558791813029696,1942,Mídia Social,East,Roupas
2023-07-11,30.58791813029697,18.705501756356362,8.558791813029696,1943,Loja Física,Centro-Oeste,Alimentos
2023-07-11,27.58791813029697,30.705501756356362,16.558791813029696,1940,Mídia Social,North,Livros
2023-07-11,29.58791813029697,40.70550175635636,12.558791813029696,1943,E-commerce,Centro-Oeste,Eletrônicos
2023-07-11,32.58791813029697,22.705501756356362,9.558791813029696,1944,E-commerce,North,Livros
2023-07-11,25.58791813029697,13.705501756356362,15.558791813029696,1942,Loja Física,East,Livros
2023-07-11,29.58791813029697,38.70550175635636,7.558791813029696,1942,Mídia Social,South,Livros
2023-07-11,27.58791813029697,16.705501756356362,7.558791813029696,1943,Loja Física,North,Livros
2023-07-11,28.58791813029697,28.705501756356362,11.558791813029696,1942,E-commerce,South,Cosméticos
2023-07-11,29.58791813029697,36.70550175635636,8.558791813029696,1942,Mídia Social,Centro-Oeste,Roupas
2023-07-12,33.49815434826122,40.597785217913454,16.549815434826122,1951,Mídia Social,North,Cosméticos
2023-07-12,25.498154348261217,19.597785217913458,14.549815434826122,1950,Mídia Social,South,Roupas
2023-07-12,28.498154348261217,26.597785217913458,10.549815434826122,1954,Loja Física,North,Roupas
2023-07-12,29.498154348261217,25.597785217913458,11.549815434826122,1953,Mídia Social,Centro-Oeste,Cosméticos
2023-07-12,28.498154348261217,20.597785217913458,8.549815434826122,1952,Loja Física,South,Cosméticos
2023-07-12,34.49815434826122,20.597785217913458,9.549815434826122,1951,Mídia Social,East,Roupas
2023-07-12,33.49815434826122,13.597785217913458,13.549815434826122,1950,Loja Física,Centro-Oeste,Roupas
2023-07-12,25.498154348261217,21.597785217913458,14.549815434826122,1954,E-commerce,East,Roupas
2023-07-12,27.498154348261217,32.597785217913454,11.549815434826122,1953,E-commerce,North,Livros
2023-07-12,33.49815434826122,34.597785217913454,8.549815434826122,1952,Loja Física,East,Eletrônicos
2023-07-12,33.49815434826122,34.597785217913454,8.549815434826122,1953,E-commerce,South,Livros
2023-07-12,31.498154348261217,11.597785217913458,7.549815434826122,1950,E-commerce,Centro-Oeste,Alimentos
2023-07-13,27.400061019867678,29.480073223841213,14.540006101986767,1962,Mídia Social,Centro-Oeste,Alimentos
2023-07-13,30.400061019867678,30.480073223841213,12.540006101986767,1960,Mídia Social,East,Eletrônicos
2023-07-13,26.400061019867678,45.48007322384122,13.540006101986767,1961,E-commerce,East,Alimentos
2023-07-13,26.400061019867678,25.480073223841213,7.5400061019867675,1962,E-commerce,North,Roupas
2023-07-13,27.400061019867678,18.480073223841213,16.54000610198677,1964,Loja Física,East,Roupas
2023-07-13,25.400061019867678,20.480073223841213,10.540006101986767,1960,E-commerce,South,Cosméticos
2023-07-13,33.40006101986768,21.480073223841213,15.540006101986767,1962,Loja Física,North,Eletrônicos
2023-07-13,25.400061019867678,49.48007322384122,11.540006101986767,1963,Mídia Social,North,Roupas
2023-07-13,29.400061019867678,31.480073223841213,11.540006101986767,1962,E-commerce,Centro-Oeste,Livros
2023-07-13,26.400061019867678,34.48007322384122,14.540006101986767,1960,Loja Física,Centro-Oeste,Alimentos
2023-07-13,34.40006101986768,19.480073223841213,8.540006101986767,1960,Loja Física,South,Roupas
2023-07-13,27.400061019867678,36.48007322384122,8.540006101986767,1960,Mídia Social,South,Cosméticos
2023-07-14,31.293819791379015,24.352583749654816,9.529381979137902,1973,Loja Física,South,Alimentos
2023-07-14,30.293819791379015,42.35258374965481,15.529381979137902,1973,E-commerce,South,Eletrônicos
2023-07-14,30.293819791379015,46.35258374965481,10.529381979137902,1970,E-commerce,North,Alimentos
2023-07-14,25.293819791379015,47.35258374965481,12.529381979137902,1973,E-commerce,East,Alimentos
2023-07-14,25.293819791379015,11.352583749654816,12.529381979137902,1973,Loja Física,Centro-Oeste,Roupas
2023-07-14,25.293819791379015,26.352583749654816,15.529381979137902,1970,Mídia Social,Centro-Oeste,Cosméticos
2023-07-14,34.293819791379015,15.352583749654816,10.529381979137902,1974,E-commerce,Centro-Oeste,Roupas
2023-07-14,32.293819791379015,16.352583749654816,9.529381979137902,1974,Mídia Social,North,Livros
2023-07-14,25.293819791379015,25.352583749654816,9.529381979137902,1974,Mídia Social,South,Livros
2023-07-14,28.293819791379015,29.352583749654816,13.529381979137902,1970,Loja Física,East,Cosméticos
2023-07-14,29.293819791379015,24.352583749654816,14.529381979137902,1974,Mídia Social,East,Livros
2023-07-14,31.293819791379015,33.35258374965481,7.529381979137902,1974,Loja Física,North,Cosméticos
2023-07-15,31.179627397093185,10.215552876511822,10.517962739709318,1980,Loja Física,East,Alimentos
2023-07-15,32.179627397093185,15.215552876511822,11.517962739709318,1981,E-commerce,East,Eletrônicos
2023-07-15,32.179627397093185,24.215552876511822,9.517962739709318,1983,Mídia Social,East,Eletrônicos
2023-07-15,29.179627397093185,28.215552876511822,13.517962739709318,1984,E-commerce,South,Eletrônicos
2023-07-15,26.179627397093185,43.21555287651182,8.517962739709318,1983,Mídia Social,Centro-Oeste,Eletrônicos
2023-07-15,31.179627397093185,12.215552876511822,12.517962739709318,1983,Loja Física,North,Roupas
2023-07-15,33.179627397093185,47.21555287651182,10.517962739709318,1981,Loja Física,Centro-Oeste,Cosméticos
2023-07-15,33.179627397093185,16.215552876511822,10.517962739709318,1984,E-commerce,Centro-Oeste,Cosméticos
2023-07-15,25.179627397093185,31.215552876511822,12.517962739709318,1982,Mídia Social,South,Cosméticos
2023-07-15,32.179627397093185,36.21555287651182,15.517962739709318,1981,Mídia Social,North,Cosméticos
2023-07-15,27.179627397093185,44.21555287651182,16.51796273970932,1983,Loja Física,South,Eletrônicos
2023-07-15,28.179627397093185,39.21555287651182,13.517962739709318,1984,E-commerce,North,Livros
2023-07-16,31.057695295036808,34.06923435404417,11.50576952950368,1993,Mídia Social,Centro-Oeste,Eletrônicos
2023-07-16,25.057695295036808,16.06923435404417,14.50576952950368,1990,E-commerce,South,Roupas
2023-07-16,25.057695295036808,21.06923435404417,9.50576952950368,1992,Loja Física,North,Livros
2023-07-16,25.057695295036808,20.06923435404417,12.50576952950368,1992,Loja Física,South,Alimentos
2023-07-16,30.057695295036808,18.06923435404417,12.50576952950368,1991,Mídia Social,East,Alimentos
2023-07-16,34.05769529503681,38.06923435404417,9.50576952950368,1993,E-commerce,East,Alimentos
2023-07-16,26.057695295036808,32.06923435404417,11.50576952950368,1991,Loja Física,East,Roupas
2023-07-16,32.05769529503681,34.06923435404417,7.505769529503681,1991,E-commerce,North,Alimentos
2023-07-16,25.057695295036808,14.06923435404417,8.50576952950368,1990,E-commerce,Centro-Oeste,Cosméticos
2023-07-16,25.057695295036808,48.06923435404417,11.50576952950368,1992,Mídia Social,South,Alimentos
2023-07-16,31.057695295036808,41.06923435404417,11.50576952950368,1994,Loja Física,Centro-Oeste,Alimentos
2023-07-16,25.057695295036808,31.06923435404417,10.50576952950368,1990,Mídia Social,North,Alimentos
2023-07-17,25.928249275393576,30.913899130472288,15.492824927539358,2003,E-commerce,East,Alimentos
2023-07-17,30.928249275393576,12.913899130472288,7.492824927539358,2000,Loja Física,East,Alimentos
2023-07-17,33.928249275393576,25.913899130472288,9.492824927539358,2000,E-commerce,North,Cosméticos
2023-07-17,32.928249275393576,30.913899130472288,13.492824927539358,2002,E-commerce,South,Cosméticos
2023-07-17,32.928249275393576,26.913899130472288,8.492824927539358,2002,Loja Física,Centro-Oeste,Cosméticos
2023-07-17,28.928249275393576,31.913899130472288,10.492824927539358,2002,Loja Física,North,Livros
2023-07-17,31.928249275393576,27.913899130472288,9.492824927539358,2003,E-commerce,Centro-Oeste,Roupas
2023-07-17,29.928249275393576,43.91389913047229,13.492824927539358,2001,Mídia Social,Centro-Oeste,Alimentos
2023-07-17,29.928249275393576,36.91389913047229,10.492824927539358,2001,Loja Física,South,Roupas
2023-07-17,29.928249275393576,41.91389913047229,10.492824927539358,2001,Mídia Social,North,Livros
2023-07-17,30.928249275393576,22.913899130472288,12.492824927539358,2001,Mídia Social,East,Roupas
2023-07-17,28.928249275393576,28.913899130472288,10.492824927539358,2002,Mídia Social,South,Livros
2023-07-18,33.79152904239281,46.74983485087137,8.479152904239282,2013,Mídia Social,South,Roupas
2023-07-18,29.791529042392813,34.74983485087137,10.479152904239282,2012,Mídia Social,North,Cosméticos
2023-07-18,32.79152904239281,10.749834850871373,7.479152904239282,2013,Loja Física,South,Alimentos
2023-07-18,24.791529042392813,16.749834850871373,7.479152904239282,2012,Mídia Social,Centro-Oeste,Alimentos
2023-07-18,28.791529042392813,9.749834850871373,9.479152904239282,2011,Loja Física,Centro-Oeste,Livros
2023-07-18,28.791529042392813,30.749834850871373,11.479152904239282,2014,Loja Física,North,Alimentos
2023-07-18,30.791529042392813,31.749834850871373,8.479152904239282,2013,E-commerce,East,Cosméticos
2023-07-18,25.791529042392813,14.749834850871373,7.479152904239282,2010,Mídia Social,East,Eletrônicos
2023-07-18,31.791529042392813,25.749834850871373,16.47915290423928,2014,E-commerce,North,Cosméticos
2023-07-18,25.791529042392813,19.749834850871373,13.479152904239282,2012,E-commerce,Centro-Oeste,Eletrônicos
2023-07-18,26.791529042392813,27.749834850871373,15.479152904239282,2013,Loja Física,East,Eletrônicos
2023-07-18,31.791529042392813,35.74983485087137,12.479152904239282,2012,E-commerce,South,Livros
2023-07-19,24.647787770432444,26.57734532451893,12.464778777043245,2020,Mídia Social,South,Roupas
2023-07-19,31.647787770432444,40.57734532451893,16.464778777043243,2021,Loja Física,Centro-Oeste,Alimentos
2023-07-19,26.647787770432444,14.57734532451893,11.464778777043245,2021,Mídia Social,Centro-Oeste,Alimentos
2023-07-19,30.647787770432444,39.57734532451893,12.464778777043245,2023,E-commerce,South,Roupas
2023-07-19,26.647787770432444,39.57734532451893,11.464778777043245,2023,E-commerce,East,Livros
2023-07-19,33.647787770432444,48.57734532451893,14.464778777043245,2020,Loja Física,East,Livros
2023-07-19,31.647787770432444,9.57734532451893,15.464778777043245,2021,E-commerce,Centro-Oeste,Livros
2023-07-19,27.647787770432444,19.57734532451893,11.464778777043245,2022,Mídia Social,East,Cosméticos
2023-07-19,30.647787770432444,39.57734532451893,15.464778777043245,2022,Loja Física,South,Eletrônicos
2023-07-19,26.647787770432444,39.57734532451893,10.464778777043245,2022,Mídia Social,North,Roupas
2023-07-19,30.647787770432444,31.57734532451893,8.464778777043245,2024,Loja Física,North,Cosméticos
2023-07-19,28.647787770432444,32.57734532451893,16.464778777043243,2022,E-commerce,North,Alimentos
2023-07-20,33.497291635258236,9.396749962309876,14.449729163525824,2030,E-commerce,East,Livros
2023-07-20,25.497291635258232,13.396749962309876,16.449729163525824,2030,E-commerce,Centro-Oeste,Eletrônicos
2023-07-20,26.497291635258232,38.396749962309876,11.449729163525824,2034,Mídia Social,South,Roupas
2023-07-20,27.497291635258232,38.396749962309876,15.449729163525824,2034,Loja Física,East,Eletrônicos
2023-07-20,27.497291635258232,19.396749962309876,13.449729163525824,2030,Mídia Social,North,Eletrônicos
2023-07-20,26.497291635258232,39.396749962309876,8.449729163525824,2034,Loja Física,Centro-Oeste,Roupas
2023-07-20,24.497291635258232,26.396749962309876,9.449729163525824,2031,E-commerce,North,Livros
2023-07-20,30.497291635258232,16.396749962309876,11.449729163525824,2031,Mídia Social,East,Livros
2023-07-20,30.497291635258232,12.396749962309876,10.449729163525824,2034,Loja Física,North,Roupas
2023-07-20,31.497291635258232,44.396749962309876,10.449729163525824,2030,Loja Física,South,Cosméticos
2023-07-20,24.497291635258232,47.396749962309876,9.449729163525824,2031,Mídia Social,Centro-Oeste,Eletrônicos
2023-07-20,25.497291635258232,45.396749962309876,12.449729163525824,2032,E-commerce,South,Eletrônicos
2023-07-21,24.340319321067668,15.2083831852812,11.434031932106766,2042,E-commerce,East,Eletrônicos
2023-07-21,28.340319321067668,14.2083831852812,8.434031932106766,2041,Mídia Social,South,Livros
2023-07-21,33.34031932106767,36.2083831852812,13.434031932106766,2043,Loja Física,South,Livros
2023-07-21,30.340319321067668,22.2083831852812,10.434031932106766,2043,Loja Física,Centro-Oeste,Alimentos
2023-07-21,27.340319321067668,25.2083831852812,7.434031932106766,2044,Loja Física,North,Eletrônicos
2023-07-21,24.340319321067668,11.2083831852812,11.434031932106766,2041,Mídia Social,North,Livros
2023-07-21,31.340319321067668,15.2083831852812,8.434031932106766,2042,Loja Física,East,Cosméticos
2023-07-21,25.340319321067668,20.2083831852812,13.434031932106766,2040,E-commerce,Centro-Oeste,Eletrônicos
2023-07-21,33.34031932106767,41.2083831852812,10.434031932106766,2042,Mídia Social,Centro-Oeste,Cosméticos
2023-07-21,33.34031932106767,47.2083831852812,14.434031932106766,2043,E-commerce,South,Eletrônicos
2023-07-21,26.340319321067668,37.2083831852812,8.434031932106766,2044,E-commerce,North,Cosméticos
2023-07-21,28.340319321067668,46.2083831852812,11.434031932106766,2040,Mídia Social,East,Eletrônicos
2023-07-22,29.177161504450886,33.01259380534106,13.417716150445088,2052,Loja Física,East,Eletrônicos
2023-07-22,29.177161504450886,26.012593805341062,12.417716150445088,2053,E-commerce,East,Cosméticos
2023-07-22,28.177161504450886,39.01259380534106,14.417716150445088,2052,Mídia Social,Centro-Oeste,Livros
2023-07-22,24.177161504450886,33.01259380534106,12.417716150445088,2050,Loja Física,South,Alimentos
2023-07-22,30.177161504450886,46.01259380534106,15.417716150445088,2054,E-commerce,North,Livros
2023-07-22,25.177161504450886,24.012593805341062,10.417716150445088,2050,Mídia Social,East,Eletrônicos
2023-07-22,30.177161504450886,26.012593805341062,9.417716150445088,2053,Loja Física,Centro-Oeste,Eletrônicos
2023-07-22,26.177161504450886,37.01259380534106,8.417716150445088,2053,Mídia Social,South,Eletrônicos
2023-07-22,29.177161504450886,24.012593805341062,14.417716150445088,2051,E-commerce,Centro-Oeste,Roupas
2023-07-22,30.177161504450886,22.012593805341062,8.417716150445088,2053,Mídia Social,North,Roupas
2023-07-22,32.177161504450886,47.01259380534106,11.417716150445088,2050,E-commerce,South,Alimentos
2023-07-22,25.177161504450886,48.01259380534106,12.417716150445088,2054,Loja Física,North,Livros
2023-07-23,29.00812031612461,19.80974437934953,10.40081203161246,2061,E-commerce,Centro-Oeste,Eletrônicos
2023-07-23,25.00812031612461,36.80974437934953,16.40081203161246,2061,E-commerce,East,Alimentos
2023-07-23,24.00812031612461,35.80974437934953,16.40081203161246,2061,Loja Física,East,Eletrônicos
2023-07-23,33.00812031612461,12.809744379349532,10.40081203161246,2060,Mídia Social,North,Eletrônicos
2023-07-23,33.00812031612461,33.80974437934953,7.40081203161246,2064,Loja Física,South,Alimentos
2023-07-23,28.00812031612461,15.809744379349532,12.40081203161246,2064,Loja Física,North,Alimentos
2023-07-23,27.00812031612461,44.80974437934953,16.40081203161246,2062,Mídia Social,Centro-Oeste,Roupas
2023-07-23,29.00812031612461,40.80974437934953,15.40081203161246,2060,E-commerce,North,Eletrônicos
2023-07-23,29.00812031612461,15.809744379349532,8.40081203161246,2060,Loja Física,Centro-Oeste,Livros
2023-07-23,28.00812031612461,46.80974437934953,16.40081203161246,2063,E-commerce,South,Alimentos
2023-07-23,26.00812031612461,44.80974437934953,13.40081203161246,2061,Mídia Social,East,Eletrônicos
2023-07-23,31.00812031612461,28.80974437934953,8.40081203161246,2063,Mídia Social,South,Alimentos
2023-07-24,29.833508781455592,30.600210537746708,7.38335087814556,2074,Loja Física,South,Eletrônicos
2023-07-24,26.833508781455592,29.600210537746708,13.38335087814556,2071,E-commerce,East,Alimentos
2023-07-24,27.833508781455592,39.600210537746705,11.38335087814556,2071,Mídia Social,North,Livros
2023-07-24,31.833508781455592,29.600210537746708,8.38335087814556,2070,Mídia Social,Centro-Oeste,Livros
2023-07-24,23.833508781455592,12.600210537746708,15.38335087814556,2074,E-commerce,Centro-Oeste,Eletrônicos
2023-07-24,29.833508781455592,40.600210537746705,14.38335087814556,2073,E-commerce,North,Roupas
2023-07-24,31.833508781455592,47.600210537746705,14.38335087814556,2072,Mídia Social,East,Livros
2023-07-24,32.83350878145559,21.600210537746708,12.38335087814556,2074,Loja Física,East,Livros
2023-07-24,27.833508781455592,37.600210537746705,10.38335087814556,2071,Mídia Social,South,Roupas
2023-07-24,30.833508781455592,41.600210537746705,13.38335087814556,2071,Loja Física,Centro-Oeste,Roupas
2023-07-24,30.833508781455592,19.600210537746708,13.38335087814556,2072,Loja Física,North,Alimentos
2023-07-24,25.833508781455592,38.600210537746705,7.38335087814556,2070,E-commerce,South,Eletrônicos
2023-07-25,23.653650240809668,44.3843802889716,14.365365024080967,2082,E-commerce,East,Livros
2023-07-25,30.653650240809668,28.384380288971602,15.365365024080967,2083,E-commerce,North,Roupas
2023-07-25,25.653650240809668,40.3843802889716,12.365365024080967,2082,Mídia Social,East,Livros
2023-07-25,24.653650240809668,38.3843802889716,7.365365024080967,2081,Loja Física,East,Livros
2023-07-25,28.653650240809668,15.384380288971602,12.365365024080967,2082,Mídia Social,North,Livros
2023-07-25,30.653650240809668,17.384380288971602,10.365365024080967,2080,Mídia Social,Centro-Oeste,Eletrônicos
2023-07-25,28.653650240809668,18.384380288971602,11.365365024080967,2084,Loja Física,North,Cosméticos
2023-07-25,28.653650240809668,43.3843802889716,8.365365024080967,2080,Mídia Social,South,Alimentos
2023-07-25,26.653650240809668,45.3843802889716,13.365365024080967,2081,E-commerce,South,Alimentos
2023-07-25,26.653650240809668,35.3843802889716,15.365365024080967,2084,Loja Física,South,Cosméticos
2023-07-25,31.653650240809668,30.384380288971602,15.365365024080967,2084,E-commerce,Centro-Oeste,Roupas
2023-07-25,24.653650240809668,44.3843802889716,10.365365024080967,2083,Loja Física,Centro-Oeste,Alimentos
2023-07-26,29.468877750799887,32.16265330095986,15.346887775079988,2091,E-commerce,East,Roupas
2023-07-26,23.468877750799887,35.16265330095986,16.34688777507999,2092,E-commerce,South,Cosméticos
2023-07-26,25.468877750799887,39.16265330095986,14.346887775079988,2094,Mídia Social,North,Cosméticos
2023-07-26,29.468877750799887,12.162653300959864,7.346887775079988,2093,Mídia Social,Centro-Oeste,Cosméticos
2023-07-26,26.468877750799887,14.162653300959864,15.346887775079988,2094,E-commerce,North,Alimentos
2023-07-26,25.468877750799887,21.162653300959864,16.34688777507999,2090,Loja Física,East,Alimentos
2023-07-26,27.468877750799887,30.162653300959864,9.346887775079988,2093,Mídia Social,East,Roupas
2023-07-26,29.468877750799887,10.162653300959864,9.346887775079988,2091,Loja Física,South,Alimentos
2023-07-26,29.468877750799887,26.162653300959864,11.346887775079988,2092,Loja Física,North,Livros
2023-07-26,26.468877750799887,25.162653300959864,14.346887775079988,2092,Mídia Social,South,Cosméticos
2023-07-26,24.468877750799887,35.16265330095986,13.346887775079988,2092,Loja Física,Centro-Oeste,Livros
2023-07-26,26.468877750799887,14.162653300959864,13.346887775079988,2093,E-commerce,Centro-Oeste,Alimentos
2023-07-27,30.2795334675423,8.93544016105076,11.32795334675423,2100,Mídia Social,East,Livros
2023-07-27,25.2795334675423,42.935440161050764,15.32795334675423,2102,Loja Física,North,Roupas
2023-07-27,30.2795334675423,46.935440161050764,12.32795334675423,2100,E-commerce,Centro-Oeste,Alimentos
2023-07-27,29.2795334675423,12.93544016105076,10.32795334675423,2102,Mídia Social,North,Livros
2023-07-27,32.2795334675423,40.935440161050764,12.32795334675423,2102,Mídia Social,Centro-Oeste,Livros
2023-07-27,27.2795334675423,21.93544016105076,10.32795334675423,2104,E-commerce,East,Cosméticos
2023-07-27,25.2795334675423,23.93544016105076,11.32795334675423,2101,E-commerce,North,Eletrônicos
2023-07-27,32.2795334675423,24.93544016105076,15.32795334675423,2102,Loja Física,Centro-Oeste,Cosméticos
2023-07-27,30.2795334675423,46.935440161050764,7.32795334675423,2101,Loja Física,South,Alimentos
2023-07-27,28.2795334675423,12.93544016105076,9.32795334675423,2104,E-commerce,South,Livros
2023-07-27,27.2795334675423,19.93544016105076,15.32795334675423,2102,Mídia Social,South,Roupas
2023-07-27,28.2795334675423,29.93544016105076,13.32795334675423,2104,Loja Física,East,Alimentos
2023-07-28,24.08596801306158,38.70316161567389,12.308596801306159,2114,Loja Física,South,Cosméticos
2023-07-28,25.08596801306158,32.70316161567389,10.308596801306159,2113,Loja Física,North,Eletrônicos
2023-07-28,32.08596801306158,7.703161615673896,9.308596801306159,2112,E-commerce,South,Livros
2023-07-28,24.08596801306158,41.70316161567389,12.308596801306159,2110,Mídia Social,North,Alimentos
2023-07-28,26.08596801306158,11.703161615673896,13.308596801306159,2110,Mídia Social,South,Alimentos
2023-07-28,29.08596801306158,11.703161615673896,14.308596801306159,2111,Mídia Social,East,Cosméticos
2023-07-28,30.08596801306158,34.70316161567389,12.308596801306159,2111,E-commerce,North,Livros
2023-07-28,26.08596801306158,23.703161615673896,16.30859680130616,2111,Loja Física,Centro-Oeste,Roupas
2023-07-28,26.08596801306158,41.70316161567389,13.308596801306159,2110,Loja Física,East,Livros
2023-07-28,31.08596801306158,43.70316161567389,9.308596801306159,2111,Mídia Social,Centro-Oeste,Eletrônicos
2023-07-28,24.08596801306158,16.703161615673896,10.308596801306159,2110,E-commerce,Centro-Oeste,Roupas
2023-07-28,31.08596801306158,21.703161615673896,8.308596801306159,2112,E-commerce,East,Cosméticos
2023-07-29,29.888539826019827,10.46624779122379,13.288853982601983,2120,E-commerce,South,Alimentos
2023-07-29,27.888539826019827,18.46624779122379,13.288853982601983,2121,E-commerce,Centro-Oeste,Eletrônicos
2023-07-29,28.888539826019827,19.46624779122379,7.288853982601983,2121,Mídia Social,North,Eletrônicos
2023-07-29,22.888539826019827,34.46624779122379,12.288853982601983,2122,E-commerce,East,Cosméticos
2023-07-29,24.888539826019827,34.46624779122379,14.288853982601983,2122,Loja Física,East,Eletrônicos
2023-07-29,23.888539826019827,28.46624779122379,14.288853982601983,2120,Loja Física,Centro-Oeste,Eletrônicos
2023-07-29,30.888539826019827,7.46624779122379,16.288853982601985,2121,Mídia Social,Centro-Oeste,Roupas
2023-07-29,27.888539826019827,26.46624779122379,11.288853982601983,2122,E-commerce,North,Alimentos
2023-07-29,25.888539826019827,29.46624779122379,11.288853982601983,2123,Loja Física,South,Eletrônicos
2023-07-29,29.888539826019827,37.46624779122379,9.288853982601983,2124,Mídia Social,East,Cosméticos
2023-07-29,27.888539826019827,46.46624779122379,7.288853982601983,2120,Mídia Social,South,Cosméticos
2023-07-29,22.888539826019827,8.46624779122379,7.288853982601983,2124,Loja Física,North,Livros
2023-07-30,29.687614497970568,34.22513739756468,10.268761449797058,2132,Loja Física,Centro-Oeste,Eletrônicos
2023-07-30,22.687614497970568,13.22513739756468,12.268761449797058,2132,Loja Física,South,Roupas
2023-07-30,31.687614497970568,46.22513739756468,7.268761449797058,2130,Mídia Social,South,Livros
2023-07-30,28.687614497970568,29.22513739756468,8.268761449797058,2131,Mídia Social,East,Livros
2023-07-30,29.687614497970568,28.22513739756468,9.268761449797058,2134,Mídia Social,Centro-Oeste,Livros
2023-07-30,24.687614497970568,16.22513739756468,16.268761449797058,2131,Loja Física,East,Alimentos
2023-07-30,23.687614497970568,46.22513739756468,13.268761449797058,2133,Mídia Social,North,Roupas
2023-07-30,22.687614497970568,37.22513739756468,14.268761449797058,2130,E-commerce,South,Roupas
2023-07-30,30.687614497970568,17.22513739756468,11.268761449797058,2131,Loja Física,North,Roupas
2023-07-30,23.687614497970568,18.22513739756468,11.268761449797058,2130,E-commerce,North,Roupas
2023-07-30,31.687614497970568,31.22513739756468,16.268761449797058,2134,E-commerce,East,Cosméticos
2023-07-30,24.687614497970568,25.22513739756468,7.268761449797058,2131,E-commerce,Centro-Oeste,Alimentos
2023-07-31,26.483564096367452,12.980276915640943,9.248356409636745,2142,Loja Física,Centro-Oeste,Cosméticos
2023-07-31,24.483564096367452,42.98027691564094,15.248356409636745,2144,Mídia Social,South,Roupas
2023-07-31,31.483564096367452,13.980276915640943,14.248356409636745,2140,Mídia Social,East,Livros
2023-07-31,23.483564096367452,42.98027691564094,11.248356409636745,2143,E-commerce,East,Eletrônicos
2023-07-31,23.483564096367452,43.98027691564094,14.248356409636745,2144,Loja Física,North,Eletrônicos
2023-07-31,25.483564096367452,14.980276915640943,14.248356409636745,2142,Loja Física,East,Eletrônicos
2023-07-31,31.483564096367452,25.980276915640943,12.248356409636745,2141,E-commerce,North,Alimentos
2023-07-31,25.483564096367452,36.98027691564094,9.248356409636745,2144,Loja Física,South,Livros
2023-07-31,31.483564096367452,17.980276915640943,10.248356409636745,2140,Mídia Social,Centro-Oeste,Cosméticos
2023-07-31,30.483564096367452,15.980276915640943,10.248356409636745,2140,E-commerce,South,Roupas
2023-07-31,25.483564096367452,41.98027691564094,13.248356409636745,2142,E-commerce,Centro-Oeste,Eletrônicos
2023-07-31,28.483564096367452,18.980276915640943,8.248356409636745,2143,Mídia Social,North,Roupas
2023-08-01,34.27676647558094,43.33211977069713,13.527676647558094,2151,Mídia Social,East,Cosméticos
2023-08-01,29.276766475580942,10.33211977069713,9.527676647558094,2151,E-commerce,Centro-Oeste,Eletrônicos
2023-08-01,30.276766475580942,17.33211977069713,8.527676647558094,2152,E-commerce,South,Livros
2023-08-01,26.276766475580942,23.33211977069713,14.527676647558094,2151,Loja Física,North,Eletrônicos
2023-08-01,32.27676647558094,40.33211977069713,15.527676647558094,2150,Loja Física,East,Livros
2023-08-01,26.276766475580942,17.33211977069713,7.527676647558094,2152,E-commerce,North,Cosméticos
2023-08-01,32.27676647558094,22.33211977069713,12.527676647558094,2152,E-commerce,East,Livros
2023-08-01,32.27676647558094,30.33211977069713,9.527676647558094,2150,Mídia Social,Centro-Oeste,Livros
2023-08-01,26.276766475580942,46.33211977069713,11.527676647558094,2151,Mídia Social,North,Roupas
2023-08-01,30.276766475580942,15.33211977069713,13.527676647558094,2150,Loja Física,South,Cosméticos
2023-08-01,31.276766475580942,27.33211977069713,10.527676647558094,2151,Loja Física,Centro-Oeste,Roupas
2023-08-01,28.276766475580942,26.33211977069713,16.527676647558096,2154,Mídia Social,South,Roupas
2023-08-02,34.06760457719898,30.08112549263877,13.506760457719897,2162,Loja Física,South,Livros
2023-08-02,34.06760457719898,45.08112549263877,13.506760457719897,2162,Mídia Social,Centro-Oeste,Livros
2023-08-02,31.067604577198974,47.08112549263877,16.5067604577199,2163,Mídia Social,North,Alimentos
2023-08-02,28.067604577198974,27.08112549263877,10.506760457719897,2163,E-commerce,North,Livros
2023-08-02,30.067604577198974,10.081125492638769,14.506760457719897,2164,E-commerce,Centro-Oeste,Roupas
2023-08-02,28.067604577198974,15.081125492638769,13.506760457719897,2162,Mídia Social,East,Alimentos
2023-08-02,26.067604577198974,42.08112549263877,9.506760457719897,2162,E-commerce,East,Cosméticos
2023-08-02,27.067604577198974,17.08112549263877,9.506760457719897,2161,E-commerce,South,Eletrônicos
2023-08-02,28.067604577198974,32.08112549263877,14.506760457719897,2160,Loja Física,East,Eletrônicos
2023-08-02,27.067604577198974,16.08112549263877,11.506760457719897,2160,Loja Física,North,Eletrônicos
2023-08-02,32.06760457719898,23.08112549263877,10.506760457719897,2162,Mídia Social,South,Roupas
2023-08-02,33.06760457719898,39.08112549263877,9.506760457719897,2160,Loja Física,Centro-Oeste,Cosméticos
2023-08-03,33.856465720907394,26.827758865088867,15.48564657209074,2174,Loja Física,Centro-Oeste,Roupas
2023-08-03,32.856465720907394,13.827758865088867,11.48564657209074,2170,Loja Física,North,Alimentos
2023-08-03,32.856465720907394,9.827758865088867,12.48564657209074,2171,Loja Física,South,Cosméticos
2023-08-03,33.856465720907394,25.827758865088867,7.48564657209074,2170,Loja Física,East,Alimentos
2023-08-03,26.85646572090739,19.827758865088867,14.48564657209074,2173,E-commerce,South,Eletrônicos
2023-08-03,30.85646572090739,10.827758865088867,8.48564657209074,2172,Mídia Social,East,Roupas
2023-08-03,31.85646572090739,45.82775886508887,16.48564657209074,2172,E-commerce,Centro-Oeste,Livros
2023-08-03,29.85646572090739,28.827758865088867,13.48564657209074,2170,Mídia Social,South,Eletrônicos
2023-08-03,26.85646572090739,10.827758865088867,13.48564657209074,2172,Mídia Social,North,Roupas
2023-08-03,25.85646572090739,33.82775886508887,11.48564657209074,2170,E-commerce,North,Cosméticos
2023-08-03,26.85646572090739,35.82775886508887,8.48564657209074,2171,E-commerce,East,Livros
2023-08-03,31.85646572090739,9.827758865088867,15.48564657209074,2172,Mídia Social,Centro-Oeste,Alimentos
2023-08-04,30.643740887262904,40.572489064715484,15.464374088726291,2180,E-commerce,Centro-Oeste,Eletrônicos
2023-08-04,27.643740887262904,36.572489064715484,15.464374088726291,2184,Mídia Social,Centro-Oeste,Roupas
2023-08-04,32.64374088726291,13.572489064715484,14.464374088726291,2181,Mídia Social,North,Alimentos
2023-08-04,30.643740887262904,30.572489064715484,10.464374088726291,2184,E-commerce,North,Cosméticos
2023-08-04,29.643740887262904,39.572489064715484,13.464374088726291,2181,Loja Física,East,Alimentos
2023-08-04,26.643740887262904,42.572489064715484,11.464374088726291,2183,Loja Física,Centro-Oeste,Eletrônicos
2023-08-04,25.643740887262904,38.572489064715484,13.464374088726291,2182,Mídia Social,East,Livros
2023-08-04,29.643740887262904,46.572489064715484,11.464374088726291,2180,Mídia Social,South,Roupas
2023-08-04,31.643740887262904,18.572489064715484,10.464374088726291,2180,E-commerce,East,Eletrônicos
2023-08-04,26.643740887262904,27.572489064715484,10.464374088726291,2183,E-commerce,South,Livros
2023-08-04,27.643740887262904,10.572489064715484,16.46437408872629,2183,Loja Física,South,Eletrônicos
2023-08-04,31.643740887262904,21.572489064715484,14.464374088726291,2183,Loja Física,North,Roupas
2023-08-05,30.42982399368723,44.31578879242467,9.442982399368724,2190,Mídia Social,East,Roupas
2023-08-05,29.42982399368723,23.315788792424673,9.442982399368724,2193,Loja Física,North,Alimentos
2023-08-05,25.42982399368723,21.315788792424673,12.442982399368724,2191,E-commerce,South,Livros
2023-08-05,32.42982399368723,23.315788792424673,15.442982399368724,2192,Mídia Social,South,Eletrônicos
2023-08-05,26.42982399368723,25.315788792424673,15.442982399368724,2190,Loja Física,East,Roupas
2023-08-05,32.42982399368723,39.31578879242467,12.442982399368724,2194,Mídia Social,Centro-Oeste,Roupas
2023-08-05,32.42982399368723,48.31578879242467,14.442982399368724,2191,E-commerce,Centro-Oeste,Cosméticos
2023-08-05,30.42982399368723,31.315788792424673,10.442982399368724,2191,E-commerce,East,Alimentos
2023-08-05,33.42982399368723,9.315788792424673,11.442982399368724,2191,Loja Física,South,Livros
2023-08-05,30.42982399368723,36.31578879242467,16.442982399368724,2192,Loja Física,Centro-Oeste,Eletrônicos
2023-08-05,31.42982399368723,17.315788792424673,8.442982399368724,2194,E-commerce,North,Alimentos
2023-08-05,31.42982399368723,9.315788792424673,10.442982399368724,2194,Mídia Social,North,Cosméticos
2023-08-06,33.215111165022655,14.058133398027184,8.421511116502266,2200,E-commerce,North,Livros
2023-08-06,32.215111165022655,22.058133398027184,13.421511116502266,2202,Mídia Social,East,Alimentos
2023-08-06,29.215111165022655,14.058133398027184,7.421511116502266,2200,Mídia Social,South,Roupas
2023-08-06,30.215111165022655,38.05813339802718,14.421511116502266,2200,E-commerce,East,Alimentos
2023-08-06,24.215111165022655,46.05813339802718,14.421511116502266,2202,E-commerce,Centro-Oeste,Roupas
2023-08-06,32.215111165022655,18.058133398027184,11.421511116502266,2201,Mídia Social,North,Alimentos
2023-08-06,24.215111165022655,39.05813339802718,14.421511116502266,2202,Loja Física,North,Alimentos
2023-08-06,33.215111165022655,33.05813339802718,14.421511116502266,2202,E-commerce,South,Roupas
2023-08-06,32.215111165022655,47.05813339802718,14.421511116502266,2201,Loja Física,East,Roupas
2023-08-06,31.215111165022655,16.058133398027184,13.421511116502266,2204,Loja Física,South,Roupas
2023-08-06,30.215111165022655,22.058133398027184,16.421511116502266,2203,Loja Física,Centro-Oeste,Roupas
2023-08-06,26.215111165022655,31.058133398027184,7.421511116502266,2204,Mídia Social,Centro-Oeste,Alimentos
2023-08-07,28.000000000000004,36.800000000000004,9.4,2211,E-commerce,Centro-Oeste,Alimentos
2023-08-07,32.0,24.800000000000004,9.4,2214,Mídia Social,East,Cosméticos
2023-08-07,33.0,32.800000000000004,12.4,2212,Mídia Social,South,Eletrônicos
2023-08-07,30.000000000000004,46.800000000000004,11.4,2213,Loja Física,East,Livros
2023-08-07,25.000000000000004,35.800000000000004,10.4,2210,Loja Física,Centro-Oeste,Alimentos
2023-08-07,29.000000000000004,39.800000000000004,7.4,2211,Mídia Social,Centro-Oeste,Alimentos
2023-08-07,24.000000000000004,12.800000000000004,9.4,2210,E-commerce,North,Cosméticos
2023-08-07,24.000000000000004,45.800000000000004,13.4,2210,Loja Física,North,Cosméticos
2023-08-07,33.0,31.800000000000004,13.4,2211,Mídia Social,North,Roupas
2023-08-07,33.0,8.800000000000004,8.4,2214,Loja Física,South,Cosméticos
2023-08-07,31.000000000000004,9.800000000000004,11.4,2213,E-commerce,East,Cosméticos
2023-08-07,32.0,25.800000000000004,9.4,2214,E-commerce,South,Alimentos
2023-08-08,26.784888834977348,15.541866601972817,10.378488883497734,2222,Loja Física,East,Eletrônicos
2023-08-08,28.784888834977348,19.541866601972817,14.378488883497734,2221,E-commerce,East,Eletrônicos
2023-08-08,30.784888834977348,30.541866601972817,16.378488883497734,2224,Mídia Social,South,Livros
2023-08-08,29.784888834977348,46.541866601972814,10.378488883497734,2222,Loja Física,Centro-Oeste,Cosméticos
2023-08-08,31.784888834977348,29.541866601972817,11.378488883497734,2223,Mídia Social,East,Roupas
2023-08-08,26.784888834977348,12.541866601972817,13.378488883497734,2222,E-commerce,North,Alimentos
2023-08-08,27.784888834977348,47.541866601972814,10.378488883497734,2224,Loja Física,North,Eletrônicos
2023-08-08,28.784888834977348,12.541866601972817,10.378488883497734,2220,E-commerce,South,Cosméticos
2023-08-08,25.784888834977348,46.541866601972814,10.378488883497734,2222,Mídia Social,North,Eletrônicos
2023-08-08,30.784888834977348,44.541866601972814,8.378488883497734,2222,Loja Física,South,Eletrônicos
2023-08-08,29.784888834977348,13.541866601972817,9.378488883497734,2220,E-commerce,Centro-Oeste,Alimentos
2023-08-08,31.784888834977348,40.541866601972814,15.378488883497734,2224,Mídia Social,Centro-Oeste,Livros
2023-08-09,31.570176006312774,12.284211207575328,9.357017600631277,2232,Loja Física,Centro-Oeste,Roupas
2023-08-09,30.570176006312774,30.28421120757533,9.357017600631277,2230,Mídia Social,Centro-Oeste,Alimentos
2023-08-09,24.570176006312774,47.284211207575325,11.357017600631277,2230,Mídia Social,North,Alimentos
2023-08-09,28.570176006312774,25.28421120757533,8.357017600631277,2230,Loja Física,East,Livros
2023-08-09,31.570176006312774,35.284211207575325,7.357017600631277,2234,Loja Física,North,Cosméticos
2023-08-09,26.570176006312774,12.284211207575328,9.357017600631277,2234,Loja Física,South,Eletrônicos
2023-08-09,23.570176006312774,16.28421120757533,12.357017600631277,2231,Mídia Social,East,Eletrônicos
2023-08-09,24.570176006312774,11.284211207575328,9.357017600631277,2230,E-commerce,East,Eletrônicos
2023-08-09,26.570176006312774,34.284211207575325,15.357017600631277,2234,E-commerce,Centro-Oeste,Roupas
2023-08-09,24.570176006312774,33.284211207575325,12.357017600631277,2230,E-commerce,South,Alimentos
2023-08-09,24.570176006312774,21.28421120757533,13.357017600631277,2234,Mídia Social,South,Alimentos
2023-08-09,30.570176006312774,24.28421120757533,12.357017600631277,2233,E-commerce,North,Cosméticos
2023-08-10,27.356259112737092,10.02751093528451,10.33562591127371,2244,Mídia Social,Centro-Oeste,Livros
2023-08-10,32.35625911273709,19.02751093528451,15.33562591127371,2242,Loja Física,South,Alimentos
2023-08-10,24.356259112737092,19.02751093528451,16.33562591127371,2243,Mídia Social,East,Alimentos
2023-08-10,31.356259112737092,25.02751093528451,14.33562591127371,2242,Loja Física,North,Eletrônicos
2023-08-10,26.356259112737092,33.02751093528451,9.33562591127371,2242,Loja Física,East,Livros
2023-08-10,28.356259112737092,29.02751093528451,7.335625911273709,2243,E-commerce,North,Alimentos
2023-08-10,29.356259112737092,9.02751093528451,14.33562591127371,2241,Loja Física,Centro-Oeste,Alimentos
2023-08-10,31.356259112737092,46.02751093528451,14.33562591127371,2241,E-commerce,South,Eletrônicos
2023-08-10,28.356259112737092,23.02751093528451,11.33562591127371,2240,E-commerce,Centro-Oeste,Livros
2023-08-10,32.35625911273709,16.02751093528451,10.33562591127371,2242,E-commerce,East,Cosméticos
2023-08-10,30.356259112737092,22.02751093528451,13.33562591127371,2244,Mídia Social,North,Eletrônicos
2023-08-10,24.356259112737092,8.02751093528451,10.33562591127371,2242,Mídia Social,South,Roupas
2023-08-11,30.143534279092613,15.772241134911134,14.31435342790926,2254,Loja Física,East,Cosméticos
2023-08-11,23.143534279092613,23.772241134911134,13.31435342790926,2251,Loja Física,South,Alimentos
2023-08-11,27.143534279092613,30.772241134911134,7.314353427909261,2252,E-commerce,South,Eletrônicos
2023-08-11,28.143534279092613,37.772241134911134,15.31435342790926,2252,Loja Física,North,Livros
2023-08-11,31.143534279092613,14.772241134911134,16.31435342790926,2251,Mídia Social,North,Livros
2023-08-11,32.14353427909261,35.772241134911134,12.31435342790926,2250,Mídia Social,Centro-Oeste,Cosméticos
2023-08-11,32.14353427909261,34.772241134911134,11.31435342790926,2251,E-commerce,Centro-Oeste,Eletrônicos
2023-08-11,28.143534279092613,29.772241134911134,16.31435342790926,2252,Mídia Social,South,Alimentos
2023-08-11,26.143534279092613,35.772241134911134,13.31435342790926,2251,Loja Física,Centro-Oeste,Eletrônicos
2023-08-11,27.143534279092613,14.772241134911134,15.31435342790926,2252,E-commerce,East,Livros
2023-08-11,24.143534279092613,34.772241134911134,16.31435342790926,2251,E-commerce,North,Roupas
2023-08-11,31.143534279092613,36.772241134911134,12.31435342790926,2254,Mídia Social,East,Eletrônicos
2023-08-12,24.93239542280102,32.51887450736122,8.293239542280102,2261,Mídia Social,North,Alimentos
2023-08-12,27.93239542280102,32.51887450736122,7.2932395422801015,2260,E-commerce,South,Livros
2023-08-12,24.93239542280102,33.51887450736122,13.293239542280102,2260,E-commerce,East,Roupas
2023-08-12,24.93239542280102,30.51887450736122,16.2932395422801,2263,Loja Física,East,Cosméticos
2023-08-12,27.93239542280102,16.51887450736122,12.293239542280102,2263,Mídia Social,Centro-Oeste,Livros
2023-08-12,26.93239542280102,12.518874507361222,14.293239542280102,2260,Mídia Social,East,Alimentos
2023-08-12,24.93239542280102,17.51887450736122,8.293239542280102,2264,E-commerce,North,Livros
2023-08-12,31.93239542280102,12.518874507361222,12.293239542280102,2261,Loja Física,North,Roupas
2023-08-12,30.93239542280102,9.518874507361222,15.293239542280102,2261,Loja Física,Centro-Oeste,Cosméticos
2023-08-12,22.93239542280102,27.51887450736122,11.293239542280102,2260,Loja Física,South,Eletrônicos
2023-08-12,25.93239542280102,17.51887450736122,15.293239542280102,2261,E-commerce,Centro-Oeste,Roupas
2023-08-12,23.93239542280102,10.518874507361222,7.2932395422801015,2260,Mídia Social,South,Eletrônicos
2023-08-13,23.72323352441906,23.26788022930287,11.272323352441907,2271,E-commerce,North,Eletrônicos
2023-08-13,22.72323352441906,38.267880229302875,15.272323352441907,2274,Mídia Social,Centro-Oeste,Alimentos
2023-08-13,29.72323352441906,20.26788022930287,12.272323352441907,2274,Loja Física,Centro-Oeste,Cosméticos
2023-08-13,28.72323352441906,46.267880229302875,13.272323352441907,2274,Mídia Social,North,Livros
2023-08-13,31.72323352441906,37.267880229302875,10.272323352441907,2272,E-commerce,South,Roupas
2023-08-13,26.72323352441906,18.26788022930287,7.272323352441907,2273,Loja Física,East,Eletrônicos
2023-08-13,25.72323352441906,44.267880229302875,12.272323352441907,2274,Loja Física,North,Alimentos
2023-08-13,27.72323352441906,26.26788022930287,13.272323352441907,2273,Mídia Social,South,Eletrônicos
2023-08-13,29.72323352441906,33.267880229302875,8.272323352441907,2270,Loja Física,South,Livros
2023-08-13,30.72323352441906,12.267880229302872,14.272323352441907,2270,E-commerce,Centro-Oeste,Livros
2023-08-13,24.72323352441906,37.267880229302875,9.272323352441907,2271,Mídia Social,East,Roupas
2023-08-13,28.72323352441906,23.26788022930287,9.272323352441907,2270,E-commerce,East,Alimentos
2023-08-14,28.51643590363255,11.019723084359061,10.251643590363255,2281,Mídia Social,Centro-Oeste,Eletrônicos
2023-08-14,25.51643590363255,40.01972308435906,9.251643590363255,2283,Loja Física,North,Livros
2023-08-14,29.51643590363255,16.01972308435906,11.251643590363255,2282,Loja Física,South,Cosméticos
2023-08-14,25.51643590363255,24.01972308435906,15.251643590363255,2280,E-commerce,Centro-Oeste,Cosméticos
2023-08-14,24.51643590363255,15.019723084359061,13.251643590363255,2282,Mídia Social,East,Eletrônicos
2023-08-14,27.51643590363255,18.01972308435906,14.251643590363255,2282,E-commerce,East,Alimentos
2023-08-14,26.51643590363255,26.01972308435906,7.251643590363255,2283,E-commerce,South,Roupas
2023-08-14,30.51643590363255,44.01972308435906,8.251643590363255,2283,Loja Física,East,Livros
2023-08-14,28.51643590363255,41.01972308435906,12.251643590363255,2282,E-commerce,North,Eletrônicos
2023-08-14,24.51643590363255,37.01972308435906,13.251643590363255,2281,Loja Física,Centro-Oeste,Eletrônicos
2023-08-14,24.51643590363255,35.01972308435906,13.251643590363255,2281,Mídia Social,South,Eletrônicos
2023-08-14,31.51643590363255,18.01972308435906,9.251643590363255,2281,Mídia Social,North,Eletrônicos
2023-08-15,25.312385502029436,32.77486260243532,16.231238550202946,2293,Mídia Social,Centro-Oeste,Roupas
2023-08-15,22.312385502029436,21.774862602435324,11.231238550202944,2293,E-commerce,Centro-Oeste,Alimentos
2023-08-15,29.312385502029436,29.774862602435324,14.231238550202944,2292,Loja Física,Centro-Oeste,Livros
2023-08-15,25.312385502029436,19.774862602435324,10.231238550202944,2293,Mídia Social,East,Eletrônicos
2023-08-15,28.312385502029436,11.774862602435324,9.231238550202944,2292,E-commerce,East,Alimentos
2023-08-15,22.312385502029436,12.774862602435324,7.231238550202944,2294,Loja Física,East,Roupas
2023-08-15,31.312385502029436,16.774862602435324,16.231238550202946,2290,Mídia Social,North,Alimentos
2023-08-15,25.312385502029436,31.774862602435324,15.231238550202944,2290,Loja Física,South,Livros
2023-08-15,24.312385502029436,31.774862602435324,16.231238550202946,2290,Mídia Social,South,Alimentos
2023-08-15,30.312385502029436,19.774862602435324,10.231238550202944,2293,Loja Física,North,Cosméticos
2023-08-15,26.312385502029436,13.774862602435324,8.231238550202944,2294,E-commerce,South,Eletrônicos
2023-08-15,27.312385502029436,29.774862602435324,13.231238550202944,2293,E-commerce,North,Cosméticos
2023-08-16,25.111460173980177,19.53375220877621,16.21114601739802,2304,E-commerce,South,Alimentos
2023-08-16,31.111460173980177,28.53375220877621,15.211146017398018,2301,Mídia Social,South,Roupas
2023-08-16,30.111460173980177,7.53375220877621,15.211146017398018,2301,E-commerce,North,Roupas
2023-08-16,23.111460173980177,35.53375220877621,13.211146017398018,2301,Loja Física,Centro-Oeste,Livros
2023-08-16,29.111460173980177,29.53375220877621,14.211146017398018,2301,Loja Física,South,Cosméticos
2023-08-16,24.111460173980177,32.53375220877621,9.211146017398018,2300,E-commerce,East,Eletrônicos
2023-08-16,30.111460173980177,7.53375220877621,16.21114601739802,2303,Mídia Social,East,Cosméticos
2023-08-16,31.111460173980177,27.53375220877621,15.211146017398018,2300,E-commerce,Centro-Oeste,Eletrônicos
2023-08-16,28.111460173980177,21.53375220877621,13.211146017398018,2300,Loja Física,North,Roupas
2023-08-16,25.111460173980177,40.53375220877621,11.211146017398018,2300,Mídia Social,North,Alimentos
2023-08-16,30.111460173980177,10.53375220877621,16.21114601739802,2304,Mídia Social,Centro-Oeste,Roupas
2023-08-16,26.111460173980177,32.53375220877621,14.211146017398018,2304,Loja Física,East,Cosméticos
2023-08-17,24.914031986938422,34.29683838432611,16.19140319869384,2314,Mídia Social,East,Livros
2023-08-17,24.914031986938422,21.296838384326104,8.191403198693843,2311,E-commerce,East,Eletrônicos
2023-08-17,27.914031986938422,44.29683838432611,16.19140319869384,2310,E-commerce,Centro-Oeste,Cosméticos
2023-08-17,25.914031986938422,23.296838384326104,8.191403198693843,2311,E-commerce,North,Livros
2023-08-17,26.914031986938422,35.29683838432611,8.191403198693843,2313,E-commerce,South,Eletrônicos
2023-08-17,21.914031986938422,26.296838384326104,9.191403198693843,2310,Loja Física,East,Livros
2023-08-17,27.914031986938422,25.296838384326104,7.191403198693843,2310,Loja Física,South,Livros
2023-08-17,27.914031986938422,27.296838384326104,12.191403198693843,2314,Mídia Social,North,Livros
2023-08-17,26.914031986938422,31.296838384326104,10.191403198693843,2312,Mídia Social,South,Livros
2023-08-17,25.914031986938422,13.296838384326104,14.191403198693843,2311,Mídia Social,Centro-Oeste,Cosméticos
2023-08-17,29.914031986938422,15.296838384326104,7.191403198693843,2311,Loja Física,Centro-Oeste,Alimentos
2023-08-17,24.914031986938422,36.29683838432611,10.191403198693843,2314,Loja Física,North,Roupas
2023-08-18,30.72046653245771,37.06455983894925,10.172046653245772,2322,Loja Física,South,Roupas
2023-08-18,27.72046653245771,7.0645598389492505,11.172046653245772,2323,E-commerce,North,Cosméticos
2023-08-18,23.72046653245771,32.06455983894925,13.172046653245772,2321,Loja Física,East,Cosméticos
2023-08-18,28.72046653245771,30.06455983894925,16.172046653245772,2320,E-commerce,East,Livros
2023-08-18,24.72046653245771,7.0645598389492505,16.172046653245772,2321,Loja Física,North,Roupas
2023-08-18,30.72046653245771,13.06455983894925,8.172046653245772,2324,Mídia Social,South,Roupas
2023-08-18,25.72046653245771,25.06455983894925,10.172046653245772,2324,E-commerce,South,Livros
2023-08-18,23.72046653245771,28.06455983894925,8.172046653245772,2320,E-commerce,Centro-Oeste,Cosméticos
2023-08-18,22.72046653245771,44.06455983894925,8.172046653245772,2322,Mídia Social,East,Eletrônicos
2023-08-18,23.72046653245771,11.06455983894925,12.172046653245772,2322,Mídia Social,North,Eletrônicos
2023-08-18,25.72046653245771,29.06455983894925,10.172046653245772,2321,Loja Física,Centro-Oeste,Livros
2023-08-18,22.72046653245771,26.06455983894925,16.172046653245772,2320,Mídia Social,Centro-Oeste,Livros
2023-08-19,30.531122249200116,37.83734669904014,12.153112224920012,2334,Loja Física,South,Cosméticos
2023-08-19,28.531122249200116,16.83734669904014,15.153112224920012,2332,Mídia Social,North,Alimentos
2023-08-19,26.531122249200116,17.83734669904014,9.153112224920012,2334,Mídia Social,South,Cosméticos
2023-08-19,28.531122249200116,30.83734669904014,13.153112224920012,2330,Mídia Social,East,Cosméticos
2023-08-19,21.531122249200116,28.83734669904014,13.153112224920012,2334,Mídia Social,Centro-Oeste,Livros
2023-08-19,23.531122249200116,23.83734669904014,9.153112224920012,2330,E-commerce,North,Eletrônicos
2023-08-19,30.531122249200116,33.83734669904014,8.153112224920012,2334,E-commerce,East,Alimentos
2023-08-19,24.531122249200116,43.83734669904014,8.153112224920012,2333,E-commerce,Centro-Oeste,Roupas
2023-08-19,28.531122249200116,14.83734669904014,13.153112224920012,2334,Loja Física,Centro-Oeste,Livros
2023-08-19,24.531122249200116,25.83734669904014,8.153112224920012,2331,E-commerce,South,Eletrônicos
2023-08-19,27.531122249200116,25.83734669904014,9.153112224920012,2333,Loja Física,North,Roupas
2023-08-19,29.531122249200116,8.83734669904014,7.153112224920012,2334,Loja Física,East,Cosméticos
2023-08-20,30.346349759190332,5.615619711028398,13.134634975919033,2342,E-commerce,North,Cosméticos
2023-08-20,25.346349759190332,23.615619711028398,15.134634975919033,2342,Loja Física,East,Eletrônicos
2023-08-20,28.346349759190332,28.615619711028398,11.134634975919033,2344,Mídia Social,South,Eletrônicos
2023-08-20,25.346349759190332,16.615619711028398,13.134634975919033,2341,Loja Física,Centro-Oeste,Roupas
2023-08-20,24.346349759190332,16.615619711028398,7.134634975919033,2340,Mídia Social,East,Eletrônicos
2023-08-20,26.346349759190332,36.6156197110284,11.134634975919033,2340,Loja Física,South,Livros
2023-08-20,30.346349759190332,12.615619711028398,10.134634975919033,2342,E-commerce,Centro-Oeste,Livros
2023-08-20,27.346349759190332,34.6156197110284,10.134634975919033,2341,E-commerce,South,Roupas
2023-08-20,30.346349759190332,27.615619711028398,16.134634975919035,2341,E-commerce,East,Alimentos
2023-08-20,24.346349759190332,23.615619711028398,7.134634975919033,2340,Loja Física,North,Livros
2023-08-20,30.346349759190332,5.615619711028398,16.134634975919035,2340,Mídia Social,Centro-Oeste,Eletrônicos
2023-08-20,28.346349759190332,5.615619711028398,8.134634975919033,2340,Mídia Social,North,Roupas
2023-08-21,27.16649121854441,20.399789462253292,16.116649121854444,2352,Mídia Social,East,Alimentos
2023-08-21,22.16649121854441,28.399789462253292,16.116649121854444,2354,Loja Física,South,Cosméticos
2023-08-21,27.16649121854441,20.399789462253292,14.116649121854442,2352,E-commerce,East,Alimentos
2023-08-21,30.16649121854441,34.399789462253295,11.116649121854442,2350,Mídia Social,North,Cosméticos
2023-08-21,22.16649121854441,12.399789462253292,16.116649121854444,2354,E-commerce,North,Cosméticos
2023-08-21,30.16649121854441,26.399789462253292,9.116649121854442,2353,Mídia Social,Centro-Oeste,Eletrônicos
2023-08-21,24.16649121854441,11.399789462253292,15.116649121854442,2352,Mídia Social,South,Cosméticos
2023-08-21,27.16649121854441,6.399789462253292,11.116649121854442,2351,Loja Física,North,Alimentos
2023-08-21,25.16649121854441,18.399789462253292,11.116649121854442,2353,Loja Física,East,Alimentos
2023-08-21,24.16649121854441,17.399789462253292,10.116649121854442,2352,Loja Física,Centro-Oeste,Alimentos
2023-08-21,22.16649121854441,38.399789462253295,7.116649121854442,2350,E-commerce,Centro-Oeste,Livros
2023-08-21,21.16649121854441,7.399789462253292,9.116649121854442,2354,E-commerce,South,Alimentos
2023-08-22,26.99187968387539,27.190255620650465,11.09918796838754,2361,Mídia Social,South,Roupas
2023-08-22,26.99187968387539,19.190255620650465,10.09918796838754,2363,E-commerce,North,Eletrônicos
2023-08-22,25.99187968387539,21.190255620650465,10.09918796838754,2360,E-commerce,East,Livros
2023-08-22,20.99187968387539,31.190255620650465,15.09918796838754,2360,Loja Física,North,Cosméticos
2023-08-22,25.99187968387539,30.190255620650465,13.09918796838754,2363,Mídia Social,North,Eletrônicos
2023-08-22,27.99187968387539,32.19025562065046,16.09918796838754,2364,E-commerce,South,Eletrônicos
2023-08-22,26.99187968387539,18.190255620650465,10.09918796838754,2363,Loja Física,Centro-Oeste,Eletrônicos
2023-08-22,21.99187968387539,29.190255620650465,10.09918796838754,2363,Mídia Social,East,Cosméticos
2023-08-22,21.99187968387539,10.190255620650465,9.09918796838754,2362,Loja Física,South,Roupas
2023-08-22,22.99187968387539,23.190255620650465,14.09918796838754,2360,Loja Física,East,Alimentos
2023-08-22,24.99187968387539,28.190255620650465,14.09918796838754,2361,E-commerce,Centro-Oeste,Cosméticos
2023-08-22,24.99187968387539,21.190255620650465,11.09918796838754,2361,Mídia Social,Centro-Oeste,Eletrônicos
2023-08-23,20.822838495549114,36.98740619465893,7.082283849554912,2372,Mídia Social,East,Cosméticos
2023-08-23,20.822838495549114,37.98740619465893,7.082283849554912,2372,Mídia Social,South,Cosméticos
2023-08-23,23.822838495549114,33.98740619465893,12.082283849554912,2372,Loja Física,South,Cosméticos
2023-08-23,27.822838495549114,19.987406194658934,13.082283849554912,2371,Loja Física,Centro-Oeste,Alimentos
2023-08-23,29.822838495549114,21.987406194658934,15.082283849554912,2373,E-commerce,North,Livros
2023-08-23,20.822838495549114,17.987406194658934,13.082283849554912,2371,E-commerce,Centro-Oeste,Alimentos
2023-08-23,28.822838495549114,18.987406194658934,14.082283849554912,2374,E-commerce,South,Alimentos
2023-08-23,26.822838495549114,27.987406194658934,10.082283849554912,2370,Loja Física,North,Livros
2023-08-23,22.822838495549114,11.987406194658934,14.082283849554912,2373,Mídia Social,North,Eletrônicos
2023-08-23,25.822838495549114,33.98740619465893,8.082283849554912,2370,Loja Física,East,Alimentos
2023-08-23,27.822838495549114,17.987406194658934,16.082283849554912,2370,E-commerce,East,Cosméticos
2023-08-23,22.822838495549114,43.98740619465893,15.082283849554912,2374,Mídia Social,Centro-Oeste,Roupas
2023-08-24,20.659680678932332,25.791616814718797,7.065968067893234,2382,E-commerce,North,Cosméticos
2023-08-24,22.659680678932332,35.79161681471879,14.065968067893234,2380,Mídia Social,Centro-Oeste,Alimentos
2023-08-24,25.659680678932332,43.79161681471879,14.065968067893234,2380,E-commerce,Centro-Oeste,Eletrônicos
2023-08-24,24.659680678932332,5.791616814718797,7.065968067893234,2380,Loja Física,Centro-Oeste,Eletrônicos
2023-08-24,21.659680678932332,33.79161681471879,9.065968067893234,2383,Loja Física,South,Roupas
2023-08-24,21.659680678932332,5.791616814718797,14.065968067893234,2384,Loja Física,East,Alimentos
2023-08-24,25.659680678932332,18.791616814718797,16.065968067893234,2384,E-commerce,South,Roupas
2023-08-24,24.659680678932332,20.791616814718797,14.065968067893234,2380,E-commerce,East,Alimentos
2023-08-24,28.659680678932332,12.791616814718797,15.065968067893234,2380,Mídia Social,South,Eletrônicos
2023-08-24,22.659680678932332,24.791616814718797,7.065968067893234,2381,Mídia Social,East,Livros
2023-08-24,20.659680678932332,31.791616814718797,11.065968067893234,2383,Mídia Social,North,Roupas
2023-08-24,21.659680678932332,43.79161681471879,9.065968067893234,2380,Loja Física,North,Eletrônicos
2023-08-25,26.502708364741764,32.60325003769012,8.050270836474176,2391,E-commerce,North,Cosméticos
2023-08-25,23.502708364741764,28.603250037690117,12.050270836474176,2390,Loja Física,North,Livros
2023-08-25,28.502708364741764,10.603250037690117,10.050270836474176,2391,E-commerce,South,Livros
2023-08-25,21.502708364741764,41.60325003769012,10.050270836474176,2392,Loja Física,South,Alimentos
2023-08-25,29.502708364741764,28.603250037690117,7.050270836474176,2393,Mídia Social,East,Cosméticos
2023-08-25,20.502708364741764,28.603250037690117,9.050270836474176,2390,E-commerce,Centro-Oeste,Roupas
2023-08-25,27.502708364741764,35.60325003769012,9.050270836474176,2390,E-commerce,East,Cosméticos
2023-08-25,29.502708364741764,6.603250037690117,8.050270836474176,2391,Mídia Social,South,Cosméticos
2023-08-25,27.502708364741764,28.603250037690117,7.050270836474176,2390,Loja Física,Centro-Oeste,Roupas
2023-08-25,26.502708364741764,10.603250037690117,8.050270836474176,2394,Mídia Social,Centro-Oeste,Cosméticos
2023-08-25,27.502708364741764,16.603250037690117,9.050270836474176,2391,Mídia Social,North,Cosméticos
2023-08-25,28.502708364741764,21.603250037690117,11.050270836474176,2390,Loja Física,East,Eletrônicos
2023-08-26,20.352212229567566,5.4226546754810805,8.035221222956757,2404,Mídia Social,East,Livros
2023-08-26,21.352212229567566,33.422654675481084,10.035221222956757,2400,Loja Física,South,Eletrônicos
2023-08-26,24.352212229567566,4.4226546754810805,10.035221222956757,2402,Mídia Social,Centro-Oeste,Cosméticos
2023-08-26,29.352212229567566,20.42265467548108,10.035221222956757,2402,E-commerce,East,Cosméticos
2023-08-26,25.352212229567566,36.422654675481084,9.035221222956757,2401,Mídia Social,South,Eletrônicos
2023-08-26,29.352212229567566,37.422654675481084,13.035221222956757,2402,E-commerce,South,Alimentos
2023-08-26,23.352212229567566,18.42265467548108,16.035221222956757,2401,Mídia Social,North,Livros
2023-08-26,20.352212229567566,30.42265467548108,15.035221222956757,2403,Loja Física,East,Alimentos
2023-08-26,28.352212229567566,34.422654675481084,16.035221222956757,2404,E-commerce,Centro-Oeste,Roupas
2023-08-26,25.352212229567566,20.42265467548108,16.035221222956757,2402,E-commerce,North,Livros
2023-08-26,25.352212229567566,9.42265467548108,16.035221222956757,2401,Loja Física,Centro-Oeste,Alimentos
2023-08-26,22.352212229567566,29.42265467548108,8.035221222956757,2400,Loja Física,North,Cosméticos
2023-08-27,23.20847095760719,36.25016514912863,15.020847095760718,2412,E-commerce,East,Eletrônicos
2023-08-27,22.20847095760719,31.250165149128627,13.020847095760718,2414,Loja Física,Centro-Oeste,Cosméticos
2023-08-27,26.20847095760719,7.250165149128627,10.020847095760718,2410,Mídia Social,Centro-Oeste,Roupas
2023-08-27,23.20847095760719,29.250165149128627,12.020847095760718,2414,Loja Física,East,Roupas
2023-08-27,22.20847095760719,29.250165149128627,15.020847095760718,2411,E-commerce,South,Alimentos
2023-08-27,22.20847095760719,25.250165149128627,15.020847095760718,2410,Mídia Social,South,Alimentos
2023-08-27,22.20847095760719,12.250165149128627,16.02084709576072,2413,Loja Física,South,Livros
2023-08-27,24.20847095760719,7.250165149128627,7.020847095760718,2414,Mídia Social,North,Eletrônicos
2023-08-27,27.20847095760719,12.250165149128627,16.02084709576072,2410,Mídia Social,East,Eletrônicos
2023-08-27,26.20847095760719,43.25016514912863,14.020847095760718,2412,Loja Física,North,Roupas
2023-08-27,21.20847095760719,4.250165149128627,10.020847095760718,2412,E-commerce,Centro-Oeste,Livros
2023-08-27,22.20847095760719,17.250165149128627,15.020847095760718,2414,E-commerce,North,Roupas
2023-08-28,21.071750724606428,8.086100869527712,11.007175072460644,2421,Mídia Social,North,Livros
2023-08-28,28.071750724606428,17.086100869527712,14.007175072460644,2423,E-commerce,East,Cosméticos
2023-08-28,21.071750724606428,35.08610086952771,11.007175072460644,2422,Loja Física,Centro-Oeste,Cosméticos
2023-08-28,22.071750724606428,22.086100869527712,14.007175072460644,2420,Loja Física,East,Alimentos
2023-08-28,20.071750724606428,11.086100869527712,16.007175072460644,2422,Mídia Social,East,Roupas
2023-08-28,24.071750724606428,6.086100869527712,11.007175072460644,2424,Loja Física,North,Cosméticos
2023-08-28,20.071750724606428,41.08610086952771,8.007175072460644,2421,E-commerce,North,Livros
2023-08-28,27.071750724606428,28.086100869527712,13.007175072460644,2424,Mídia Social,Centro-Oeste,Alimentos
2023-08-28,27.071750724606428,6.086100869527712,11.007175072460644,2424,Loja Física,South,Alimentos
2023-08-28,23.071750724606428,37.08610086952771,11.007175072460644,2421,E-commerce,Centro-Oeste,Livros
2023-08-28,28.071750724606428,9.086100869527712,13.007175072460644,2421,E-commerce,South,Eletrônicos
2023-08-28,20.071750724606428,36.08610086952771,7.007175072460644,2422,Mídia Social,South,Eletrônicos
2023-08-29,20.9423047049632,14.930765645955837,8.99423047049632,2434,Loja Física,South,Cosméticos
2023-08-29,19.9423047049632,8.930765645955837,10.99423047049632,2431,Mídia Social,East,Cosméticos
2023-08-29,25.9423047049632,7.930765645955837,7.994230470496319,2434,E-commerce,Centro-Oeste,Livros
2023-08-29,22.9423047049632,5.930765645955837,9.99423047049632,2432,E-commerce,North,Alimentos
2023-08-29,25.9423047049632,20.930765645955837,9.99423047049632,2430,Loja Física,East,Eletrônicos
2023-08-29,19.9423047049632,24.930765645955837,9.99423047049632,2431,Mídia Social,Centro-Oeste,Roupas
2023-08-29,26.9423047049632,32.93076564595584,7.994230470496319,2433,Loja Física,North,Cosméticos
2023-08-29,22.9423047049632,42.93076564595584,8.99423047049632,2432,Loja Física,Centro-Oeste,Alimentos
2023-08-29,22.9423047049632,12.930765645955837,8.99423047049632,2431,E-commerce,South,Eletrônicos
2023-08-29,25.9423047049632,33.93076564595584,11.99423047049632,2434,E-commerce,East,Alimentos
2023-08-29,22.9423047049632,13.930765645955837,9.99423047049632,2431,Mídia Social,North,Cosméticos
2023-08-29,28.9423047049632,19.930765645955837,9.99423047049632,2432,Mídia Social,South,Cosméticos
2023-08-30,20.82037260290682,6.784447123488182,15.982037260290682,2440,E-commerce,North,Alimentos
2023-08-30,22.82037260290682,27.78444712348818,14.982037260290682,2440,E-commerce,South,Livros
2023-08-30,20.82037260290682,13.784447123488182,7.9820372602906815,2443,Loja Física,East,Cosméticos
2023-08-30,21.82037260290682,6.784447123488182,7.9820372602906815,2441,E-commerce,East,Roupas
2023-08-30,20.82037260290682,37.78444712348818,11.982037260290682,2442,Mídia Social,East,Cosméticos
2023-08-30,19.82037260290682,42.78444712348818,11.982037260290682,2440,Loja Física,North,Livros
2023-08-30,21.82037260290682,34.78444712348818,13.982037260290682,2442,Loja Física,Centro-Oeste,Eletrônicos
2023-08-30,19.82037260290682,32.78444712348818,6.9820372602906815,2440,E-commerce,Centro-Oeste,Eletrônicos
2023-08-30,21.82037260290682,28.78444712348818,12.982037260290682,2442,Mídia Social,Centro-Oeste,Livros
2023-08-30,21.82037260290682,10.784447123488182,13.982037260290682,2441,Loja Física,South,Roupas
2023-08-30,20.82037260290682,19.78444712348818,9.982037260290682,2443,Mídia Social,South,Roupas
2023-08-30,21.82037260290682,14.784447123488182,7.9820372602906815,2441,Mídia Social,North,Cosméticos
2023-08-31,19.706180208620985,40.64741625034518,11.970618020862098,2452,Loja Física,North,Cosméticos
2023-08-31,22.706180208620985,24.64741625034518,6.970618020862098,2453,E-commerce,East,Cosméticos
2023-08-31,22.706180208620985,24.64741625034518,8.970618020862098,2450,Loja Física,East,Roupas
2023-08-31,24.706180208620985,4.647416250345181,12.970618020862098,2451,Mídia Social,Centro-Oeste,Eletrônicos
2023-08-31,24.706180208620985,39.64741625034518,10.970618020862098,2450,Mídia Social,South,Cosméticos
2023-08-31,28.706180208620985,27.64741625034518,15.970618020862098,2450,Loja Física,Centro-Oeste,Alimentos
2023-08-31,19.706180208620985,39.64741625034518,14.970618020862098,2453,E-commerce,Centro-Oeste,Eletrônicos
2023-08-31,19.706180208620985,23.64741625034518,7.970618020862098,2451,Mídia Social,North,Eletrônicos
2023-08-31,25.706180208620985,19.64741625034518,6.970618020862098,2453,Mídia Social,East,Cosméticos
2023-08-31,26.706180208620985,31.64741625034518,6.970618020862098,2453,E-commerce,South,Livros
2023-08-31,27.706180208620985,41.64741625034518,9.970618020862098,2454,Loja Física,South,Eletrônicos
2023-08-31,20.706180208620985,40.64741625034518,10.970618020862098,2452,E-commerce,North,Alimentos
2023-09-01,23.599938980132322,37.119926776158785,8.259993898013231,2460,Mídia Social,Centro-Oeste,Eletrônicos
2023-09-01,31.599938980132322,28.119926776158785,11.259993898013231,2463,Loja Física,East,Roupas
2023-09-01,22.599938980132322,21.119926776158785,9.259993898013231,2461,Loja Física,South,Livros
2023-09-01,24.599938980132322,34.119926776158785,12.259993898013231,2463,E-commerce,North,Alimentos
2023-09-01,31.599938980132322,42.119926776158785,16.25999389801323,2463,Mídia Social,South,Roupas
2023-09-01,28.599938980132322,13.119926776158785,10.259993898013231,2464,Loja Física,North,Eletrônicos
2023-09-01,26.599938980132322,8.119926776158785,9.259993898013231,2460,Mídia Social,East,Roupas
2023-09-01,22.599938980132322,36.119926776158785,14.259993898013231,2461,Loja Física,Centro-Oeste,Roupas
2023-09-01,27.599938980132322,35.119926776158785,8.259993898013231,2464,E-commerce,East,Eletrônicos
2023-09-01,24.599938980132322,10.119926776158785,16.25999389801323,2461,E-commerce,South,Roupas
2023-09-01,27.599938980132322,15.119926776158785,10.259993898013231,2460,Mídia Social,North,Alimentos
2023-09-01,28.599938980132322,20.119926776158785,15.259993898013231,2463,E-commerce,Centro-Oeste,Cosméticos
2023-09-02,25.501845651738783,28.00221478208654,14.250184565173878,2474,Mídia Social,Centro-Oeste,Alimentos
2023-09-02,27.501845651738783,16.00221478208654,13.250184565173878,2470,Mídia Social,East,Livros
2023-09-02,31.501845651738783,18.00221478208654,14.250184565173878,2472,E-commerce,East,Cosméticos
2023-09-02,29.501845651738783,16.00221478208654,8.250184565173878,2473,Loja Física,North,Cosméticos
2023-09-02,24.501845651738783,33.00221478208654,14.250184565173878,2470,Loja Física,East,Livros
2023-09-02,26.501845651738783,41.00221478208654,7.250184565173878,2473,Loja Física,Centro-Oeste,Livros
2023-09-02,24.501845651738783,21.00221478208654,8.250184565173878,2474,Mídia Social,North,Cosméticos
2023-09-02,24.501845651738783,8.00221478208654,15.250184565173878,2474,Mídia Social,South,Cosméticos
2023-09-02,27.501845651738783,32.00221478208654,10.250184565173878,2472,E-commerce,North,Cosméticos
2023-09-02,25.501845651738783,18.00221478208654,9.250184565173878,2472,Loja Física,South,Roupas
2023-09-02,27.501845651738783,34.00221478208654,11.250184565173878,2474,E-commerce,Centro-Oeste,Eletrônicos
2023-09-02,24.501845651738783,43.00221478208654,11.250184565173878,2472,E-commerce,South,Eletrônicos
2023-09-03,31.412081869703034,29.89449824364364,8.241208186970304,2483,Mídia Social,South,Eletrônicos
2023-09-03,27.412081869703034,23.89449824364364,14.241208186970304,2484,Loja Física,East,Alimentos
2023-09-03,23.412081869703034,40.89449824364364,8.241208186970304,2480,E-commerce,East,Livros
2023-09-03,29.412081869703034,22.89449824364364,15.241208186970304,2481,Loja Física,Centro-Oeste,Alimentos
2023-09-03,26.412081869703034,30.89449824364364,12.241208186970304,2480,E-commerce,South,Cosméticos
2023-09-03,30.412081869703034,28.89449824364364,13.241208186970304,2483,Mídia Social,North,Cosméticos
2023-09-03,30.412081869703034,34.89449824364364,8.241208186970304,2483,Mídia Social,Centro-Oeste,Livros
2023-09-03,29.412081869703034,12.894498243643639,15.241208186970304,2483,E-commerce,Centro-Oeste,Livros
2023-09-03,23.412081869703034,12.894498243643639,7.241208186970304,2483,Loja Física,North,Livros
2023-09-03,23.412081869703034,45.89449824364364,8.241208186970304,2484,E-commerce,North,Cosméticos
2023-09-03,27.412081869703034,29.89449824364364,10.241208186970304,2484,Loja Física,South,Eletrônicos
2023-09-03,22.412081869703034,29.89449824364364,12.241208186970304,2482,Mídia Social,East,Alimentos
2023-09-04,27.330813855885374,7.796976627062449,16.233081385588537,2493,E-commerce,East,Cosméticos
2023-09-04,22.330813855885374,21.79697662706245,12.233081385588537,2490,Loja Física,North,Livros
2023-09-04,30.330813855885374,17.79697662706245,9.233081385588537,2493,Mídia Social,South,Alimentos
2023-09-04,31.330813855885374,21.79697662706245,7.233081385588537,2490,E-commerce,North,Cosméticos
2023-09-04,24.330813855885374,26.79697662706245,16.233081385588537,2491,Loja Física,Centro-Oeste,Livros
2023-09-04,27.330813855885374,13.796976627062449,14.233081385588537,2491,Loja Física,East,Livros
2023-09-04,28.330813855885374,25.79697662706245,8.233081385588537,2491,Mídia Social,North,Roupas
2023-09-04,27.330813855885374,22.79697662706245,10.233081385588537,2494,Loja Física,South,Livros
2023-09-04,29.330813855885374,31.79697662706245,14.233081385588537,2492,Mídia Social,East,Eletrônicos
2023-09-04,26.330813855885374,40.79697662706245,9.233081385588537,2493,E-commerce,Centro-Oeste,Cosméticos
2023-09-04,27.330813855885374,27.79697662706245,16.233081385588537,2491,E-commerce,South,Livros
2023-09-04,24.330813855885374,24.79697662706245,15.233081385588537,2494,Mídia Social,Centro-Oeste,Roupas
2023-09-05,26.258192099939144,30.70983051992697,14.225819209993915,2500,E-commerce,North,Roupas
2023-09-05,23.258192099939144,38.70983051992697,12.225819209993915,2503,E-commerce,East,Cosméticos
2023-09-05,24.258192099939144,22.70983051992697,16.225819209993915,2504,Loja Física,North,Livros
2023-09-05,26.258192099939144,29.70983051992697,9.225819209993915,2504,Mídia Social,South,Roupas
2023-09-05,31.258192099939144,39.70983051992697,14.225819209993915,2501,E-commerce,Centro-Oeste,Roupas
2023-09-05,27.258192099939144,16.70983051992697,16.225819209993915,2500,Mídia Social,Centro-Oeste,Roupas
2023-09-05,30.258192099939144,44.70983051992697,10.225819209993915,2502,Loja Física,Centro-Oeste,Alimentos
2023-09-05,22.258192099939144,22.70983051992697,10.225819209993915,2500,Loja Física,South,Livros
2023-09-05,28.258192099939144,30.70983051992697,15.225819209993915,2502,Mídia Social,East,Eletrônicos
2023-09-05,31.258192099939144,43.70983051992697,13.225819209993915,2504,Mídia Social,North,Cosméticos
2023-09-05,25.258192099939144,37.70983051992697,15.225819209993915,2503,E-commerce,South,Cosméticos
2023-09-05,22.258192099939144,15.709830519926971,10.225819209993915,2501,Loja Física,East,Alimentos
2023-09-06,29.194351080638498,11.633221296766198,15.21943510806385,2511,E-commerce,North,Eletrônicos
2023-09-06,25.194351080638498,30.633221296766198,13.21943510806385,2510,Loja Física,East,Cosméticos
2023-09-06,28.194351080638498,24.633221296766198,9.21943510806385,2514,E-commerce,South,Roupas
2023-09-06,24.194351080638498,31.633221296766198,10.21943510806385,2513,Mídia Social,East,Roupas
2023-09-06,27.194351080638498,39.633221296766195,16.21943510806385,2510,Mídia Social,South,Livros
2023-09-06,22.194351080638498,44.633221296766195,10.21943510806385,2510,Loja Física,Centro-Oeste,Alimentos
2023-09-06,22.194351080638498,38.633221296766195,12.21943510806385,2513,E-commerce,Centro-Oeste,Livros
2023-09-06,26.194351080638498,29.633221296766198,7.21943510806385,2513,Mídia Social,Centro-Oeste,Alimentos
2023-09-06,27.194351080638498,19.633221296766198,16.21943510806385,2513,Mídia Social,North,Roupas
2023-09-06,26.194351080638498,35.633221296766195,9.21943510806385,2512,Loja Física,South,Roupas
2023-09-06,23.194351080638498,11.633221296766198,16.21943510806385,2510,E-commerce,East,Eletrônicos
2023-09-06,26.194351080638498,45.633221296766195,14.21943510806385,2513,Loja Física,North,Eletrônicos
2023-09-07,22.139409016854692,11.56729082022563,9.213940901685469,2523,E-commerce,Centro-Oeste,Eletrônicos
2023-09-07,28.139409016854692,27.56729082022563,8.213940901685469,2523,Loja Física,South,Alimentos
2023-09-07,27.139409016854692,37.56729082022563,10.213940901685469,2524,E-commerce,South,Roupas
2023-09-07,31.139409016854692,31.56729082022563,16.21394090168547,2520,Mídia Social,South,Eletrônicos
2023-09-07,24.139409016854692,25.56729082022563,10.213940901685469,2523,Mídia Social,East,Cosméticos
2023-09-07,26.139409016854692,44.56729082022563,7.2139409016854685,2520,Mídia Social,Centro-Oeste,Livros
2023-09-07,24.139409016854692,13.56729082022563,11.213940901685469,2523,Loja Física,Centro-Oeste,Roupas
2023-09-07,31.139409016854692,6.5672908202256295,7.2139409016854685,2524,E-commerce,East,Eletrônicos
2023-09-07,24.139409016854692,37.56729082022563,8.213940901685469,2521,Loja Física,East,Cosméticos
2023-09-07,29.139409016854692,31.56729082022563,13.213940901685469,2523,E-commerce,North,Cosméticos
2023-09-07,28.139409016854692,44.56729082022563,14.213940901685469,2521,Mídia Social,North,Eletrônicos
2023-09-07,26.139409016854692,19.56729082022563,7.2139409016854685,2522,Loja Física,North,Alimentos
2023-09-08,30.093467648641955,23.512161178370345,14.209346764864195,2530,Mídia Social,North,Livros
2023-09-08,31.093467648641955,43.51216117837035,11.209346764864195,2532,Mídia Social,East,Roupas
2023-09-08,26.093467648641955,44.51216117837035,15.209346764864195,2531,Loja Física,East,Roupas
2023-09-08,31.093467648641955,35.51216117837035,9.209346764864195,2531,E-commerce,Centro-Oeste,Livros
2023-09-08,28.093467648641955,30.512161178370345,16.209346764864193,2533,Loja Física,North,Livros
2023-09-08,28.093467648641955,21.512161178370345,15.209346764864195,2533,Mídia Social,South,Alimentos
2023-09-08,29.093467648641955,45.51216117837035,13.209346764864195,2534,Loja Física,Centro-Oeste,Livros
2023-09-08,22.093467648641955,18.512161178370345,15.209346764864195,2531,E-commerce,East,Livros
2023-09-08,27.093467648641955,42.51216117837035,7.209346764864195,2531,Mídia Social,Centro-Oeste,Roupas
2023-09-08,26.093467648641955,11.512161178370345,8.209346764864195,2533,E-commerce,North,Roupas
2023-09-08,30.093467648641955,19.512161178370345,14.209346764864195,2534,Loja Física,South,Cosméticos
2023-09-08,29.093467648641955,41.51216117837035,7.209346764864195,2530,E-commerce,South,Eletrônicos
2023-09-09,29.056612048838296,30.467934458605956,14.20566120488383,2540,Mídia Social,North,Roupas
2023-09-09,22.056612048838296,26.467934458605956,8.20566120488383,2544,Loja Física,Centro-Oeste,Roupas
2023-09-09,24.056612048838296,45.46793445860595,14.20566120488383,2542,E-commerce,Centro-Oeste,Cosméticos
2023-09-09,23.056612048838296,7.467934458605956,7.20566120488383,2543,E-commerce,North,Eletrônicos
2023-09-09,29.056612048838296,18.467934458605956,12.20566120488383,2541,Loja Física,East,Livros
2023-09-09,24.056612048838296,21.467934458605956,7.20566120488383,2541,Mídia Social,Centro-Oeste,Alimentos
2023-09-09,27.056612048838296,10.467934458605956,15.20566120488383,2541,Loja Física,South,Alimentos
2023-09-09,26.056612048838296,39.46793445860595,13.20566120488383,2542,Mídia Social,East,Cosméticos
2023-09-09,24.056612048838296,22.467934458605956,13.20566120488383,2544,Loja Física,North,Cosméticos
2023-09-09,31.056612048838296,39.46793445860595,15.20566120488383,2540,Mídia Social,South,Roupas
2023-09-09,28.056612048838296,23.467934458605956,9.20566120488383,2541,E-commerce,East,Alimentos
2023-09-09,25.056612048838296,38.46793445860595,13.20566120488383,2544,E-commerce,South,Livros
2023-09-10,22.028910465530238,18.434692558636286,16.202891046553024,2553,E-commerce,South,Livros
2023-09-10,22.028910465530238,25.434692558636286,9.202891046553024,2551,Loja Física,East,Alimentos
2023-09-10,23.028910465530238,37.434692558636286,8.202891046553024,2550,E-commerce,North,Alimentos
2023-09-10,22.028910465530238,19.434692558636286,10.202891046553024,2551,Mídia Social,North,Cosméticos
2023-09-10,31.028910465530238,29.434692558636286,14.202891046553024,2553,Mídia Social,East,Eletrônicos
2023-09-10,24.028910465530238,9.434692558636286,8.202891046553024,2552,Mídia Social,South,Cosméticos
2023-09-10,26.028910465530238,44.434692558636286,15.202891046553024,2550,Loja Física,Centro-Oeste,Eletrônicos
2023-09-10,28.028910465530238,17.434692558636286,12.202891046553024,2553,Loja Física,South,Eletrônicos
2023-09-10,25.028910465530238,19.434692558636286,10.202891046553024,2550,Mídia Social,Centro-Oeste,Cosméticos
2023-09-10,24.028910465530238,22.434692558636286,9.202891046553024,2554,E-commerce,Centro-Oeste,Cosméticos
2023-09-10,26.028910465530238,25.434692558636286,10.202891046553024,2553,E-commerce,East,Livros
2023-09-10,31.028910465530238,14.434692558636286,9.202891046553024,2551,Loja Física,North,Livros
2023-09-11,23.01041419567304,18.412497034807647,12.201041419567304,2561,Loja Física,South,Cosméticos
2023-09-11,23.01041419567304,8.412497034807647,8.201041419567304,2560,Loja Física,East,Cosméticos
2023-09-11,25.01041419567304,6.412497034807647,9.201041419567304,2564,Loja Física,North,Roupas
2023-09-11,26.01041419567304,30.412497034807647,14.201041419567304,2563,E-commerce,South,Livros
2023-09-11,26.01041419567304,24.412497034807647,13.201041419567304,2562,Mídia Social,Centro-Oeste,Roupas
2023-09-11,23.01041419567304,42.41249703480764,16.201041419567304,2564,E-commerce,Centro-Oeste,Eletrônicos
2023-09-11,25.01041419567304,35.41249703480764,8.201041419567304,2564,Mídia Social,North,Eletrônicos
2023-09-11,26.01041419567304,34.41249703480764,9.201041419567304,2560,E-commerce,North,Livros
2023-09-11,31.01041419567304,40.41249703480764,15.201041419567304,2561,E-commerce,East,Eletrônicos
2023-09-11,31.01041419567304,32.41249703480764,16.201041419567304,2562,Mídia Social,South,Cosméticos
2023-09-11,22.01041419567304,14.412497034807647,16.201041419567304,2564,Loja Física,Centro-Oeste,Roupas
2023-09-11,23.01041419567304,38.41249703480764,12.201041419567304,2560,Mídia Social,East,Livros
2023-09-12,29.001157490100546,20.401388988120654,11.200115749010054,2574,Mídia Social,North,Roupas
2023-09-12,25.001157490100546,32.40138898812066,16.200115749010052,2573,Loja Física,East,Alimentos
2023-09-12,23.001157490100546,35.40138898812066,9.200115749010054,2573,Mídia Social,Centro-Oeste,Alimentos
2023-09-12,30.001157490100546,45.40138898812066,8.200115749010054,2570,Mídia Social,South,Roupas
2023-09-12,27.001157490100546,26.401388988120654,12.200115749010054,2571,Mídia Social,East,Livros
2023-09-12,29.001157490100546,18.401388988120654,12.200115749010054,2572,E-commerce,North,Roupas
2023-09-12,23.001157490100546,12.401388988120654,9.200115749010054,2574,Loja Física,South,Roupas
2023-09-12,31.001157490100546,16.401388988120654,9.200115749010054,2573,E-commerce,South,Alimentos
2023-09-12,23.001157490100546,42.40138898812066,10.200115749010054,2573,E-commerce,East,Eletrônicos
2023-09-12,28.001157490100546,13.401388988120654,8.200115749010054,2572,E-commerce,Centro-Oeste,Eletrônicos
2023-09-12,27.001157490100546,33.40138898812066,8.200115749010054,2574,Loja Física,Centro-Oeste,Roupas
2023-09-12,22.001157490100546,26.401388988120654,13.200115749010054,2573,Loja Física,North,Cosméticos
2023-09-13,22.001157490100546,36.40138898812066,16.200115749010052,2582,Mídia Social,South,Roupas
2023-09-13,24.001157490100546,27.401388988120654,12.200115749010054,2582,Loja Física,East,Eletrônicos
2023-09-13,27.001157490100546,22.401388988120654,7.200115749010054,2580,Mídia Social,Centro-Oeste,Roupas
2023-09-13,26.001157490100546,27.401388988120654,14.200115749010054,2581,Loja Física,North,Cosméticos
2023-09-13,22.001157490100546,21.401388988120654,11.200115749010054,2580,Loja Física,South,Roupas
2023-09-13,28.001157490100546,21.401388988120654,12.200115749010054,2584,Loja Física,Centro-Oeste,Eletrônicos
2023-09-13,22.001157490100546,8.401388988120654,15.200115749010054,2583,Mídia Social,East,Alimentos
2023-09-13,28.001157490100546,17.401388988120654,9.200115749010054,2582,E-commerce,Centro-Oeste,Cosméticos
2023-09-13,24.001157490100546,39.40138898812066,9.200115749010054,2580,E-commerce,South,Roupas
2023-09-13,22.001157490100546,38.40138898812066,14.200115749010054,2583,E-commerce,East,Alimentos
2023-09-13,22.001157490100546,38.40138898812066,11.200115749010054,2584,E-commerce,North,Alimentos
2023-09-13,23.001157490100546,6.4013889881206545,11.200115749010054,2583,Mídia Social,North,Cosméticos
2023-09-14,22.01041419567304,43.41249703480764,15.201041419567304,2594,E-commerce,East,Cosméticos
2023-09-14,28.01041419567304,18.412497034807647,16.201041419567304,2594,Loja Física,East,Roupas
2023-09-14,28.01041419567304,43.41249703480764,9.201041419567304,2594,Mídia Social,East,Livros
2023-09-14,27.01041419567304,28.412497034807647,8.201041419567304,2591,Mídia Social,South,Eletrônicos
2023-09-14,23.01041419567304,19.412497034807647,14.201041419567304,2594,E-commerce,North,Alimentos
2023-09-14,30.01041419567304,43.41249703480764,15.201041419567304,2591,Mídia Social,Centro-Oeste,Eletrônicos
2023-09-14,24.01041419567304,19.412497034807647,14.201041419567304,2590,Mídia Social,North,Alimentos
2023-09-14,30.01041419567304,25.412497034807647,9.201041419567304,2590,Loja Física,South,Eletrônicos
2023-09-14,29.01041419567304,27.412497034807647,16.201041419567304,2593,E-commerce,South,Alimentos
2023-09-14,29.01041419567304,29.412497034807647,11.201041419567304,2593,E-commerce,Centro-Oeste,Livros
2023-09-14,26.01041419567304,19.412497034807647,12.201041419567304,2594,Loja Física,North,Cosméticos
2023-09-14,26.01041419567304,13.412497034807647,14.201041419567304,2592,Loja Física,Centro-Oeste,Livros
2023-09-15,26.02891046553024,16.43469255863629,11.202891046553024,2603,Mídia Social,South,Roupas
2023-09-15,29.02891046553024,20.43469255863629,9.202891046553024,2601,Loja Física,South,Roupas
2023-09-15,31.02891046553024,17.43469255863629,15.202891046553024,2600,Mídia Social,North,Cosméticos
2023-09-15,22.02891046553024,35.434692558636286,15.202891046553024,2604,Loja Física,Centro-Oeste,Cosméticos
2023-09-15,27.02891046553024,40.434692558636286,15.202891046553024,2601,Loja Física,East,Eletrônicos
2023-09-15,30.02891046553024,21.43469255863629,10.202891046553024,2602,Mídia Social,East,Livros
2023-09-15,25.02891046553024,26.43469255863629,9.202891046553024,2604,E-commerce,Centro-Oeste,Livros
2023-09-15,31.02891046553024,28.43469255863629,16.202891046553024,2600,E-commerce,South,Cosméticos
2023-09-15,24.02891046553024,7.434692558636289,16.202891046553024,2603,Loja Física,North,Livros
2023-09-15,22.02891046553024,16.43469255863629,9.202891046553024,2603,Mídia Social,Centro-Oeste,Roupas
2023-09-15,23.02891046553024,18.43469255863629,16.202891046553024,2601,E-commerce,North,Cosméticos
2023-09-15,28.02891046553024,37.434692558636286,15.202891046553024,2604,E-commerce,East,Livros
2023-09-16,31.056612048838296,35.46793445860595,16.20566120488383,2614,Loja Física,Centro-Oeste,Alimentos
2023-09-16,24.056612048838296,11.467934458605956,7.20566120488383,2613,Loja Física,North,Alimentos
2023-09-16,30.056612048838296,31.467934458605956,16.20566120488383,2613,Mídia Social,North,Roupas
2023-09-16,22.056612048838296,40.46793445860595,8.20566120488383,2614,Mídia Social,South,Eletrônicos
2023-09-16,31.056612048838296,33.46793445860595,12.20566120488383,2610,Loja Física,East,Eletrônicos
2023-09-16,26.056612048838296,8.467934458605956,8.20566120488383,2614,E-commerce,North,Livros
2023-09-16,24.056612048838296,35.46793445860595,11.20566120488383,2611,E-commerce,South,Cosméticos
2023-09-16,31.056612048838296,39.46793445860595,8.20566120488383,2611,E-commerce,Centro-Oeste,Cosméticos
2023-09-16,22.056612048838296,6.467934458605956,13.20566120488383,2613,Loja Física,South,Roupas
2023-09-16,29.056612048838296,11.467934458605956,8.20566120488383,2610,Mídia Social,East,Cosméticos
2023-09-16,29.056612048838296,38.46793445860595,13.20566120488383,2612,E-commerce,East,Eletrônicos
2023-09-16,22.056612048838296,8.467934458605956,10.20566120488383,2610,Mídia Social,Centro-Oeste,Eletrônicos
2023-09-17,26.093467648641955,43.51216117837035,9.209346764864195,2622,Mídia Social,East,Cosméticos
2023-09-17,26.093467648641955,44.51216117837035,13.209346764864195,2624,Mídia Social,South,Cosméticos
2023-09-17,23.093467648641955,23.512161178370345,12.209346764864195,2624,Loja Física,Centro-Oeste,Eletrônicos
2023-09-17,25.093467648641955,40.51216117837035,13.209346764864195,2624,E-commerce,East,Alimentos
2023-09-17,28.093467648641955,22.512161178370345,7.209346764864195,2622,Mídia Social,North,Alimentos
2023-09-17,26.093467648641955,33.51216117837035,12.209346764864195,2624,Loja Física,South,Livros
2023-09-17,23.093467648641955,27.512161178370345,10.209346764864195,2623,Loja Física,East,Alimentos
2023-09-17,22.093467648641955,41.51216117837035,12.209346764864195,2620,E-commerce,Centro-Oeste,Roupas
2023-09-17,30.093467648641955,20.512161178370345,8.209346764864195,2623,E-commerce,North,Roupas
2023-09-17,26.093467648641955,13.512161178370345,16.209346764864193,2622,Mídia Social,Centro-Oeste,Livros
2023-09-17,24.093467648641955,20.512161178370345,7.209346764864195,2624,Loja Física,North,Roupas
2023-09-17,30.093467648641955,10.512161178370345,9.209346764864195,2622,E-commerce,South,Cosméticos
2023-09-18,30.139409016854692,29.56729082022563,12.213940901685469,2633,Mídia Social,South,Cosméticos
2023-09-18,31.139409016854692,40.56729082022563,9.213940901685469,2634,E-commerce,North,Cosméticos
2023-09-18,23.139409016854692,43.56729082022563,8.213940901685469,2632,Mídia Social,East,Roupas
2023-09-18,23.139409016854692,35.56729082022563,9.213940901685469,2632,Loja Física,South,Eletrônicos
2023-09-18,29.139409016854692,27.56729082022563,7.2139409016854685,2631,E-commerce,Centro-Oeste,Cosméticos
2023-09-18,24.139409016854692,7.5672908202256295,12.213940901685469,2633,E-commerce,South,Roupas
2023-09-18,25.139409016854692,45.56729082022563,14.213940901685469,2633,Loja Física,East,Alimentos
2023-09-18,23.139409016854692,22.56729082022563,7.2139409016854685,2633,Mídia Social,North,Cosméticos
2023-09-18,22.139409016854692,39.56729082022563,11.213940901685469,2631,Loja Física,North,Eletrônicos
2023-09-18,27.139409016854692,21.56729082022563,15.213940901685469,2630,Loja Física,Centro-Oeste,Cosméticos
2023-09-18,27.139409016854692,23.56729082022563,14.213940901685469,2633,Mídia Social,Centro-Oeste,Eletrônicos
2023-09-18,28.139409016854692,15.56729082022563,16.21394090168547,2630,E-commerce,East,Cosméticos
2023-09-19,23.194351080638494,24.63322129676619,15.21943510806385,2643,Mídia Social,Centro-Oeste,Roupas
2023-09-19,24.194351080638494,7.633221296766191,14.21943510806385,2640,Mídia Social,North,Alimentos
2023-09-19,25.194351080638494,10.633221296766191,15.21943510806385,2641,Loja Física,South,Roupas
2023-09-19,31.194351080638494,24.63322129676619,11.21943510806385,2641,Loja Física,North,Roupas
2023-09-19,27.194351080638494,31.63322129676619,13.21943510806385,2643,Mídia Social,East,Roupas
2023-09-19,25.194351080638494,10.633221296766191,9.21943510806385,2641,E-commerce,North,Cosméticos
2023-09-19,30.194351080638494,9.633221296766191,16.21943510806385,2643,Mídia Social,South,Roupas
2023-09-19,29.194351080638494,10.633221296766191,15.21943510806385,2641,E-commerce,Centro-Oeste,Livros
2023-09-19,23.194351080638494,10.633221296766191,13.21943510806385,2641,Loja Física,East,Roupas
2023-09-19,30.194351080638494,20.63322129676619,8.21943510806385,2643,E-commerce,East,Eletrônicos
2023-09-19,30.194351080638494,10.633221296766191,16.21943510806385,2643,Loja Física,Centro-Oeste,Cosméticos
2023-09-19,27.194351080638494,14.633221296766191,9.21943510806385,2641,E-commerce,South,Roupas
2023-09-20,25.25819209993914,33.70983051992697,15.225819209993915,2654,E-commerce,North,Eletrônicos
2023-09-20,31.25819209993914,12.709830519926967,8.225819209993915,2651,E-commerce,Centro-Oeste,Livros
2023-09-20,31.25819209993914,22.709830519926967,15.225819209993915,2650,Loja Física,East,Livros
2023-09-20,24.25819209993914,32.70983051992697,14.225819209993915,2653,Mídia Social,Centro-Oeste,Cosméticos
2023-09-20,24.25819209993914,27.709830519926967,10.225819209993915,2651,Mídia Social,North,Eletrônicos
2023-09-20,23.25819209993914,21.709830519926967,16.225819209993915,2651,Loja Física,North,Eletrônicos
2023-09-20,29.25819209993914,18.709830519926967,15.225819209993915,2653,Loja Física,Centro-Oeste,Alimentos
2023-09-20,24.25819209993914,38.70983051992697,10.225819209993915,2652,E-commerce,South,Roupas
2023-09-20,30.25819209993914,39.70983051992697,11.225819209993915,2653,Loja Física,South,Eletrônicos
2023-09-20,26.25819209993914,9.709830519926967,16.225819209993915,2652,E-commerce,East,Eletrônicos
2023-09-20,22.25819209993914,17.709830519926967,15.225819209993915,2650,Mídia Social,South,Eletrônicos
2023-09-20,25.25819209993914,8.709830519926967,16.225819209993915,2653,Mídia Social,East,Cosméticos
2023-09-21,25.33081385588537,19.796976627062445,11.233081385588537,2662,Mídia Social,East,Cosméticos
2023-09-21,28.33081385588537,6.796976627062445,13.233081385588537,2664,E-commerce,East,Livros
2023-09-21,22.33081385588537,24.796976627062445,11.233081385588537,2663,E-commerce,Centro-Oeste,Livros
2023-09-21,29.33081385588537,41.79697662706245,12.233081385588537,2660,Loja Física,Centro-Oeste,Cosméticos
2023-09-21,30.33081385588537,36.79697662706245,13.233081385588537,2660,Mídia Social,Centro-Oeste,Cosméticos
2023-09-21,23.33081385588537,13.796976627062445,12.233081385588537,2664,Loja Física,North,Cosméticos
2023-09-21,29.33081385588537,29.796976627062445,9.233081385588537,2664,Mídia Social,North,Eletrônicos
2023-09-21,27.33081385588537,26.796976627062445,13.233081385588537,2661,E-commerce,South,Cosméticos
2023-09-21,29.33081385588537,10.796976627062445,12.233081385588537,2663,E-commerce,North,Livros
2023-09-21,25.33081385588537,30.796976627062445,9.233081385588537,2661,Loja Física,South,Alimentos
2023-09-21,26.33081385588537,33.79697662706245,15.233081385588537,2663,Mídia Social,South,Cosméticos
2023-09-21,31.33081385588537,37.79697662706245,10.233081385588537,2662,Loja Física,East,Eletrônicos
2023-09-22,27.41208186970303,18.894498243643636,16.241208186970304,2672,E-commerce,East,Cosméticos
2023-09-22,23.41208186970303,25.894498243643636,10.241208186970303,2673,Loja Física,South,Roupas
2023-09-22,28.41208186970303,29.894498243643636,15.241208186970303,2673,E-commerce,North,Eletrônicos
2023-09-22,22.41208186970303,17.894498243643636,16.241208186970304,2673,Mídia Social,Centro-Oeste,Roupas
2023-09-22,23.41208186970303,34.89449824364364,10.241208186970303,2674,Mídia Social,East,Cosméticos
2023-09-22,27.41208186970303,42.89449824364364,10.241208186970303,2674,Loja Física,Centro-Oeste,Roupas
2023-09-22,28.41208186970303,10.894498243643636,8.241208186970303,2672,Loja Física,East,Eletrônicos
2023-09-22,29.41208186970303,8.894498243643636,15.241208186970303,2670,Mídia Social,South,Cosméticos
2023-09-22,24.41208186970303,41.89449824364364,16.241208186970304,2670,E-commerce,Centro-Oeste,Roupas
2023-09-22,25.41208186970303,35.89449824364364,11.241208186970303,2671,Loja Física,North,Cosméticos
2023-09-22,23.41208186970303,44.89449824364364,11.241208186970303,2674,E-commerce,South,Alimentos
2023-09-22,29.41208186970303,36.89449824364364,14.241208186970303,2670,Mídia Social,North,Roupas
2023-09-23,27.501845651738783,14.00221478208654,8.250184565173878,2684,Mídia Social,Centro-Oeste,Cosméticos
2023-09-23,26.501845651738783,41.00221478208654,15.250184565173878,2681,E-commerce,North,Roupas
2023-09-23,22.501845651738783,26.00221478208654,15.250184565173878,2683,Mídia Social,North,Cosméticos
2023-09-23,24.501845651738783,32.00221478208654,11.250184565173878,2683,E-commerce,East,Roupas
2023-09-23,28.501845651738783,41.00221478208654,10.250184565173878,2681,Loja Física,East,Alimentos
2023-09-23,24.501845651738783,39.00221478208654,8.250184565173878,2682,E-commerce,Centro-Oeste,Alimentos
2023-09-23,31.501845651738783,16.00221478208654,16.25018456517388,2684,Mídia Social,East,Alimentos
2023-09-23,29.501845651738783,12.00221478208654,15.250184565173878,2680,Mídia Social,South,Livros
2023-09-23,31.501845651738783,22.00221478208654,16.25018456517388,2682,Loja Física,South,Cosméticos
2023-09-23,29.501845651738783,45.00221478208654,14.250184565173878,2682,Loja Física,Centro-Oeste,Eletrônicos
2023-09-23,23.501845651738783,26.00221478208654,14.250184565173878,2683,Loja Física,North,Livros
2023-09-23,27.501845651738783,42.00221478208654,10.250184565173878,2682,E-commerce,South,Eletrônicos
2023-09-24,29.599938980132322,18.119926776158785,8.259993898013231,2691,Mídia Social,North,Livros
2023-09-24,29.599938980132322,43.119926776158785,16.25999389801323,2691,Loja Física,East,Roupas
2023-09-24,28.599938980132322,25.119926776158785,9.259993898013231,2690,Loja Física,South,Cosméticos
2023-09-24,27.599938980132322,41.119926776158785,13.259993898013231,2693,Loja Física,North,Livros
2023-09-24,31.599938980132322,39.119926776158785,15.259993898013231,2692,E-commerce,South,Cosméticos
2023-09-24,22.599938980132322,31.119926776158785,10.259993898013231,2690,E-commerce,Centro-Oeste,Livros
2023-09-24,31.599938980132322,11.119926776158785,14.259993898013231,2690,E-commerce,North,Roupas
2023-09-24,24.599938980132322,36.119926776158785,10.259993898013231,2693,Loja Física,Centro-Oeste,Roupas
2023-09-24,24.599938980132322,39.119926776158785,7.2599938980132315,2691,Mídia Social,Centro-Oeste,Cosméticos
2023-09-24,30.599938980132322,9.119926776158785,9.259993898013231,2691,Mídia Social,East,Livros
2023-09-24,24.599938980132322,42.119926776158785,9.259993898013231,2691,Mídia Social,South,Cosméticos
2023-09-24,27.599938980132322,10.119926776158785,8.259993898013231,2690,E-commerce,East,Livros
2023-09-25,25.706180208620985,34.24741625034518,15.270618020862099,2702,Loja Física,North,Alimentos
2023-09-25,27.706180208620985,27.247416250345182,14.270618020862099,2701,E-commerce,Centro-Oeste,Eletrônicos
2023-09-25,23.706180208620985,37.24741625034518,10.270618020862099,2702,E-commerce,East,Cosméticos
2023-09-25,23.706180208620985,45.24741625034518,14.270618020862099,2702,Mídia Social,East,Cosméticos
2023-09-25,25.706180208620985,33.24741625034518,10.270618020862099,2704,Loja Física,East,Roupas
2023-09-25,24.706180208620985,18.247416250345182,12.270618020862099,2700,Mídia Social,Centro-Oeste,Roupas
2023-09-25,22.706180208620985,44.24741625034518,13.270618020862099,2702,Loja Física,Centro-Oeste,Alimentos
2023-09-25,23.706180208620985,24.247416250345182,13.270618020862099,2702,E-commerce,North,Eletrônicos
2023-09-25,22.706180208620985,25.247416250345182,14.270618020862099,2703,E-commerce,South,Eletrônicos
2023-09-25,31.706180208620985,40.24741625034518,8.270618020862099,2700,Loja Física,South,Eletrônicos
2023-09-25,26.706180208620985,32.24741625034518,13.270618020862099,2701,Mídia Social,South,Livros
2023-09-25,27.706180208620985,11.247416250345182,12.270618020862099,2700,Mídia Social,North,Roupas
2023-09-26,28.82037260290681,34.38444712348817,15.282037260290682,2711,E-commerce,East,Roupas
2023-09-26,26.82037260290681,24.384447123488172,9.282037260290682,2713,Mídia Social,Centro-Oeste,Cosméticos
2023-09-26,30.82037260290681,15.384447123488172,15.282037260290682,2710,E-commerce,Centro-Oeste,Roupas
2023-09-26,23.82037260290681,37.38444712348817,11.282037260290682,2712,E-commerce,North,Eletrônicos
2023-09-26,25.82037260290681,42.38444712348817,14.282037260290682,2714,E-commerce,South,Roupas
2023-09-26,29.82037260290681,44.38444712348817,16.282037260290682,2713,Loja Física,South,Alimentos
2023-09-26,26.82037260290681,27.384447123488172,7.282037260290682,2711,Loja Física,North,Livros
2023-09-26,31.82037260290681,31.384447123488172,15.282037260290682,2712,Loja Física,Centro-Oeste,Cosméticos
2023-09-26,25.82037260290681,8.384447123488172,8.282037260290682,2714,Mídia Social,North,Livros
2023-09-26,27.82037260290681,23.384447123488172,14.282037260290682,2710,Loja Física,East,Roupas
2023-09-26,28.82037260290681,18.384447123488172,13.282037260290682,2714,Mídia Social,South,Cosméticos
2023-09-26,27.82037260290681,26.384447123488172,8.282037260290682,2711,Mídia Social,East,Alimentos
2023-09-27,23.942304704963195,23.530765645955835,7.29423047049632,2721,Mídia Social,North,Roupas
2023-09-27,22.942304704963195,33.53076564595584,11.29423047049632,2721,E-commerce,North,Livros
2023-09-27,24.942304704963195,32.53076564595584,15.29423047049632,2721,Loja Física,Centro-Oeste,Alimentos
2023-09-27,23.942304704963195,27.530765645955835,8.29423047049632,2722,Mídia Social,South,Roupas
2023-09-27,27.942304704963195,40.53076564595584,7.29423047049632,2723,Mídia Social,East,Eletrônicos
2023-09-27,22.942304704963195,15.530765645955835,7.29423047049632,2721,E-commerce,Centro-Oeste,Eletrônicos
2023-09-27,30.942304704963195,45.53076564595584,14.29423047049632,2723,Loja Física,South,Cosméticos
2023-09-27,26.942304704963195,35.53076564595584,16.29423047049632,2723,Loja Física,East,Roupas
2023-09-27,23.942304704963195,44.53076564595584,14.29423047049632,2722,Loja Física,North,Cosméticos
2023-09-27,22.942304704963195,28.530765645955835,15.29423047049632,2720,E-commerce,South,Livros
2023-09-27,28.942304704963195,15.530765645955835,15.29423047049632,2720,Mídia Social,Centro-Oeste,Cosméticos
2023-09-27,22.942304704963195,10.530765645955835,9.29423047049632,2723,E-commerce,East,Livros
2023-09-28,31.07175072460643,7.686100869527717,8.307175072460643,2732,Loja Física,South,Cosméticos
2023-09-28,27.07175072460643,9.686100869527717,14.307175072460643,2734,Mídia Social,South,Cosméticos
2023-09-28,26.07175072460643,41.68610086952772,9.307175072460643,2730,Loja Física,East,Alimentos
2023-09-28,31.07175072460643,26.686100869527717,13.307175072460643,2732,E-commerce,South,Livros
2023-09-28,31.07175072460643,43.68610086952772,15.307175072460643,2730,Loja Física,Centro-Oeste,Cosméticos
2023-09-28,23.07175072460643,31.686100869527717,8.307175072460643,2731,E-commerce,North,Alimentos
2023-09-28,27.07175072460643,32.68610086952772,8.307175072460643,2731,E-commerce,East,Roupas
2023-09-28,28.07175072460643,36.68610086952772,7.307175072460643,2733,E-commerce,Centro-Oeste,Alimentos
2023-09-28,23.07175072460643,15.686100869527717,13.307175072460643,2734,Mídia Social,East,Roupas
2023-09-28,23.07175072460643,35.68610086952772,15.307175072460643,2733,Loja Física,North,Eletrônicos
2023-09-28,29.07175072460643,23.686100869527717,7.307175072460643,2730,Mídia Social,North,Alimentos
2023-09-28,25.07175072460643,22.686100869527717,13.307175072460643,2730,Mídia Social,Centro-Oeste,Livros
2023-09-29,32.20847095760719,18.850165149128625,8.320847095760719,2743,E-commerce,Centro-Oeste,Eletrônicos
2023-09-29,27.208470957607187,7.850165149128625,10.320847095760719,2743,Loja Física,East,Alimentos
2023-09-29,24.208470957607187,24.850165149128625,10.320847095760719,2740,Mídia Social,East,Eletrônicos
2023-09-29,30.208470957607187,15.850165149128625,15.320847095760719,2740,Mídia Social,South,Roupas
2023-09-29,30.208470957607187,45.85016514912863,12.320847095760719,2740,Loja Física,Centro-Oeste,Cosméticos
2023-09-29,29.208470957607187,26.850165149128625,7.320847095760719,2741,E-commerce,North,Roupas
2023-09-29,32.20847095760719,7.850165149128625,11.320847095760719,2740,Mídia Social,North,Alimentos
2023-09-29,28.208470957607187,19.850165149128625,16.32084709576072,2744,Loja Física,South,Eletrônicos
2023-09-29,27.208470957607187,36.85016514912863,16.32084709576072,2740,Loja Física,North,Cosméticos
2023-09-29,23.208470957607187,41.85016514912863,16.32084709576072,2740,Mídia Social,Centro-Oeste,Eletrônicos
2023-09-29,29.208470957607187,39.85016514912863,8.320847095760719,2740,E-commerce,South,Cosméticos
2023-09-29,25.208470957607187,9.850165149128625,13.320847095760719,2741,E-commerce,East,Alimentos
2023-09-30,31.352212229567563,43.02265467548108,14.335221222956756,2754,E-commerce,South,Roupas
2023-09-30,30.352212229567563,17.022654675481075,10.335221222956756,2751,Mídia Social,East,Livros
2023-09-30,28.352212229567563,20.022654675481075,14.335221222956756,2754,Loja Física,North,Alimentos
2023-09-30,27.352212229567563,32.02265467548108,14.335221222956756,2750,Loja Física,East,Livros
2023-09-30,28.352212229567563,47.02265467548108,8.335221222956756,2754,Mídia Social,South,Eletrônicos
2023-09-30,26.352212229567563,43.02265467548108,8.335221222956756,2753,E-commerce,East,Alimentos
2023-09-30,31.352212229567563,32.02265467548108,12.335221222956756,2753,Loja Física,South,Alimentos
2023-09-30,25.352212229567563,21.022654675481075,14.335221222956756,2752,E-commerce,North,Alimentos
2023-09-30,26.352212229567563,27.022654675481075,15.335221222956756,2752,E-commerce,Centro-Oeste,Cosméticos
2023-09-30,25.352212229567563,23.022654675481075,16.335221222956754,2753,Mídia Social,Centro-Oeste,Alimentos
2023-09-30,29.352212229567563,42.02265467548108,13.335221222956756,2751,Mídia Social,North,Alimentos
2023-09-30,26.352212229567563,34.02265467548108,9.335221222956756,2750,Loja Física,Centro-Oeste,Cosméticos
2023-10-01,31.50270836474176,13.803250037690113,8.650270836474176,2760,Loja Física,Centro-Oeste,Cosméticos
2023-10-01,30.50270836474176,29.803250037690113,7.650270836474176,2760,E-commerce,South,Eletrônicos
2023-10-01,34.502708364741764,48.80325003769011,10.650270836474176,2762,Mídia Social,South,Livros
2023-10-01,28.50270836474176,50.80325003769011,11.650270836474176,2760,Loja Física,South,Cosméticos
2023-10-01,31.50270836474176,29.803250037690113,11.650270836474176,2762,E-commerce,North,Livros
2023-10-01,32.502708364741764,28.803250037690113,15.650270836474176,2762,Loja Física,East,Alimentos
2023-10-01,33.502708364741764,25.803250037690113,8.650270836474176,2761,Mídia Social,East,Eletrônicos
2023-10-01,35.502708364741764,23.803250037690113,11.650270836474176,2763,E-commerce,East,Alimentos
2023-10-01,26.50270836474176,18.803250037690113,12.650270836474176,2762,Mídia Social,Centro-Oeste,Alimentos
2023-10-01,33.502708364741764,27.803250037690113,10.650270836474176,2760,Mídia Social,North,Eletrônicos
2023-10-01,26.50270836474176,43.80325003769011,13.650270836474176,2762,Loja Física,North,Cosméticos
2023-10-01,35.502708364741764,27.803250037690113,15.650270836474176,2761,E-commerce,Centro-Oeste,Eletrônicos
2023-10-02,35.65968067893233,45.991616814718796,13.665968067893234,2774,E-commerce,South,Eletrônicos
2023-10-02,34.65968067893233,14.991616814718792,15.665968067893234,2772,Mídia Social,East,Livros
2023-10-02,30.65968067893233,12.991616814718792,8.665968067893234,2774,Mídia Social,North,Cosméticos
2023-10-02,26.65968067893233,22.991616814718792,9.665968067893234,2774,E-commerce,North,Livros
2023-10-02,31.65968067893233,36.991616814718796,10.665968067893234,2772,Loja Física,East,Eletrônicos
2023-10-02,27.65968067893233,45.991616814718796,13.665968067893234,2773,E-commerce,East,Alimentos
2023-10-02,32.65968067893233,20.991616814718792,10.665968067893234,2771,E-commerce,Centro-Oeste,Alimentos
2023-10-02,27.65968067893233,11.991616814718792,10.665968067893234,2772,Mídia Social,South,Eletrônicos
2023-10-02,33.65968067893233,43.991616814718796,14.665968067893234,2773,Loja Física,South,Eletrônicos
2023-10-02,33.65968067893233,25.991616814718792,13.665968067893234,2771,Mídia Social,Centro-Oeste,Eletrônicos
2023-10-02,27.65968067893233,30.991616814718792,10.665968067893234,2773,Loja Física,North,Livros
2023-10-02,35.65968067893233,49.991616814718796,13.665968067893234,2772,Loja Física,Centro-Oeste,Roupas
2023-10-03,33.82283849554911,12.187406194658934,11.682283849554912,2784,E-commerce,East,Roupas
2023-10-03,34.82283849554911,13.187406194658934,7.682283849554912,2781,Loja Física,South,Eletrônicos
2023-10-03,34.82283849554911,44.187406194658934,16.682283849554914,2783,Loja Física,East,Livros
2023-10-03,30.82283849554911,21.187406194658934,16.682283849554914,2783,Mídia Social,East,Roupas
2023-10-03,29.82283849554911,36.187406194658934,15.682283849554912,2780,E-commerce,South,Cosméticos
2023-10-03,29.82283849554911,45.187406194658934,7.682283849554912,2783,Mídia Social,North,Eletrônicos
2023-10-03,28.82283849554911,22.187406194658934,9.682283849554912,2781,Mídia Social,Centro-Oeste,Roupas
2023-10-03,33.82283849554911,24.187406194658934,7.682283849554912,2781,Loja Física,North,Cosméticos
2023-10-03,29.82283849554911,13.187406194658934,14.682283849554912,2780,Loja Física,Centro-Oeste,Roupas
2023-10-03,35.82283849554911,22.187406194658934,8.682283849554912,2781,E-commerce,North,Roupas
2023-10-03,35.82283849554911,29.187406194658934,13.682283849554912,2781,Mídia Social,South,Livros
2023-10-03,35.82283849554911,30.187406194658934,8.682283849554912,2784,E-commerce,Centro-Oeste,Livros
2023-10-04,27.99187968387539,25.390255620650464,15.69918796838754,2790,Mídia Social,North,Livros
2023-10-04,31.99187968387539,48.390255620650464,8.69918796838754,2794,Mídia Social,Centro-Oeste,Alimentos
2023-10-04,35.99187968387539,13.390255620650464,10.69918796838754,2791,E-commerce,North,Eletrônicos
2023-10-04,27.99187968387539,21.390255620650464,13.69918796838754,2794,Loja Física,South,Alimentos
2023-10-04,31.99187968387539,27.390255620650464,14.69918796838754,2793,Loja Física,North,Cosméticos
2023-10-04,31.99187968387539,28.390255620650464,8.69918796838754,2794,Mídia Social,South,Roupas
2023-10-04,34.99187968387539,18.390255620650464,16.69918796838754,2793,E-commerce,East,Alimentos
2023-10-04,31.99187968387539,50.390255620650464,12.69918796838754,2794,Loja Física,Centro-Oeste,Alimentos
2023-10-04,33.99187968387539,43.390255620650464,11.69918796838754,2790,E-commerce,South,Livros
2023-10-04,28.99187968387539,49.390255620650464,11.69918796838754,2793,Loja Física,East,Alimentos
2023-10-04,33.99187968387539,14.390255620650464,11.69918796838754,2793,E-commerce,Centro-Oeste,Roupas
2023-10-04,28.99187968387539,29.390255620650464,8.69918796838754,2793,Mídia Social,East,Livros
2023-10-05,31.166491218544408,19.59978946225329,11.716649121854442,2801,Loja Física,North,Roupas
2023-10-05,30.166491218544408,26.59978946225329,13.716649121854442,2802,E-commerce,South,Livros
2023-10-05,36.16649121854441,40.59978946225329,14.716649121854442,2803,Mídia Social,North,Alimentos
2023-10-05,28.166491218544408,27.59978946225329,16.71664912185444,2803,E-commerce,North,Eletrônicos
2023-10-05,32.16649121854441,49.59978946225329,13.716649121854442,2803,Loja Física,South,Alimentos
2023-10-05,32.16649121854441,26.59978946225329,15.716649121854442,2800,Mídia Social,Centro-Oeste,Eletrônicos
2023-10-05,35.16649121854441,42.59978946225329,7.7166491218544415,2801,E-commerce,Centro-Oeste,Cosméticos
2023-10-05,32.16649121854441,22.59978946225329,11.716649121854442,2801,Mídia Social,East,Roupas
2023-10-05,32.16649121854441,27.59978946225329,9.716649121854442,2801,Mídia Social,South,Alimentos
2023-10-05,31.166491218544408,45.59978946225329,8.716649121854442,2803,E-commerce,East,Cosméticos
2023-10-05,34.16649121854441,35.59978946225329,14.716649121854442,2802,Loja Física,East,Roupas
2023-10-05,34.16649121854441,46.59978946225329,7.7166491218544415,2803,Loja Física,Centro-Oeste,Livros
2023-10-06,32.34634975919033,39.81561971102839,13.734634975919032,2813,Mídia Social,East,Livros
2023-10-06,27.34634975919033,47.81561971102839,9.734634975919032,2810,E-commerce,South,Livros
2023-10-06,35.34634975919033,32.81561971102839,11.734634975919032,2811,Loja Física,Centro-Oeste,Livros
2023-10-06,35.34634975919033,30.81561971102839,7.7346349759190325,2810,Mídia Social,North,Alimentos
2023-10-06,27.34634975919033,20.81561971102839,8.734634975919032,2811,Mídia Social,South,Roupas
2023-10-06,32.34634975919033,25.81561971102839,8.734634975919032,2814,Loja Física,South,Eletrônicos
2023-10-06,34.34634975919033,25.81561971102839,12.734634975919032,2811,Loja Física,East,Cosméticos
2023-10-06,34.34634975919033,17.81561971102839,16.734634975919032,2810,E-commerce,East,Roupas
2023-10-06,31.34634975919033,20.81561971102839,10.734634975919032,2812,E-commerce,North,Alimentos
2023-10-06,27.34634975919033,48.81561971102839,15.734634975919032,2810,E-commerce,Centro-Oeste,Cosméticos
2023-10-06,31.34634975919033,31.81561971102839,16.734634975919032,2811,Loja Física,North,Livros
2023-10-06,28.34634975919033,36.81561971102839,11.734634975919032,2813,Mídia Social,Centro-Oeste,Alimentos
2023-10-07,35.53112224920011,34.03734669904013,11.753112224920011,2823,Loja Física,North,Cosméticos
2023-10-07,31.531122249200106,22.03734669904013,11.753112224920011,2824,Loja Física,South,Eletrônicos
2023-10-07,27.531122249200106,22.03734669904013,11.753112224920011,2821,Loja Física,Centro-Oeste,Cosméticos
2023-10-07,35.53112224920011,35.03734669904013,10.753112224920011,2821,E-commerce,East,Eletrônicos
2023-10-07,27.531122249200106,37.03734669904013,11.753112224920011,2823,Mídia Social,South,Cosméticos
2023-10-07,36.53112224920011,14.037346699040128,14.753112224920011,2820,E-commerce,Centro-Oeste,Cosméticos
2023-10-07,36.53112224920011,51.03734669904013,14.753112224920011,2822,Mídia Social,North,Cosméticos
2023-10-07,31.531122249200106,39.03734669904013,14.753112224920011,2823,Mídia Social,Centro-Oeste,Cosméticos
2023-10-07,28.531122249200106,16.03734669904013,12.753112224920011,2824,E-commerce,South,Eletrônicos
2023-10-07,31.531122249200106,20.03734669904013,14.753112224920011,2820,Mídia Social,East,Alimentos
2023-10-07,33.53112224920011,43.03734669904013,13.753112224920011,2823,Loja Física,East,Eletrônicos
2023-10-07,27.531122249200106,40.03734669904013,14.753112224920011,2822,E-commerce,North,Roupas
2023-10-08,34.720466532457706,24.264559838949246,11.77204665324577,2831,Loja Física,South,Alimentos
2023-10-08,34.720466532457706,44.264559838949246,7.77204665324577,2834,Mídia Social,North,Eletrônicos
2023-10-08,28.720466532457706,36.264559838949246,10.77204665324577,2831,Mídia Social,Centro-Oeste,Cosméticos
2023-10-08,31.720466532457706,21.264559838949246,15.77204665324577,2832,Loja Física,North,Alimentos
2023-10-08,27.720466532457706,47.264559838949246,8.77204665324577,2833,Mídia Social,South,Alimentos
2023-10-08,34.720466532457706,35.264559838949246,12.77204665324577,2833,E-commerce,South,Roupas
2023-10-08,33.720466532457706,23.264559838949246,15.77204665324577,2830,Loja Física,Centro-Oeste,Eletrônicos
2023-10-08,33.720466532457706,44.264559838949246,16.77204665324577,2833,E-commerce,Centro-Oeste,Livros
2023-10-08,34.720466532457706,21.264559838949246,13.77204665324577,2830,Loja Física,East,Alimentos
2023-10-08,29.720466532457706,25.264559838949246,12.77204665324577,2832,Mídia Social,East,Roupas
2023-10-08,35.720466532457706,22.264559838949246,14.77204665324577,2831,E-commerce,North,Eletrônicos
2023-10-08,28.720466532457706,22.264559838949246,11.77204665324577,2831,E-commerce,East,Alimentos
2023-10-09,31.91403198693842,25.496838384326104,8.791403198693843,2843,Loja Física,East,Livros
2023-10-09,31.91403198693842,44.496838384326104,13.791403198693843,2841,Loja Física,South,Eletrônicos
2023-10-09,31.91403198693842,52.496838384326104,14.791403198693843,2842,Mídia Social,East,Livros
2023-10-09,31.91403198693842,39.496838384326104,15.791403198693843,2843,Mídia Social,North,Roupas
2023-10-09,34.91403198693842,33.496838384326104,16.791403198693843,2842,Mídia Social,Centro-Oeste,Roupas
2023-10-09,30.91403198693842,18.496838384326104,7.791403198693843,2844,Loja Física,North,Alimentos
2023-10-09,30.91403198693842,15.496838384326104,8.791403198693843,2841,E-commerce,South,Eletrônicos
2023-10-09,34.91403198693842,27.496838384326104,11.791403198693843,2844,E-commerce,North,Cosméticos
2023-10-09,28.91403198693842,34.496838384326104,14.791403198693843,2842,Mídia Social,South,Eletrônicos
2023-10-09,31.91403198693842,51.496838384326104,12.791403198693843,2840,Loja Física,Centro-Oeste,Cosméticos
2023-10-09,27.91403198693842,48.496838384326104,12.791403198693843,2840,E-commerce,Centro-Oeste,Roupas
2023-10-09,34.91403198693842,32.496838384326104,10.791403198693843,2843,E-commerce,East,Roupas
2023-10-10,29.11146017398017,43.7337522087762,11.811146017398016,2851,Loja Física,Centro-Oeste,Eletrônicos
2023-10-10,30.11146017398017,42.7337522087762,11.811146017398016,2853,Loja Física,South,Eletrônicos
2023-10-10,29.11146017398017,34.7337522087762,13.811146017398016,2850,E-commerce,Centro-Oeste,Livros
2023-10-10,34.11146017398017,32.7337522087762,16.811146017398016,2850,Mídia Social,East,Alimentos
2023-10-10,36.11146017398017,16.733752208776203,12.811146017398016,2853,Mídia Social,Centro-Oeste,Eletrônicos
2023-10-10,29.11146017398017,47.7337522087762,7.811146017398016,2850,Loja Física,North,Cosméticos
2023-10-10,37.11146017398017,41.7337522087762,11.811146017398016,2853,Mídia Social,North,Eletrônicos
2023-10-10,30.11146017398017,25.733752208776203,16.811146017398016,2852,Loja Física,East,Cosméticos
2023-10-10,35.11146017398017,26.733752208776203,10.811146017398016,2854,E-commerce,East,Alimentos
2023-10-10,37.11146017398017,34.7337522087762,13.811146017398016,2854,Mídia Social,South,Alimentos
2023-10-10,29.11146017398017,41.7337522087762,16.811146017398016,2853,E-commerce,South,Roupas
2023-10-10,31.11146017398017,35.7337522087762,13.811146017398016,2853,E-commerce,North,Alimentos
2023-10-11,33.31238550202943,13.974862602435316,15.831238550202944,2863,Loja Física,Centro-Oeste,Cosméticos
2023-10-11,34.31238550202943,35.974862602435316,12.831238550202944,2860,Loja Física,South,Roupas
2023-10-11,30.312385502029432,25.974862602435316,9.831238550202944,2862,Mídia Social,North,Livros
2023-10-11,28.312385502029432,13.974862602435316,8.831238550202944,2860,E-commerce,Centro-Oeste,Livros
2023-10-11,31.312385502029432,25.974862602435316,10.831238550202944,2864,Mídia Social,East,Roupas
2023-10-11,31.312385502029432,30.974862602435316,16.831238550202944,2863,Loja Física,East,Cosméticos
2023-10-11,32.31238550202943,40.974862602435316,10.831238550202944,2862,E-commerce,North,Cosméticos
2023-10-11,32.31238550202943,21.974862602435316,11.831238550202944,2862,Mídia Social,South,Roupas
2023-10-11,28.312385502029432,17.974862602435316,14.831238550202944,2863,E-commerce,East,Livros
2023-10-11,32.31238550202943,35.974862602435316,13.831238550202944,2860,Loja Física,North,Livros
2023-10-11,28.312385502029432,30.974862602435316,7.831238550202944,2863,E-commerce,South,Alimentos
2023-10-11,37.31238550202943,37.974862602435316,12.831238550202944,2860,Mídia Social,Centro-Oeste,Livros
2023-10-12,35.51643590363254,32.219723084359046,8.851643590363254,2872,E-commerce,East,Eletrônicos
2023-10-12,29.51643590363254,35.219723084359046,10.851643590363254,2873,E-commerce,Centro-Oeste,Alimentos
2023-10-12,35.51643590363254,22.219723084359046,10.851643590363254,2872,E-commerce,North,Roupas
2023-10-12,28.51643590363254,25.219723084359046,14.851643590363254,2872,E-commerce,South,Cosméticos
2023-10-12,35.51643590363254,23.219723084359046,14.851643590363254,2872,Loja Física,South,Alimentos
2023-10-12,29.51643590363254,39.219723084359046,8.851643590363254,2870,Loja Física,North,Alimentos
2023-10-12,30.51643590363254,15.219723084359046,8.851643590363254,2874,Loja Física,Centro-Oeste,Roupas
2023-10-12,35.51643590363254,29.219723084359046,14.851643590363254,2871,Mídia Social,Centro-Oeste,Roupas
2023-10-12,33.51643590363254,19.219723084359046,16.851643590363253,2872,Mídia Social,North,Eletrônicos
2023-10-12,34.51643590363254,52.219723084359046,14.851643590363254,2871,Mídia Social,East,Roupas
2023-10-12,37.51643590363254,38.219723084359046,14.851643590363254,2872,Mídia Social,South,Alimentos
2023-10-12,31.51643590363254,21.219723084359046,11.851643590363254,2871,Loja Física,East,Cosméticos
2023-10-13,31.72323352441907,43.46788022930288,10.872323352441907,2884,Loja Física,South,Cosméticos
2023-10-13,37.72323352441907,30.467880229302878,15.872323352441907,2884,Loja Física,Centro-Oeste,Alimentos
2023-10-13,29.72323352441907,22.467880229302878,9.872323352441907,2881,Mídia Social,East,Alimentos
2023-10-13,31.72323352441907,45.46788022930288,11.872323352441907,2880,Loja Física,East,Cosméticos
2023-10-13,28.72323352441907,20.467880229302878,14.872323352441907,2883,E-commerce,North,Livros
2023-10-13,37.72323352441907,39.46788022930288,9.872323352441907,2883,E-commerce,Centro-Oeste,Alimentos
2023-10-13,30.72323352441907,32.46788022930288,12.872323352441907,2881,E-commerce,East,Livros
2023-10-13,29.72323352441907,52.46788022930288,11.872323352441907,2881,Mídia Social,South,Eletrônicos
2023-10-13,32.72323352441907,25.467880229302878,7.8723233524419065,2880,Loja Física,North,Livros
2023-10-13,30.72323352441907,40.46788022930288,13.872323352441907,2881,Mídia Social,North,Livros
2023-10-13,32.72323352441907,44.46788022930288,10.872323352441907,2884,Mídia Social,Centro-Oeste,Eletrônicos
2023-10-13,28.72323352441907,46.46788022930288,8.872323352441907,2882,E-commerce,South,Roupas
2023-10-14,33.93239542280102,21.718874507361228,11.893239542280103,2890,Loja Física,Centro-Oeste,Cosméticos
2023-10-14,32.93239542280102,48.71887450736123,12.893239542280103,2894,Mídia Social,Centro-Oeste,Eletrônicos
2023-10-14,35.93239542280102,22.718874507361228,14.893239542280103,2892,E-commerce,South,Livros
2023-10-14,32.93239542280102,33.71887450736123,8.893239542280103,2892,E-commerce,Centro-Oeste,Eletrônicos
2023-10-14,34.93239542280102,44.71887450736123,16.893239542280103,2894,Loja Física,South,Roupas
2023-10-14,36.93239542280102,49.71887450736123,10.893239542280103,2890,Mídia Social,East,Roupas
2023-10-14,36.93239542280102,37.71887450736123,7.893239542280103,2894,E-commerce,East,Cosméticos
2023-10-14,35.93239542280102,52.71887450736123,10.893239542280103,2892,Loja Física,North,Alimentos
2023-10-14,36.93239542280102,37.71887450736123,13.893239542280103,2893,Mídia Social,South,Cosméticos
2023-10-14,33.93239542280102,28.718874507361228,12.893239542280103,2891,Loja Física,East,Roupas
2023-10-14,30.932395422801022,47.71887450736123,15.893239542280103,2894,Mídia Social,North,Alimentos
2023-10-14,32.93239542280102,37.71887450736123,13.893239542280103,2890,E-commerce,North,Roupas
2023-10-15,36.143534279092606,42.97224113491113,14.914353427909262,2901,Loja Física,North,Cosméticos
2023-10-15,35.143534279092606,26.97224113491113,10.914353427909262,2903,Mídia Social,East,Cosméticos
2023-10-15,32.143534279092606,53.97224113491113,16.914353427909262,2903,Loja Física,South,Eletrônicos
2023-10-15,32.143534279092606,17.97224113491113,9.914353427909262,2900,Mídia Social,South,Cosméticos
2023-10-15,37.143534279092606,44.97224113491113,15.914353427909262,2902,Loja Física,Centro-Oeste,Roupas
2023-10-15,29.14353427909261,46.97224113491113,16.914353427909262,2902,E-commerce,East,Roupas
2023-10-15,31.14353427909261,40.97224113491113,10.914353427909262,2902,Mídia Social,Centro-Oeste,Alimentos
2023-10-15,38.143534279092606,51.97224113491113,7.914353427909262,2903,E-commerce,Centro-Oeste,Eletrônicos
2023-10-15,29.14353427909261,16.97224113491113,12.914353427909262,2903,E-commerce,North,Eletrônicos
2023-10-15,31.14353427909261,21.97224113491113,11.914353427909262,2900,E-commerce,South,Eletrônicos
2023-10-15,32.143534279092606,49.97224113491113,11.914353427909262,2903,Loja Física,East,Eletrônicos
2023-10-15,29.14353427909261,25.97224113491113,11.914353427909262,2904,Mídia Social,North,Alimentos
2023-10-16,32.35625911273709,36.22751093528451,11.93562591127371,2914,Loja Física,East,Cosméticos
2023-10-16,38.35625911273709,23.227510935284513,12.93562591127371,2913,E-commerce,East,Cosméticos
2023-10-16,35.35625911273709,39.22751093528451,7.935625911273711,2914,E-commerce,South,Roupas
2023-10-16,33.35625911273709,24.227510935284513,10.93562591127371,2914,Loja Física,North,Alimentos
2023-10-16,38.35625911273709,40.22751093528451,7.935625911273711,2912,Loja Física,Centro-Oeste,Cosméticos
2023-10-16,36.35625911273709,39.22751093528451,14.93562591127371,2911,Mídia Social,Centro-Oeste,Eletrônicos
2023-10-16,29.356259112737096,33.22751093528451,13.93562591127371,2914,E-commerce,Centro-Oeste,Eletrônicos
2023-10-16,36.35625911273709,16.227510935284513,15.93562591127371,2912,E-commerce,North,Roupas
2023-10-16,30.356259112737096,46.22751093528451,7.935625911273711,2910,Mídia Social,East,Eletrônicos
2023-10-16,32.35625911273709,33.22751093528451,7.935625911273711,2912,Mídia Social,South,Cosméticos
2023-10-16,35.35625911273709,44.22751093528451,8.93562591127371,2910,Loja Física,South,Livros
2023-10-16,37.35625911273709,39.22751093528451,13.93562591127371,2911,Mídia Social,North,Eletrônicos
2023-10-17,35.570176006312764,42.48421120757531,10.957017600631277,2923,Loja Física,East,Roupas
2023-10-17,34.570176006312764,25.484211207575314,14.957017600631277,2924,Mídia Social,East,Livros
2023-10-17,36.570176006312764,31.484211207575314,8.957017600631277,2922,Loja Física,North,Alimentos
2023-10-17,30.57017600631276,51.48421120757531,10.957017600631277,2922,Mídia Social,South,Alimentos
2023-10-17,37.570176006312764,27.484211207575314,9.957017600631277,2924,E-commerce,East,Livros
2023-10-17,37.570176006312764,29.484211207575314,8.957017600631277,2924,Mídia Social,Centro-Oeste,Livros
2023-10-17,32.570176006312764,45.48421120757531,12.957017600631277,2922,Loja Física,Centro-Oeste,Alimentos
2023-10-17,29.57017600631276,35.48421120757531,13.957017600631277,2920,Loja Física,South,Livros
2023-10-17,32.570176006312764,42.48421120757531,15.957017600631277,2920,E-commerce,North,Roupas
2023-10-17,30.57017600631276,41.48421120757531,12.957017600631277,2924,E-commerce,South,Alimentos
2023-10-17,30.57017600631276,49.48421120757531,7.957017600631277,2923,E-commerce,Centro-Oeste,Cosméticos
2023-10-17,36.570176006312764,23.484211207575314,16.957017600631275,2920,Mídia Social,North,Livros
2023-10-18,31.784888834977345,16.74186660197281,8.978488883497734,2934,Loja Física,South,Cosméticos
2023-10-18,38.784888834977345,42.74186660197281,11.978488883497734,2930,E-commerce,East,Eletrônicos
2023-10-18,38.784888834977345,21.74186660197281,11.978488883497734,2933,Mídia Social,South,Livros
2023-10-18,36.784888834977345,34.74186660197281,10.978488883497734,2930,E-commerce,Centro-Oeste,Alimentos
2023-10-18,37.784888834977345,31.74186660197281,12.978488883497734,2932,E-commerce,North,Roupas
2023-10-18,34.784888834977345,47.74186660197281,16.978488883497732,2933,Mídia Social,Centro-Oeste,Eletrônicos
2023-10-18,29.784888834977345,41.74186660197281,7.978488883497734,2934,Mídia Social,North,Livros
2023-10-18,31.784888834977345,20.74186660197281,13.978488883497734,2930,Loja Física,East,Eletrônicos
2023-10-18,29.784888834977345,18.74186660197281,13.978488883497734,2934,Mídia Social,East,Eletrônicos
2023-10-18,31.784888834977345,48.74186660197281,12.978488883497734,2934,Loja Física,North,Eletrônicos
2023-10-18,32.784888834977345,31.74186660197281,12.978488883497734,2931,Loja Física,Centro-Oeste,Livros
2023-10-18,35.784888834977345,45.74186660197281,16.978488883497732,2932,E-commerce,South,Roupas
2023-10-19,36.00000000000001,23.000000000000007,10.0,2942,Mídia Social,North,Livros
2023-10-19,34.00000000000001,21.000000000000007,17.0,2941,Loja Física,North,Alimentos
2023-10-19,37.00000000000001,44.00000000000001,17.0,2944,E-commerce,East,Alimentos
2023-10-19,33.00000000000001,51.00000000000001,16.0,2940,Loja Física,Centro-Oeste,Eletrônicos
2023-10-19,39.00000000000001,51.00000000000001,10.0,2942,E-commerce,Centro-Oeste,Alimentos
2023-10-19,35.00000000000001,33.00000000000001,12.0,2944,Loja Física,South,Cosméticos
2023-10-19,30.000000000000007,26.000000000000007,13.0,2940,Mídia Social,South,Livros
2023-10-19,39.00000000000001,31.000000000000007,9.0,2942,E-commerce,North,Eletrônicos
2023-10-19,38.00000000000001,39.00000000000001,11.0,2944,Mídia Social,Centro-Oeste,Roupas
2023-10-19,38.00000000000001,36.00000000000001,16.0,2944,Loja Física,East,Alimentos
2023-10-19,39.00000000000001,40.00000000000001,9.0,2942,Mídia Social,East,Cosméticos
2023-10-19,36.00000000000001,36.00000000000001,15.0,2942,E-commerce,South,Cosméticos
2023-10-20,37.21511116502265,38.258133398027184,9.021511116502266,2951,Mídia Social,South,Roupas
2023-10-20,34.21511116502265,47.258133398027184,10.021511116502266,2951,E-commerce,North,Eletrônicos
2023-10-20,35.21511116502265,24.258133398027184,16.021511116502268,2950,Loja Física,East,Alimentos
2023-10-20,37.21511116502265,41.258133398027184,17.021511116502268,2951,Mídia Social,North,Eletrônicos
2023-10-20,33.21511116502265,52.258133398027184,10.021511116502266,2953,E-commerce,Centro-Oeste,Alimentos
2023-10-20,32.21511116502265,35.258133398027184,13.021511116502266,2954,Loja Física,South,Alimentos
2023-10-20,32.21511116502265,24.258133398027184,13.021511116502266,2951,Loja Física,North,Cosméticos
2023-10-20,37.21511116502265,17.258133398027184,16.021511116502268,2951,E-commerce,East,Livros
2023-10-20,33.21511116502265,22.258133398027184,14.021511116502266,2952,E-commerce,South,Livros
2023-10-20,32.21511116502265,25.258133398027184,16.021511116502268,2952,Mídia Social,Centro-Oeste,Roupas
2023-10-20,39.21511116502265,24.258133398027184,13.021511116502266,2950,Mídia Social,East,Cosméticos
2023-10-20,35.21511116502265,16.258133398027184,9.021511116502266,2951,Loja Física,Centro-Oeste,Livros
2023-10-21,39.429823993687236,34.51578879242468,16.042982399368725,2964,Mídia Social,North,Alimentos
2023-10-21,38.429823993687236,42.51578879242468,9.042982399368723,2964,E-commerce,South,Alimentos
2023-10-21,34.429823993687236,36.51578879242468,14.042982399368723,2962,E-commerce,North,Cosméticos
2023-10-21,30.429823993687233,49.51578879242468,8.042982399368723,2960,Loja Física,South,Cosméticos
2023-10-21,36.429823993687236,50.51578879242468,11.042982399368723,2964,Mídia Social,Centro-Oeste,Eletrônicos
2023-10-21,35.429823993687236,34.51578879242468,16.042982399368725,2962,Loja Física,Centro-Oeste,Livros
2023-10-21,30.429823993687233,16.51578879242468,13.042982399368723,2960,E-commerce,Centro-Oeste,Eletrônicos
2023-10-21,32.429823993687236,52.51578879242468,14.042982399368723,2962,Loja Física,East,Cosméticos
2023-10-21,36.429823993687236,49.51578879242468,14.042982399368723,2964,E-commerce,East,Eletrônicos
2023-10-21,37.429823993687236,35.51578879242468,16.042982399368725,2961,Loja Física,North,Alimentos
2023-10-21,31.429823993687233,17.51578879242468,9.042982399368723,2964,Mídia Social,South,Alimentos
2023-10-21,32.429823993687236,26.51578879242468,16.042982399368725,2961,Mídia Social,East,Livros
2023-10-22,34.6437408872629,21.77248906471548,8.06437408872629,2973,Loja Física,North,Roupas
2023-10-22,32.6437408872629,32.77248906471548,11.06437408872629,2973,Loja Física,South,Cosméticos
2023-10-22,35.6437408872629,28.77248906471548,8.06437408872629,2973,E-commerce,South,Cosméticos
2023-10-22,38.6437408872629,37.77248906471548,10.06437408872629,2971,Loja Física,East,Eletrônicos
2023-10-22,32.6437408872629,26.77248906471548,9.06437408872629,2971,E-commerce,North,Livros
2023-10-22,38.6437408872629,52.77248906471548,9.06437408872629,2974,E-commerce,Centro-Oeste,Eletrônicos
2023-10-22,37.6437408872629,32.77248906471548,13.06437408872629,2972,Mídia Social,South,Cosméticos
2023-10-22,37.6437408872629,30.77248906471548,16.06437408872629,2974,Mídia Social,North,Roupas
2023-10-22,39.6437408872629,31.77248906471548,9.06437408872629,2974,Loja Física,Centro-Oeste,Cosméticos
2023-10-22,31.6437408872629,31.77248906471548,17.06437408872629,2974,Mídia Social,Centro-Oeste,Alimentos
2023-10-22,31.6437408872629,48.77248906471548,14.06437408872629,2974,Mídia Social,East,Livros
2023-10-22,32.6437408872629,45.77248906471548,13.06437408872629,2972,E-commerce,East,Livros
2023-10-23,33.85646572090739,21.027758865088863,16.085646572090738,2980,Mídia Social,East,Livros
2023-10-23,31.856465720907387,45.02775886508886,10.085646572090738,2980,E-commerce,Centro-Oeste,Alimentos
2023-10-23,34.85646572090739,42.02775886508886,9.085646572090738,2982,Mídia Social,North,Cosméticos
2023-10-23,38.85646572090739,25.027758865088863,12.085646572090738,2981,E-commerce,South,Alimentos
2023-10-23,30.856465720907387,49.02775886508886,10.085646572090738,2982,Loja Física,South,Livros
2023-10-23,33.85646572090739,48.02775886508886,16.085646572090738,2981,Loja Física,North,Livros
2023-10-23,39.85646572090739,34.02775886508886,11.085646572090738,2981,Mídia Social,Centro-Oeste,Cosméticos
2023-10-23,38.85646572090739,43.02775886508886,9.085646572090738,2983,E-commerce,East,Eletrônicos
2023-10-23,38.85646572090739,31.027758865088863,13.085646572090738,2980,Mídia Social,South,Eletrônicos
2023-10-23,39.85646572090739,54.02775886508886,14.085646572090738,2984,Loja Física,Centro-Oeste,Alimentos
2023-10-23,39.85646572090739,36.02775886508886,14.085646572090738,2982,Loja Física,East,Livros
2023-10-23,37.85646572090739,53.02775886508886,11.085646572090738,2984,E-commerce,North,Cosméticos
2023-10-24,32.06760457719898,32.28112549263878,8.106760457719899,2991,E-commerce,North,Livros
2023-10-24,40.06760457719898,32.28112549263878,13.106760457719899,2992,Mídia Social,East,Eletrônicos
2023-10-24,36.06760457719898,48.28112549263878,11.106760457719899,2994,E-commerce,Centro-Oeste,Roupas
2023-10-24,34.06760457719898,56.28112549263878,8.106760457719899,2993,Mídia Social,South,Roupas
2023-10-24,35.06760457719898,24.28112549263878,11.106760457719899,2993,E-commerce,South,Roupas
2023-10-24,39.06760457719898,17.28112549263878,16.1067604577199,2992,Loja Física,East,Eletrônicos
2023-10-24,40.06760457719898,32.28112549263878,11.106760457719899,2991,Loja Física,South,Roupas
2023-10-24,37.06760457719898,19.28112549263878,15.106760457719899,2991,Mídia Social,North,Alimentos
2023-10-24,34.06760457719898,40.28112549263878,8.106760457719899,2994,Loja Física,Centro-Oeste,Cosméticos
2023-10-24,35.06760457719898,26.28112549263878,17.1067604577199,2991,Mídia Social,Centro-Oeste,Cosméticos
2023-10-24,35.06760457719898,55.28112549263878,8.106760457719899,2992,Loja Física,North,Eletrônicos
2023-10-24,32.06760457719898,41.28112549263878,11.106760457719899,2991,E-commerce,East,Alimentos
2023-10-25,34.27676647558094,51.53211977069712,15.127676647558093,3001,Loja Física,Centro-Oeste,Roupas
2023-10-25,33.27676647558094,29.532119770697122,10.127676647558093,3002,E-commerce,South,Alimentos
2023-10-25,32.27676647558094,54.53211977069712,12.127676647558093,3002,Mídia Social,South,Roupas
2023-10-25,38.27676647558094,27.532119770697122,16.127676647558093,3001,Mídia Social,North,Livros
2023-10-25,37.27676647558094,36.53211977069712,11.127676647558093,3002,Mídia Social,Centro-Oeste,Roupas
2023-10-25,33.27676647558094,46.53211977069712,13.127676647558093,3002,Loja Física,South,Eletrônicos
2023-10-25,31.27676647558094,24.532119770697122,10.127676647558093,3002,Loja Física,East,Roupas
2023-10-25,35.27676647558094,42.53211977069712,9.127676647558093,3004,E-commerce,Centro-Oeste,Cosméticos
2023-10-25,34.27676647558094,49.53211977069712,8.127676647558093,3003,Loja Física,North,Livros
2023-10-25,39.27676647558094,24.532119770697122,11.127676647558093,3001,Mídia Social,East,Alimentos
2023-10-25,39.27676647558094,45.53211977069712,11.127676647558093,3003,E-commerce,East,Alimentos
2023-10-25,40.27676647558094,52.53211977069712,9.127676647558093,3004,E-commerce,North,Alimentos
2023-10-26,38.483564096367445,55.78027691564093,11.148356409636744,3010,Loja Física,East,Cosméticos
2023-10-26,36.483564096367445,34.78027691564093,12.148356409636744,3011,E-commerce,Centro-Oeste,Eletrônicos
2023-10-26,35.483564096367445,39.78027691564093,9.148356409636744,3010,Mídia Social,East,Roupas
2023-10-26,32.483564096367445,45.78027691564093,8.148356409636744,3011,Loja Física,North,Eletrônicos
2023-10-26,38.483564096367445,40.78027691564093,15.148356409636744,3014,E-commerce,South,Roupas
2023-10-26,31.483564096367445,43.78027691564093,10.148356409636744,3010,Mídia Social,North,Cosméticos
2023-10-26,31.483564096367445,42.78027691564093,10.148356409636744,3010,Mídia Social,South,Alimentos
2023-10-26,32.483564096367445,22.780276915640933,16.148356409636744,3011,Mídia Social,Centro-Oeste,Eletrônicos
2023-10-26,37.483564096367445,34.78027691564093,8.148356409636744,3013,Loja Física,Centro-Oeste,Roupas
2023-10-26,40.483564096367445,43.78027691564093,8.148356409636744,3011,E-commerce,East,Eletrônicos
2023-10-26,38.483564096367445,19.780276915640933,8.148356409636744,3012,E-commerce,North,Livros
2023-10-26,35.483564096367445,21.780276915640933,8.148356409636744,3010,Loja Física,South,Livros
2023-10-27,31.687614497970564,49.02513739756468,9.168761449797056,3023,Loja Física,North,Alimentos
2023-10-27,35.687614497970564,24.025137397564677,15.168761449797056,3022,Mídia Social,Centro-Oeste,Roupas
2023-10-27,33.687614497970564,57.02513739756468,14.168761449797056,3020,Loja Física,Centro-Oeste,Eletrônicos
2023-10-27,40.687614497970564,41.02513739756468,17.168761449797056,3023,Mídia Social,East,Cosméticos
2023-10-27,35.687614497970564,35.02513739756468,9.168761449797056,3020,Loja Física,East,Eletrônicos
2023-10-27,32.687614497970564,44.02513739756468,15.168761449797056,3020,E-commerce,East,Cosméticos
2023-10-27,39.687614497970564,30.025137397564677,9.168761449797056,3022,Loja Física,South,Eletrônicos
2023-10-27,38.687614497970564,21.025137397564677,9.168761449797056,3020,E-commerce,North,Roupas
2023-10-27,31.687614497970564,49.02513739756468,17.168761449797056,3021,Mídia Social,North,Cosméticos
2023-10-27,33.687614497970564,26.025137397564677,9.168761449797056,3023,Mídia Social,South,Roupas
2023-10-27,35.687614497970564,57.02513739756468,13.168761449797056,3021,E-commerce,Centro-Oeste,Livros
2023-10-27,31.687614497970564,44.02513739756468,12.168761449797056,3021,E-commerce,South,Roupas
2023-10-28,34.888539826019816,41.266247791223776,14.188853982601982,3034,E-commerce,East,Alimentos
2023-10-28,37.888539826019816,30.266247791223776,10.188853982601982,3031,Mídia Social,East,Eletrônicos
2023-10-28,38.888539826019816,36.266247791223776,16.188853982601984,3033,E-commerce,North,Alimentos
2023-10-28,37.888539826019816,37.266247791223776,10.188853982601982,3034,Mídia Social,South,Roupas
2023-10-28,33.888539826019816,43.266247791223776,15.188853982601982,3034,Loja Física,Centro-Oeste,Roupas
2023-10-28,35.888539826019816,26.266247791223776,13.188853982601982,3033,Loja Física,South,Eletrônicos
2023-10-28,31.888539826019816,53.266247791223776,10.188853982601982,3031,Mídia Social,Centro-Oeste,Roupas
2023-10-28,40.888539826019816,27.266247791223776,15.188853982601982,3033,Mídia Social,North,Alimentos
2023-10-28,38.888539826019816,27.266247791223776,15.188853982601982,3033,Loja Física,North,Cosméticos
2023-10-28,33.888539826019816,30.266247791223776,12.188853982601982,3030,Loja Física,East,Alimentos
2023-10-28,34.888539826019816,44.266247791223776,14.188853982601982,3034,E-commerce,Centro-Oeste,Cosméticos
2023-10-28,34.888539826019816,55.266247791223776,17.188853982601984,3033,E-commerce,South,Livros
2023-10-29,38.085968013061574,21.50316161567389,11.208596801306157,3044,E-commerce,South,Eletrônicos
2023-10-29,34.085968013061574,31.50316161567389,16.208596801306157,3043,E-commerce,East,Eletrônicos
2023-10-29,35.085968013061574,51.50316161567389,11.208596801306157,3041,Loja Física,South,Eletrônicos
2023-10-29,33.085968013061574,42.50316161567389,10.208596801306157,3040,Mídia Social,East,Cosméticos
2023-10-29,36.085968013061574,42.50316161567389,17.208596801306157,3041,E-commerce,North,Livros
2023-10-29,36.085968013061574,18.50316161567389,12.208596801306157,3042,E-commerce,Centro-Oeste,Alimentos
2023-10-29,35.085968013061574,25.50316161567389,15.208596801306157,3040,Loja Física,East,Eletrônicos
2023-10-29,41.085968013061574,21.50316161567389,8.208596801306157,3040,Mídia Social,North,Roupas
2023-10-29,37.085968013061574,29.50316161567389,17.208596801306157,3044,Mídia Social,Centro-Oeste,Livros
2023-10-29,36.085968013061574,52.50316161567389,16.208596801306157,3043,Loja Física,Centro-Oeste,Eletrônicos
2023-10-29,35.085968013061574,30.50316161567389,8.208596801306157,3044,Mídia Social,South,Alimentos
2023-10-29,41.085968013061574,39.50316161567389,16.208596801306157,3040,Loja Física,North,Eletrônicos
2023-10-30,32.279533467542294,35.735440161050754,15.22795334675423,3054,Loja Física,Centro-Oeste,Livros
2023-10-30,36.279533467542294,19.735440161050754,13.22795334675423,3053,Mídia Social,Centro-Oeste,Alimentos
2023-10-30,36.279533467542294,51.735440161050754,16.22795334675423,3052,E-commerce,Centro-Oeste,Alimentos
2023-10-30,35.279533467542294,43.735440161050754,13.22795334675423,3050,E-commerce,North,Alimentos
2023-10-30,33.279533467542294,20.735440161050754,8.22795334675423,3054,Mídia Social,North,Roupas
2023-10-30,37.279533467542294,48.735440161050754,13.22795334675423,3051,Loja Física,East,Cosméticos
2023-10-30,39.279533467542294,37.735440161050754,16.22795334675423,3052,E-commerce,East,Alimentos
2023-10-30,32.279533467542294,30.735440161050754,13.22795334675423,3053,E-commerce,South,Alimentos
2023-10-30,38.279533467542294,18.735440161050754,11.22795334675423,3054,Loja Física,North,Livros
2023-10-30,34.279533467542294,51.735440161050754,14.22795334675423,3054,Mídia Social,East,Eletrônicos
2023-10-30,38.279533467542294,20.735440161050754,15.22795334675423,3051,Loja Física,South,Roupas
2023-10-30,32.279533467542294,50.735440161050754,15.22795334675423,3050,Mídia Social,South,Alimentos
2023-10-31,38.468877750799884,41.96265330095986,16.24688777507999,3062,Loja Física,Centro-Oeste,Cosméticos
2023-10-31,40.468877750799884,18.962653300959857,16.24688777507999,3060,E-commerce,North,Roupas
2023-10-31,34.468877750799884,25.962653300959857,13.246887775079989,3064,Loja Física,East,Cosméticos
2023-10-31,37.468877750799884,42.96265330095986,13.246887775079989,3060,E-commerce,South,Roupas
2023-10-31,41.468877750799884,44.96265330095986,8.246887775079989,3063,Loja Física,South,Alimentos
2023-10-31,35.468877750799884,50.96265330095986,14.246887775079989,3063,Mídia Social,East,Roupas
2023-10-31,36.468877750799884,29.962653300959857,11.246887775079989,3063,Mídia Social,South,Roupas
2023-10-31,37.468877750799884,35.96265330095986,12.246887775079989,3064,E-commerce,East,Livros
2023-10-31,41.468877750799884,36.96265330095986,15.246887775079989,3060,Mídia Social,Centro-Oeste,Alimentos
2023-10-31,41.468877750799884,20.962653300959857,15.246887775079989,3061,Mídia Social,North,Eletrônicos
2023-10-31,33.468877750799884,49.96265330095986,10.246887775079989,3063,E-commerce,Centro-Oeste,Livros
2023-10-31,37.468877750799884,32.96265330095986,17.24688777507999,3060,Loja Física,North,Cosméticos
2023-11-01,36.65365024080967,54.7843802889716,8.565365024080966,3072,Loja Física,North,Cosméticos
2023-11-01,41.65365024080967,37.7843802889716,10.565365024080966,3073,Mídia Social,Centro-Oeste,Roupas
2023-11-01,43.65365024080967,53.7843802889716,14.565365024080966,3074,Loja Física,South,Alimentos
2023-11-01,41.65365024080967,54.7843802889716,10.565365024080966,3073,E-commerce,North,Cosméticos
2023-11-01,41.65365024080967,29.784380288971597,14.565365024080966,3072,E-commerce,South,Alimentos
2023-11-01,38.65365024080967,47.7843802889716,8.565365024080966,3070,Mídia Social,East,Roupas
2023-11-01,37.65365024080967,25.784380288971597,13.565365024080966,3071,Loja Física,Centro-Oeste,Livros
2023-11-01,40.65365024080967,45.7843802889716,11.565365024080966,3074,E-commerce,East,Roupas
2023-11-01,36.65365024080967,61.7843802889716,9.565365024080966,3070,E-commerce,Centro-Oeste,Eletrônicos
2023-11-01,44.65365024080967,26.784380288971597,14.565365024080966,3072,Mídia Social,North,Eletrônicos
2023-11-01,37.65365024080967,49.7843802889716,13.565365024080966,3071,Mídia Social,South,Cosméticos
2023-11-01,43.65365024080967,53.7843802889716,8.565365024080966,3071,Loja Física,East,Roupas
2023-11-02,44.833508781455585,27.000210537746703,17.58335087814556,3083,E-commerce,South,Cosméticos
2023-11-02,40.833508781455585,27.000210537746703,9.58335087814556,3082,Loja Física,East,Livros
2023-11-02,42.833508781455585,44.0002105377467,17.58335087814556,3082,Loja Física,Centro-Oeste,Alimentos
2023-11-02,37.833508781455585,34.0002105377467,12.58335087814556,3080,E-commerce,Centro-Oeste,Cosméticos
2023-11-02,36.833508781455585,28.000210537746703,15.58335087814556,3083,Mídia Social,Centro-Oeste,Cosméticos
2023-11-02,41.833508781455585,39.0002105377467,13.58335087814556,3081,Mídia Social,South,Cosméticos
2023-11-02,35.833508781455585,56.0002105377467,9.58335087814556,3081,Loja Física,South,Livros
2023-11-02,35.833508781455585,33.0002105377467,16.58335087814556,3081,E-commerce,East,Livros
2023-11-02,42.833508781455585,49.0002105377467,12.58335087814556,3082,E-commerce,North,Alimentos
2023-11-02,42.833508781455585,25.000210537746703,16.58335087814556,3080,Mídia Social,East,Roupas
2023-11-02,39.833508781455585,36.0002105377467,17.58335087814556,3082,Mídia Social,North,Eletrônicos
2023-11-02,35.833508781455585,56.0002105377467,14.58335087814556,3082,Loja Física,North,Eletrônicos
2023-11-03,38.00812031612461,36.20974437934953,9.600812031612461,3094,Mídia Social,Centro-Oeste,Alimentos
2023-11-03,45.00812031612461,32.20974437934953,10.600812031612461,3090,Loja Física,East,Cosméticos
2023-11-03,37.00812031612461,46.20974437934953,8.600812031612461,3090,E-commerce,Centro-Oeste,Livros
2023-11-03,45.00812031612461,53.20974437934953,10.600812031612461,3091,E-commerce,North,Eletrônicos
2023-11-03,43.00812031612461,38.20974437934953,10.600812031612461,3094,E-commerce,South,Eletrônicos
2023-11-03,36.00812031612461,37.20974437934953,16.600812031612463,3094,Mídia Social,South,Livros
2023-11-03,43.00812031612461,56.20974437934953,16.600812031612463,3092,Mídia Social,East,Cosméticos
2023-11-03,39.00812031612461,55.20974437934953,10.600812031612461,3093,Loja Física,Centro-Oeste,Alimentos
2023-11-03,40.00812031612461,30.20974437934953,13.600812031612461,3091,E-commerce,East,Cosméticos
2023-11-03,45.00812031612461,42.20974437934953,17.600812031612463,3090,Loja Física,South,Alimentos
2023-11-03,38.00812031612461,34.20974437934953,10.600812031612461,3093,Loja Física,North,Livros
2023-11-03,37.00812031612461,59.20974437934953,13.600812031612461,3092,Mídia Social,North,Roupas
2023-11-04,38.17716150445089,37.41259380534107,11.617716150445089,3103,Loja Física,East,Roupas
2023-11-04,41.17716150445089,35.41259380534107,14.617716150445089,3102,Loja Física,South,Eletrônicos
2023-11-04,43.17716150445089,59.41259380534107,9.617716150445089,3104,Mídia Social,South,Eletrônicos
2023-11-04,45.17716150445089,53.41259380534107,16.61771615044509,3102,E-commerce,South,Cosméticos
2023-11-04,37.17716150445089,26.412593805341068,16.61771615044509,3102,Loja Física,Centro-Oeste,Cosméticos
2023-11-04,37.17716150445089,60.41259380534107,17.61771615044509,3103,E-commerce,Centro-Oeste,Alimentos
2023-11-04,38.17716150445089,50.41259380534107,17.61771615044509,3103,Mídia Social,North,Cosméticos
2023-11-04,37.17716150445089,59.41259380534107,16.61771615044509,3101,Mídia Social,East,Eletrônicos
2023-11-04,36.17716150445089,48.41259380534107,13.617716150445089,3103,Loja Física,North,Alimentos
2023-11-04,38.17716150445089,48.41259380534107,11.617716150445089,3104,Mídia Social,Centro-Oeste,Roupas
2023-11-04,37.17716150445089,45.41259380534107,16.61771615044509,3102,E-commerce,North,Alimentos
2023-11-04,37.17716150445089,27.412593805341068,13.617716150445089,3101,E-commerce,East,Alimentos
2023-11-05,42.34031932106767,51.6083831852812,14.634031932106767,3114,Mídia Social,South,Livros
2023-11-05,37.34031932106767,37.6083831852812,14.634031932106767,3112,E-commerce,North,Roupas
2023-11-05,38.34031932106767,33.6083831852812,17.634031932106765,3110,E-commerce,South,Roupas
2023-11-05,44.34031932106767,45.6083831852812,9.634031932106767,3112,Mídia Social,North,Cosméticos
2023-11-05,41.34031932106767,40.6083831852812,13.634031932106767,3113,E-commerce,East,Eletrônicos
2023-11-05,38.34031932106767,52.6083831852812,8.634031932106767,3112,E-commerce,Centro-Oeste,Roupas
2023-11-05,39.34031932106767,34.6083831852812,14.634031932106767,3112,Loja Física,South,Alimentos
2023-11-05,39.34031932106767,59.6083831852812,11.634031932106767,3110,Loja Física,East,Cosméticos
2023-11-05,43.34031932106767,57.6083831852812,13.634031932106767,3114,Loja Física,North,Eletrônicos
2023-11-05,41.34031932106767,50.6083831852812,11.634031932106767,3112,Mídia Social,East,Eletrônicos
2023-11-05,38.34031932106767,27.6083831852812,14.634031932106767,3114,Mídia Social,Centro-Oeste,Livros
2023-11-05,43.34031932106767,44.6083831852812,8.634031932106767,3114,Loja Física,Centro-Oeste,Eletrônicos
2023-11-06,45.497291635258236,45.79674996230988,8.649729163525823,3123,Mídia Social,North,Alimentos
2023-11-06,38.497291635258236,29.79674996230988,8.649729163525823,3124,E-commerce,Centro-Oeste,Roupas
2023-11-06,41.497291635258236,25.79674996230988,16.649729163525823,3124,Mídia Social,East,Alimentos
2023-11-06,36.497291635258236,25.79674996230988,15.649729163525823,3124,Loja Física,Centro-Oeste,Alimentos
2023-11-06,40.497291635258236,46.79674996230988,17.649729163525823,3122,Mídia Social,Centro-Oeste,Eletrônicos
2023-11-06,40.497291635258236,41.79674996230988,17.649729163525823,3120,E-commerce,North,Roupas
2023-11-06,39.497291635258236,52.79674996230988,15.649729163525823,3123,E-commerce,East,Roupas
2023-11-06,42.497291635258236,59.79674996230988,8.649729163525823,3120,E-commerce,South,Eletrônicos
2023-11-06,45.497291635258236,41.79674996230988,15.649729163525823,3123,Loja Física,North,Alimentos
2023-11-06,38.497291635258236,27.79674996230988,8.649729163525823,3124,Loja Física,East,Eletrônicos
2023-11-06,39.497291635258236,35.79674996230988,14.649729163525823,3120,Loja Física,South,Livros
2023-11-06,37.497291635258236,43.79674996230988,12.649729163525823,3122,Mídia Social,South,Roupas
2023-11-07,41.64778777043244,30.97734532451892,11.664778777043244,3133,Mídia Social,East,Cosméticos
2023-11-07,41.64778777043244,27.97734532451892,13.664778777043244,3132,E-commerce,North,Eletrônicos
2023-11-07,36.64778777043244,54.97734532451892,14.664778777043244,3133,Mídia Social,North,Cosméticos
2023-11-07,38.64778777043244,29.97734532451892,9.664778777043244,3130,E-commerce,Centro-Oeste,Alimentos
2023-11-07,42.64778777043244,57.97734532451892,11.664778777043244,3131,Loja Física,North,Cosméticos
2023-11-07,39.64778777043244,54.97734532451892,14.664778777043244,3133,E-commerce,East,Alimentos
2023-11-07,41.64778777043244,53.97734532451892,8.664778777043244,3132,Loja Física,South,Alimentos
2023-11-07,43.64778777043244,51.97734532451892,16.664778777043246,3132,Loja Física,Centro-Oeste,Eletrônicos
2023-11-07,37.64778777043244,50.97734532451892,9.664778777043244,3133,E-commerce,South,Cosméticos
2023-11-07,39.64778777043244,53.97734532451892,13.664778777043244,3133,Loja Física,East,Roupas
2023-11-07,36.64778777043244,26.97734532451892,16.664778777043246,3131,Mídia Social,South,Alimentos
2023-11-07,44.64778777043244,38.97734532451892,10.664778777043244,3132,Mídia Social,Centro-Oeste,Livros
2023-11-08,41.79152904239281,63.14983485087137,8.679152904239281,3143,E-commerce,Centro-Oeste,Roupas
2023-11-08,38.79152904239281,30.149834850871372,17.67915290423928,3141,Mídia Social,East,Cosméticos
2023-11-08,44.79152904239281,35.14983485087137,14.679152904239281,3143,Loja Física,South,Alimentos
2023-11-08,36.79152904239281,41.14983485087137,9.679152904239281,3140,Loja Física,Centro-Oeste,Cosméticos
2023-11-08,45.79152904239281,62.14983485087137,14.679152904239281,3143,Loja Física,North,Cosméticos
2023-11-08,42.79152904239281,54.14983485087137,17.67915290423928,3141,Loja Física,East,Alimentos
2023-11-08,45.79152904239281,38.14983485087137,15.679152904239281,3143,E-commerce,North,Livros
2023-11-08,44.79152904239281,47.14983485087137,13.679152904239281,3142,Mídia Social,Centro-Oeste,Roupas
2023-11-08,39.79152904239281,36.14983485087137,15.679152904239281,3144,E-commerce,East,Livros
2023-11-08,36.79152904239281,51.14983485087137,11.679152904239281,3142,Mídia Social,North,Alimentos
2023-11-08,42.79152904239281,29.149834850871372,10.679152904239281,3141,Mídia Social,South,Roupas
2023-11-08,43.79152904239281,32.14983485087137,10.679152904239281,3140,E-commerce,South,Alimentos
2023-11-09,36.92824927539357,49.31389913047228,8.692824927539357,3154,Mídia Social,North,Alimentos
2023-11-09,44.92824927539357,33.31389913047228,8.692824927539357,3152,E-commerce,North,Roupas
2023-11-09,38.92824927539357,39.31389913047228,15.692824927539357,3153,Mídia Social,South,Cosméticos
2023-11-09,44.92824927539357,59.31389913047228,11.692824927539357,3154,E-commerce,Centro-Oeste,Eletrônicos
2023-11-09,39.92824927539357,35.31389913047228,17.692824927539355,3153,Mídia Social,East,Livros
2023-11-09,44.92824927539357,32.31389913047228,9.692824927539357,3150,Mídia Social,Centro-Oeste,Cosméticos
2023-11-09,36.92824927539357,28.31389913047228,14.692824927539357,3151,E-commerce,East,Cosméticos
2023-11-09,36.92824927539357,25.31389913047228,14.692824927539357,3153,Loja Física,South,Eletrônicos
2023-11-09,45.92824927539357,50.31389913047228,13.692824927539357,3150,E-commerce,South,Livros
2023-11-09,45.92824927539357,46.31389913047228,11.692824927539357,3152,Loja Física,North,Eletrônicos
2023-11-09,45.92824927539357,52.31389913047228,13.692824927539357,3154,Loja Física,Centro-Oeste,Eletrônicos
2023-11-09,43.92824927539357,43.31389913047228,8.692824927539357,3152,Loja Física,East,Eletrônicos
2023-11-10,46.05769529503681,57.46923435404417,15.70576952950368,3162,E-commerce,South,Eletrônicos
2023-11-10,41.05769529503681,52.46923435404417,16.70576952950368,3161,Mídia Social,South,Roupas
2023-11-10,37.05769529503681,53.46923435404417,11.70576952950368,3162,Loja Física,East,Eletrônicos
2023-11-10,37.05769529503681,60.46923435404417,13.70576952950368,3162,Mídia Social,East,Roupas
2023-11-10,41.05769529503681,42.46923435404417,15.70576952950368,3164,Loja Física,Centro-Oeste,Livros
2023-11-10,40.05769529503681,34.46923435404417,11.70576952950368,3161,Loja Física,North,Roupas
2023-11-10,37.05769529503681,31.46923435404417,9.70576952950368,3163,Mídia Social,Centro-Oeste,Eletrônicos
2023-11-10,45.05769529503681,33.46923435404417,12.70576952950368,3162,Mídia Social,North,Livros
2023-11-10,38.05769529503681,63.46923435404417,10.70576952950368,3161,E-commerce,Centro-Oeste,Eletrônicos
2023-11-10,42.05769529503681,51.46923435404417,15.70576952950368,3160,E-commerce,North,Alimentos
2023-11-10,45.05769529503681,35.46923435404417,17.70576952950368,3162,Loja Física,South,Livros
2023-11-10,41.05769529503681,25.46923435404417,16.70576952950368,3160,E-commerce,East,Eletrônicos
2023-11-11,37.179627397093185,37.61555287651182,11.717962739709318,3172,Loja Física,South,Livros
2023-11-11,38.179627397093185,38.61555287651182,16.717962739709318,3173,Mídia Social,South,Livros
2023-11-11,37.179627397093185,25.61555287651182,11.717962739709318,3174,E-commerce,North,Livros
2023-11-11,39.179627397093185,40.61555287651182,17.717962739709318,3170,Loja Física,East,Eletrônicos
2023-11-11,44.179627397093185,42.61555287651182,9.717962739709318,3173,E-commerce,Centro-Oeste,Eletrônicos
2023-11-11,39.179627397093185,26.61555287651182,10.717962739709318,3171,E-commerce,South,Cosméticos
2023-11-11,37.179627397093185,42.61555287651182,14.717962739709318,3170,Mídia Social,East,Eletrônicos
2023-11-11,43.179627397093185,34.61555287651182,8.717962739709318,3172,E-commerce,East,Cosméticos
2023-11-11,42.179627397093185,62.61555287651182,16.717962739709318,3174,Mídia Social,North,Livros
2023-11-11,43.179627397093185,56.61555287651182,8.717962739709318,3174,Mídia Social,Centro-Oeste,Roupas
2023-11-11,41.179627397093185,56.61555287651182,11.717962739709318,3172,Loja Física,North,Cosméticos
2023-11-11,37.179627397093185,37.61555287651182,8.717962739709318,3174,Loja Física,Centro-Oeste,Livros
2023-11-12,41.293819791379015,60.75258374965482,15.729381979137901,3182,Loja Física,South,Eletrônicos
2023-11-12,46.293819791379015,25.752583749654818,11.729381979137901,3183,Mídia Social,East,Cosméticos
2023-11-12,38.293819791379015,40.75258374965482,14.729381979137901,3181,E-commerce,Centro-Oeste,Eletrônicos
2023-11-12,46.293819791379015,25.752583749654818,11.729381979137901,3184,Loja Física,Centro-Oeste,Cosméticos
2023-11-12,42.293819791379015,53.75258374965482,12.729381979137901,3180,E-commerce,East,Alimentos
2023-11-12,45.293819791379015,35.75258374965482,12.729381979137901,3184,E-commerce,South,Roupas
2023-11-12,44.293819791379015,35.75258374965482,12.729381979137901,3180,Loja Física,East,Alimentos
2023-11-12,46.293819791379015,39.75258374965482,12.729381979137901,3180,Loja Física,North,Livros
2023-11-12,45.293819791379015,28.752583749654818,16.7293819791379,3180,Mídia Social,North,Roupas
2023-11-12,43.293819791379015,25.752583749654818,14.729381979137901,3180,E-commerce,North,Alimentos
2023-11-12,41.293819791379015,29.752583749654818,13.729381979137901,3183,Mídia Social,South,Cosméticos
2023-11-12,37.293819791379015,53.75258374965482,9.729381979137901,3183,Mídia Social,Centro-Oeste,Eletrônicos
2023-11-13,46.40006101986768,45.880073223841215,10.740006101986769,3191,Mídia Social,East,Alimentos
2023-11-13,43.40006101986768,49.880073223841215,12.740006101986769,3193,Mídia Social,North,Livros
2023-11-13,43.40006101986768,51.880073223841215,9.740006101986769,3191,Loja Física,North,Livros
2023-11-13,44.40006101986768,45.880073223841215,10.740006101986769,3193,E-commerce,Centro-Oeste,Cosméticos
2023-11-13,40.40006101986768,54.880073223841215,11.740006101986769,3191,Mídia Social,Centro-Oeste,Cosméticos
2023-11-13,37.40006101986768,34.880073223841215,10.740006101986769,3190,Loja Física,South,Roupas
2023-11-13,44.40006101986768,25.880073223841215,11.740006101986769,3192,Loja Física,Centro-Oeste,Alimentos
2023-11-13,39.40006101986768,63.880073223841215,16.74000610198677,3191,Loja Física,East,Cosméticos
2023-11-13,45.40006101986768,57.880073223841215,17.74000610198677,3191,E-commerce,North,Livros
2023-11-13,39.40006101986768,41.880073223841215,12.740006101986769,3194,E-commerce,East,Eletrônicos
2023-11-13,37.40006101986768,57.880073223841215,11.740006101986769,3190,Mídia Social,South,Livros
2023-11-13,42.40006101986768,43.880073223841215,14.740006101986769,3194,E-commerce,South,Livros
2023-11-14,44.49815434826121,27.997785217913453,10.749815434826122,3200,E-commerce,East,Livros
2023-11-14,42.49815434826121,60.99778521791345,13.749815434826122,3201,Mídia Social,East,Cosméticos
2023-11-14,40.49815434826121,53.99778521791345,15.749815434826122,3203,Loja Física,Centro-Oeste,Roupas
2023-11-14,46.49815434826121,44.99778521791345,14.749815434826122,3203,Mídia Social,South,Cosméticos
2023-11-14,39.49815434826121,45.99778521791345,13.749815434826122,3202,Mídia Social,Centro-Oeste,Cosméticos
2023-11-14,44.49815434826121,43.99778521791345,13.749815434826122,3201,Loja Física,North,Livros
2023-11-14,41.49815434826121,33.99778521791345,16.74981543482612,3203,E-commerce,South,Cosméticos
2023-11-14,43.49815434826121,45.99778521791345,14.749815434826122,3201,Loja Física,East,Alimentos
2023-11-14,38.49815434826121,62.99778521791345,16.74981543482612,3204,E-commerce,Centro-Oeste,Cosméticos
2023-11-14,41.49815434826121,25.997785217913453,16.74981543482612,3202,Mídia Social,North,Eletrônicos
2023-11-14,45.49815434826121,25.997785217913453,15.749815434826122,3200,E-commerce,North,Eletrônicos
2023-11-14,41.49815434826121,58.99778521791345,10.749815434826122,3204,Loja Física,South,Eletrônicos
2023-11-15,46.58791813029697,28.10550175635636,11.758791813029697,3211,E-commerce,East,Eletrônicos
2023-11-15,40.58791813029697,54.10550175635636,12.758791813029697,3210,Loja Física,East,Livros
2023-11-15,38.58791813029697,40.10550175635636,10.758791813029697,3212,Mídia Social,Centro-Oeste,Livros
2023-11-15,45.58791813029697,28.10550175635636,13.758791813029697,3210,E-commerce,Centro-Oeste,Roupas
2023-11-15,43.58791813029697,51.10550175635636,11.758791813029697,3210,E-commerce,North,Roupas
2023-11-15,37.58791813029697,57.10550175635636,17.758791813029696,3213,Loja Física,North,Eletrônicos
2023-11-15,44.58791813029697,59.10550175635636,17.758791813029696,3213,Loja Física,Centro-Oeste,Roupas
2023-11-15,45.58791813029697,63.10550175635636,13.758791813029697,3210,Mídia Social,East,Eletrônicos
2023-11-15,44.58791813029697,40.10550175635636,9.758791813029697,3211,E-commerce,South,Eletrônicos
2023-11-15,39.58791813029697,57.10550175635636,10.758791813029697,3210,Mídia Social,North,Roupas
2023-11-15,43.58791813029697,53.10550175635636,17.758791813029696,3213,Loja Física,South,Alimentos
2023-11-15,45.58791813029697,50.10550175635636,9.758791813029697,3210,Mídia Social,South,Eletrônicos
2023-11-16,37.669186144114626,46.20302337293755,17.766918614411463,3221,E-commerce,Centro-Oeste,Roupas
2023-11-16,37.669186144114626,56.20302337293755,11.766918614411463,3224,Loja Física,East,Cosméticos
2023-11-16,45.669186144114626,39.20302337293755,11.766918614411463,3224,E-commerce,South,Cosméticos
2023-11-16,39.669186144114626,55.20302337293755,12.766918614411463,3223,E-commerce,East,Livros
2023-11-16,43.669186144114626,61.20302337293755,13.766918614411463,3223,Loja Física,South,Roupas
2023-11-16,43.669186144114626,46.20302337293755,11.766918614411463,3222,Mídia Social,South,Roupas
2023-11-16,37.669186144114626,47.20302337293755,9.766918614411463,3223,Mídia Social,Centro-Oeste,Roupas
2023-11-16,37.669186144114626,43.20302337293755,8.766918614411463,3224,Loja Física,Centro-Oeste,Eletrônicos
2023-11-16,43.669186144114626,28.20302337293755,17.766918614411463,3221,E-commerce,North,Eletrônicos
2023-11-16,43.669186144114626,54.20302337293755,13.766918614411463,3220,Mídia Social,East,Roupas
2023-11-16,42.669186144114626,32.20302337293755,13.766918614411463,3224,Mídia Social,North,Alimentos
2023-11-16,42.669186144114626,48.20302337293755,17.766918614411463,3221,Loja Física,North,Livros
2023-11-17,43.741807900060856,59.290169480073025,9.774180790006085,3232,Mídia Social,East,Eletrônicos
2023-11-17,39.741807900060856,34.290169480073025,9.774180790006085,3234,Loja Física,North,Livros
2023-11-17,42.741807900060856,50.290169480073025,11.774180790006085,3232,E-commerce,East,Roupas
2023-11-17,38.741807900060856,46.290169480073025,13.774180790006085,3233,Loja Física,Centro-Oeste,Livros
2023-11-17,46.741807900060856,39.290169480073025,12.774180790006085,3231,Loja Física,East,Eletrônicos
2023-11-17,41.741807900060856,51.290169480073025,9.774180790006085,3233,E-commerce,North,Livros
2023-11-17,38.741807900060856,50.290169480073025,9.774180790006085,3230,Mídia Social,North,Eletrônicos
2023-11-17,40.741807900060856,40.290169480073025,16.774180790006085,3233,Mídia Social,South,Eletrônicos
2023-11-17,46.741807900060856,39.290169480073025,11.774180790006085,3232,Mídia Social,Centro-Oeste,Alimentos
2023-11-17,37.741807900060856,30.290169480073025,14.774180790006085,3232,Loja Física,South,Eletrônicos
2023-11-17,43.741807900060856,63.290169480073025,14.774180790006085,3232,E-commerce,Centro-Oeste,Livros
2023-11-17,38.741807900060856,54.290169480073025,14.774180790006085,3231,E-commerce,South,Eletrônicos
2023-11-18,44.8056489193615,57.3667787032338,11.78056489193615,3244,E-commerce,Centro-Oeste,Alimentos
2023-11-18,41.8056489193615,60.3667787032338,12.78056489193615,3243,Mídia Social,East,Cosméticos
2023-11-18,45.8056489193615,45.3667787032338,8.78056489193615,3241,E-commerce,South,Cosméticos
2023-11-18,37.8056489193615,48.3667787032338,9.78056489193615,3241,Loja Física,North,Roupas
2023-11-18,39.8056489193615,37.3667787032338,10.78056489193615,3242,Loja Física,East,Cosméticos
2023-11-18,46.8056489193615,31.3667787032338,10.78056489193615,3240,Mídia Social,South,Roupas
2023-11-18,37.8056489193615,64.36677870323379,14.78056489193615,3242,Loja Física,South,Roupas
2023-11-18,40.8056489193615,31.3667787032338,9.78056489193615,3244,Loja Física,Centro-Oeste,Cosméticos
2023-11-18,44.8056489193615,55.3667787032338,12.78056489193615,3242,E-commerce,North,Roupas
2023-11-18,44.8056489193615,57.3667787032338,9.78056489193615,3240,E-commerce,East,Cosméticos
2023-11-18,43.8056489193615,30.3667787032338,15.78056489193615,3244,Mídia Social,North,Roupas
2023-11-18,39.8056489193615,59.3667787032338,8.78056489193615,3240,Mídia Social,Centro-Oeste,Cosméticos
2023-11-19,40.86059098314531,35.43270917977437,11.786059098314531,3251,Loja Física,South,Alimentos
2023-11-19,46.86059098314531,27.43270917977437,14.786059098314531,3253,Loja Física,Centro-Oeste,Livros
2023-11-19,46.86059098314531,54.43270917977437,15.786059098314531,3252,Mídia Social,Centro-Oeste,Livros
2023-11-19,45.86059098314531,44.43270917977437,15.786059098314531,3251,Mídia Social,South,Alimentos
2023-11-19,37.86059098314531,58.43270917977437,16.78605909831453,3251,Mídia Social,North,Eletrônicos
2023-11-19,37.86059098314531,39.43270917977437,10.786059098314531,3251,E-commerce,East,Roupas
2023-11-19,42.86059098314531,28.43270917977437,14.786059098314531,3254,Mídia Social,East,Cosméticos
2023-11-19,38.86059098314531,48.43270917977437,15.786059098314531,3252,E-commerce,North,Eletrônicos
2023-11-19,37.86059098314531,47.43270917977437,17.78605909831453,3253,E-commerce,South,Eletrônicos
2023-11-19,42.86059098314531,25.43270917977437,11.786059098314531,3254,E-commerce,Centro-Oeste,Livros
2023-11-19,39.86059098314531,38.43270917977437,11.786059098314531,3250,Loja Física,North,Eletrônicos
2023-11-19,38.86059098314531,62.43270917977437,8.786059098314531,3250,Loja Física,East,Alimentos
2023-11-20,37.906532351358045,43.48783882162965,16.790653235135807,3263,Loja Física,Centro-Oeste,Roupas
2023-11-20,45.906532351358045,46.48783882162965,9.790653235135805,3261,Loja Física,South,Roupas
2023-11-20,38.906532351358045,27.48783882162965,12.790653235135805,3261,Loja Física,East,Livros
2023-11-20,39.906532351358045,32.48783882162965,11.790653235135805,3260,Mídia Social,South,Eletrônicos
2023-11-20,45.906532351358045,64.48783882162965,13.790653235135805,3264,E-commerce,South,Roupas
2023-11-20,44.906532351358045,56.48783882162965,17.790653235135807,3264,Mídia Social,North,Livros
2023-11-20,38.906532351358045,48.48783882162965,11.790653235135805,3264,E-commerce,Centro-Oeste,Eletrônicos
2023-11-20,41.906532351358045,41.48783882162965,15.790653235135805,3262,E-commerce,North,Eletrônicos
2023-11-20,46.906532351358045,28.48783882162965,14.790653235135805,3263,Mídia Social,East,Roupas
2023-11-20,40.906532351358045,43.48783882162965,15.790653235135805,3260,Loja Física,North,Cosméticos
2023-11-20,40.906532351358045,44.48783882162965,16.790653235135807,3263,Mídia Social,Centro-Oeste,Alimentos
2023-11-20,37.906532351358045,35.48783882162965,8.790653235135805,3260,E-commerce,East,Eletrônicos
2023-11-21,43.943387951161704,34.53206554139404,17.79433879511617,3273,Loja Física,East,Eletrônicos
2023-11-21,38.943387951161704,25.53206554139404,8.79433879511617,3273,E-commerce,North,Livros
2023-11-21,37.943387951161704,52.53206554139404,10.79433879511617,3271,Loja Física,South,Livros
2023-11-21,41.943387951161704,34.53206554139404,17.79433879511617,3271,Loja Física,North,Alimentos
2023-11-21,46.943387951161704,46.53206554139404,13.79433879511617,3270,E-commerce,South,Livros
2023-11-21,44.943387951161704,55.53206554139404,11.79433879511617,3273,Loja Física,Centro-Oeste,Roupas
2023-11-21,44.943387951161704,56.53206554139404,17.79433879511617,3271,Mídia Social,North,Cosméticos
2023-11-21,46.943387951161704,28.53206554139404,8.79433879511617,3271,Mídia Social,Centro-Oeste,Roupas
2023-11-21,39.943387951161704,30.53206554139404,11.79433879511617,3274,E-commerce,Centro-Oeste,Livros
2023-11-21,41.943387951161704,47.53206554139404,12.79433879511617,3270,Mídia Social,East,Alimentos
2023-11-21,37.943387951161704,60.53206554139404,8.79433879511617,3274,Mídia Social,South,Alimentos
2023-11-21,37.943387951161704,61.53206554139404,10.79433879511617,3274,E-commerce,East,Livros
2023-11-22,42.97108953446976,61.565307441363714,14.797108953446976,3284,Loja Física,Centro-Oeste,Eletrônicos
2023-11-22,41.97108953446976,40.565307441363714,9.797108953446976,3284,Mídia Social,East,Alimentos
2023-11-22,37.97108953446976,63.565307441363714,15.797108953446976,3282,Loja Física,North,Eletrônicos
2023-11-22,44.97108953446976,56.565307441363714,9.797108953446976,3281,Loja Física,East,Alimentos
2023-11-22,37.97108953446976,63.565307441363714,10.797108953446976,3283,Mídia Social,Centro-Oeste,Livros
2023-11-22,39.97108953446976,26.565307441363714,8.797108953446976,3284,Loja Física,South,Eletrônicos
2023-11-22,41.97108953446976,61.565307441363714,16.797108953446976,3282,E-commerce,North,Alimentos
2023-11-22,40.97108953446976,53.565307441363714,15.797108953446976,3282,Mídia Social,North,Eletrônicos
2023-11-22,43.97108953446976,39.565307441363714,12.797108953446976,3284,E-commerce,Centro-Oeste,Eletrônicos
2023-11-22,37.97108953446976,46.565307441363714,9.797108953446976,3280,E-commerce,South,Cosméticos
2023-11-22,42.97108953446976,60.565307441363714,14.797108953446976,3284,Mídia Social,South,Cosméticos
2023-11-22,42.97108953446976,31.565307441363714,15.797108953446976,3281,E-commerce,East,Alimentos
2023-11-23,39.989585804326964,62.58750296519236,9.798958580432696,3292,Mídia Social,South,Alimentos
2023-11-23,45.989585804326964,49.58750296519236,13.798958580432696,3293,E-commerce,South,Roupas
2023-11-23,39.989585804326964,48.58750296519236,8.798958580432696,3293,Loja Física,South,Cosméticos
2023-11-23,46.989585804326964,43.58750296519236,15.798958580432696,3290,Mídia Social,East,Alimentos
2023-11-23,43.989585804326964,44.58750296519236,16.798958580432696,3291,E-commerce,North,Livros
2023-11-23,40.989585804326964,33.58750296519236,8.798958580432696,3293,E-commerce,East,Cosméticos
2023-11-23,43.989585804326964,56.58750296519236,16.798958580432696,3294,Loja Física,Centro-Oeste,Eletrônicos
2023-11-23,38.989585804326964,25.587502965192357,14.798958580432696,3292,E-commerce,Centro-Oeste,Roupas
2023-11-23,38.989585804326964,53.58750296519236,11.798958580432696,3293,Loja Física,East,Cosméticos
2023-11-23,38.989585804326964,27.587502965192357,11.798958580432696,3293,Mídia Social,Centro-Oeste,Eletrônicos
2023-11-23,41.989585804326964,36.58750296519236,14.798958580432696,3290,Loja Física,North,Roupas
2023-11-23,46.989585804326964,53.58750296519236,13.798958580432696,3293,Mídia Social,North,Roupas
2023-11-24,37.998842509899454,53.59861101187934,13.799884250989946,3300,Loja Física,North,Cosméticos
2023-11-24,45.998842509899454,55.59861101187934,11.799884250989946,3303,E-commerce,North,Alimentos
2023-11-24,39.998842509899454,53.59861101187934,8.799884250989946,3300,Loja Física,Centro-Oeste,Livros
2023-11-24,45.998842509899454,30.598611011879342,8.799884250989946,3304,E-commerce,South,Livros
2023-11-24,40.998842509899454,49.59861101187934,17.799884250989948,3300,Mídia Social,South,Alimentos
2023-11-24,40.998842509899454,59.59861101187934,14.799884250989946,3301,Mídia Social,Centro-Oeste,Cosméticos
2023-11-24,46.998842509899454,33.59861101187934,15.799884250989946,3304,Loja Física,South,Cosméticos
2023-11-24,37.998842509899454,56.59861101187934,11.799884250989946,3301,Loja Física,East,Roupas
2023-11-24,42.998842509899454,47.59861101187934,9.799884250989946,3301,E-commerce,Centro-Oeste,Roupas
2023-11-24,44.998842509899454,38.59861101187934,8.799884250989946,3301,E-commerce,East,Roupas
2023-11-24,39.998842509899454,46.59861101187934,16.799884250989948,3304,Mídia Social,East,Roupas
2023-11-24,41.998842509899454,58.59861101187934,8.799884250989946,3301,Mídia Social,North,Cosméticos
2023-11-25,41.998842509899454,53.59861101187934,13.799884250989946,3311,Loja Física,South,Cosméticos
2023-11-25,43.998842509899454,31.598611011879342,12.799884250989946,3311,E-commerce,East,Roupas
2023-11-25,42.998842509899454,39.59861101187934,8.799884250989946,3314,Mídia Social,South,Roupas
2023-11-25,45.998842509899454,43.59861101187934,16.799884250989948,3311,E-commerce,Centro-Oeste,Eletrônicos
2023-11-25,46.998842509899454,38.59861101187934,12.799884250989946,3312,E-commerce,North,Cosméticos
2023-11-25,39.998842509899454,47.59861101187934,12.799884250989946,3312,Loja Física,North,Eletrônicos
2023-11-25,45.998842509899454,42.59861101187934,13.799884250989946,3313,Mídia Social,East,Eletrônicos
2023-11-25,44.998842509899454,38.59861101187934,14.799884250989946,3314,Loja Física,Centro-Oeste,Cosméticos
2023-11-25,37.998842509899454,40.59861101187934,8.799884250989946,3312,Mídia Social,North,Alimentos
2023-11-25,37.998842509899454,28.598611011879342,8.799884250989946,3314,Mídia Social,Centro-Oeste,Eletrônicos
2023-11-25,43.998842509899454,39.59861101187934,17.799884250989948,3311,E-commerce,South,Cosméticos
2023-11-25,43.998842509899454,31.598611011879342,16.799884250989948,3314,Loja Física,East,Eletrônicos
2023-11-26,46.989585804326964,52.58750296519236,15.798958580432696,3324,E-commerce,South,Livros
2023-11-26,44.989585804326964,62.58750296519236,17.798958580432696,3321,E-commerce,North,Roupas
2023-11-26,43.989585804326964,47.58750296519236,8.798958580432696,3322,Loja Física,Centro-Oeste,Roupas
2023-11-26,39.989585804326964,31.587502965192357,15.798958580432696,3323,Mídia Social,North,Alimentos
2023-11-26,38.989585804326964,48.58750296519236,14.798958580432696,3320,Mídia Social,Centro-Oeste,Livros
2023-11-26,39.989585804326964,46.58750296519236,11.798958580432696,3321,Loja Física,South,Eletrônicos
2023-11-26,39.989585804326964,58.58750296519236,10.798958580432696,3321,Loja Física,East,Livros
2023-11-26,43.989585804326964,52.58750296519236,14.798958580432696,3322,Mídia Social,South,Cosméticos
2023-11-26,44.989585804326964,55.58750296519236,10.798958580432696,3322,E-commerce,East,Alimentos
2023-11-26,37.989585804326964,50.58750296519236,16.798958580432696,3324,E-commerce,Centro-Oeste,Cosméticos
2023-11-26,42.989585804326964,45.58750296519236,10.798958580432696,3320,Loja Física,North,Roupas
2023-11-26,43.989585804326964,45.58750296519236,14.798958580432696,3321,Mídia Social,East,Livros
2023-11-27,39.97108953446976,62.565307441363714,8.797108953446976,3330,E-commerce,East,Eletrônicos
2023-11-27,46.97108953446976,57.565307441363714,9.797108953446976,3331,Mídia Social,South,Roupas
2023-11-27,38.97108953446976,27.565307441363714,17.797108953446976,3332,E-commerce,South,Livros
2023-11-27,43.97108953446976,63.565307441363714,11.797108953446976,3334,E-commerce,North,Eletrônicos
2023-11-27,38.97108953446976,34.565307441363714,16.797108953446976,3331,Loja Física,Centro-Oeste,Eletrônicos
2023-11-27,45.97108953446976,40.565307441363714,12.797108953446976,3330,Loja Física,North,Livros
2023-11-27,44.97108953446976,40.565307441363714,12.797108953446976,3330,Mídia Social,East,Eletrônicos
2023-11-27,42.97108953446976,30.565307441363714,11.797108953446976,3332,Mídia Social,North,Roupas
2023-11-27,37.97108953446976,45.565307441363714,12.797108953446976,3333,Mídia Social,Centro-Oeste,Roupas
2023-11-27,40.97108953446976,49.565307441363714,8.797108953446976,3331,E-commerce,Centro-Oeste,Roupas
2023-11-27,37.97108953446976,59.565307441363714,17.797108953446976,3333,Loja Física,East,Livros
2023-11-27,37.97108953446976,64.56530744136371,14.797108953446976,3331,Loja Física,South,Alimentos
2023-11-28,45.943387951161704,46.53206554139404,12.79433879511617,3340,Mídia Social,East,Livros
2023-11-28,40.943387951161704,45.53206554139404,8.79433879511617,3342,Mídia Social,Centro-Oeste,Alimentos
2023-11-28,46.943387951161704,46.53206554139404,15.79433879511617,3343,E-commerce,North,Roupas
2023-11-28,46.943387951161704,33.53206554139404,11.79433879511617,3341,E-commerce,Centro-Oeste,Roupas
2023-11-28,38.943387951161704,47.53206554139404,11.79433879511617,3341,E-commerce,East,Livros
2023-11-28,41.943387951161704,31.53206554139404,15.79433879511617,3342,Loja Física,South,Livros
2023-11-28,44.943387951161704,43.53206554139404,14.79433879511617,3340,E-commerce,South,Roupas
2023-11-28,43.943387951161704,35.53206554139404,17.79433879511617,3343,Loja Física,North,Livros
2023-11-28,44.943387951161704,54.53206554139404,14.79433879511617,3342,Mídia Social,North,Roupas
2023-11-28,37.943387951161704,43.53206554139404,8.79433879511617,3343,Loja Física,Centro-Oeste,Livros
2023-11-28,42.943387951161704,58.53206554139404,11.79433879511617,3341,Loja Física,East,Cosméticos
2023-11-28,46.943387951161704,39.53206554139404,16.79433879511617,3343,Mídia Social,South,Livros
2023-11-29,41.906532351358045,42.48783882162965,12.790653235135805,3350,Loja Física,Centro-Oeste,Alimentos
2023-11-29,46.906532351358045,39.48783882162965,15.790653235135805,3354,Loja Física,East,Roupas
2023-11-29,42.906532351358045,47.48783882162965,8.790653235135805,3350,Mídia Social,South,Cosméticos
2023-11-29,41.906532351358045,25.48783882162965,17.790653235135807,3351,Mídia Social,North,Alimentos
2023-11-29,44.906532351358045,48.48783882162965,9.790653235135805,3350,E-commerce,South,Alimentos
2023-11-29,40.906532351358045,56.48783882162965,16.790653235135807,3351,E-commerce,North,Eletrônicos
2023-11-29,43.906532351358045,64.48783882162965,11.790653235135805,3351,E-commerce,Centro-Oeste,Alimentos
2023-11-29,45.906532351358045,48.48783882162965,11.790653235135805,3350,E-commerce,East,Eletrônicos
2023-11-29,40.906532351358045,28.48783882162965,11.790653235135805,3354,Mídia Social,Centro-Oeste,Livros
2023-11-29,41.906532351358045,44.48783882162965,8.790653235135805,3352,Loja Física,North,Alimentos
2023-11-29,40.906532351358045,25.48783882162965,12.790653235135805,3350,Loja Física,South,Eletrônicos
2023-11-29,40.906532351358045,63.48783882162965,14.790653235135805,3350,Mídia Social,East,Alimentos
2023-11-30,41.86059098314531,64.43270917977438,14.786059098314531,3361,E-commerce,North,Eletrônicos
2023-11-30,41.86059098314531,29.43270917977437,17.78605909831453,3362,Loja Física,North,Cosméticos
2023-11-30,40.86059098314531,53.43270917977437,13.786059098314531,3363,E-commerce,Centro-Oeste,Eletrônicos
2023-11-30,38.86059098314531,54.43270917977437,8.786059098314531,3362,Mídia Social,North,Eletrônicos
2023-11-30,42.86059098314531,47.43270917977437,16.78605909831453,3360,Loja Física,Centro-Oeste,Alimentos
2023-11-30,42.86059098314531,25.43270917977437,12.786059098314531,3362,E-commerce,South,Alimentos
2023-11-30,43.86059098314531,49.43270917977437,10.786059098314531,3364,E-commerce,East,Livros
2023-11-30,40.86059098314531,55.43270917977437,10.786059098314531,3362,Mídia Social,East,Alimentos
2023-11-30,46.86059098314531,35.43270917977437,10.786059098314531,3360,Mídia Social,South,Eletrônicos
2023-11-30,40.86059098314531,58.43270917977437,17.78605909831453,3364,Mídia Social,Centro-Oeste,Alimentos
2023-11-30,40.86059098314531,29.43270917977437,13.786059098314531,3362,Loja Física,South,Alimentos
2023-11-30,44.86059098314531,30.43270917977437,17.78605909831453,3360,Loja Física,East,Livros
2023-12-01,48.8056489193615,50.9667787032338,10.08056489193615,3373,Loja Física,South,Eletrônicos
2023-12-01,40.8056489193615,65.9667787032338,12.08056489193615,3374,E-commerce,Centro-Oeste,Alimentos
2023-12-01,45.8056489193615,51.9667787032338,11.08056489193615,3374,Loja Física,North,Cosméticos
2023-12-01,49.8056489193615,60.9667787032338,12.08056489193615,3374,Mídia Social,Centro-Oeste,Roupas
2023-12-01,45.8056489193615,37.9667787032338,16.08056489193615,3372,E-commerce,South,Cosméticos
2023-12-01,43.8056489193615,60.9667787032338,18.08056489193615,3374,Mídia Social,East,Eletrônicos
2023-12-01,43.8056489193615,53.9667787032338,15.08056489193615,3371,E-commerce,North,Livros
2023-12-01,43.8056489193615,51.9667787032338,16.08056489193615,3371,Mídia Social,South,Roupas
2023-12-01,49.8056489193615,66.9667787032338,13.08056489193615,3371,E-commerce,East,Alimentos
2023-12-01,42.8056489193615,49.9667787032338,10.08056489193615,3372,Loja Física,Centro-Oeste,Roupas
2023-12-01,47.8056489193615,51.9667787032338,16.08056489193615,3373,Loja Física,East,Eletrônicos
2023-12-01,45.8056489193615,48.9667787032338,9.08056489193615,3374,Mídia Social,North,Alimentos
2023-12-02,40.741807900060856,53.89016948007303,16.074180790006086,3381,Mídia Social,East,Cosméticos
2023-12-02,45.741807900060856,61.89016948007303,15.074180790006086,3383,Loja Física,North,Cosméticos
2023-12-02,42.741807900060856,45.89016948007303,14.074180790006086,3381,Loja Física,Centro-Oeste,Livros
2023-12-02,42.741807900060856,36.89016948007303,16.074180790006086,3382,E-commerce,Centro-Oeste,Eletrônicos
2023-12-02,41.741807900060856,39.89016948007303,11.074180790006086,3383,E-commerce,East,Cosméticos
2023-12-02,43.741807900060856,40.89016948007303,15.074180790006086,3384,Loja Física,South,Livros
2023-12-02,42.741807900060856,56.89016948007303,15.074180790006086,3381,E-commerce,South,Roupas
2023-12-02,44.741807900060856,53.89016948007303,15.074180790006086,3382,Mídia Social,South,Cosméticos
2023-12-02,43.741807900060856,54.89016948007303,15.074180790006086,3383,Mídia Social,North,Cosméticos
2023-12-02,44.741807900060856,64.89016948007303,17.074180790006086,3383,Loja Física,East,Alimentos
2023-12-02,45.741807900060856,67.89016948007303,9.074180790006086,3382,E-commerce,North,Roupas
2023-12-02,40.741807900060856,64.89016948007303,14.074180790006086,3384,Mídia Social,Centro-Oeste,Livros
2023-12-03,48.669186144114626,43.80302337293755,10.066918614411463,3394,E-commerce,Centro-Oeste,Alimentos
2023-12-03,46.669186144114626,67.80302337293756,18.066918614411463,3393,Loja Física,East,Eletrônicos
2023-12-03,43.669186144114626,62.80302337293755,10.066918614411463,3392,E-commerce,South,Roupas
2023-12-03,40.669186144114626,45.80302337293755,16.066918614411463,3394,Loja Física,North,Alimentos
2023-12-03,43.669186144114626,59.80302337293755,14.066918614411463,3392,Mídia Social,North,Livros
2023-12-03,43.669186144114626,65.80302337293756,13.066918614411463,3394,Mídia Social,South,Alimentos
2023-12-03,42.669186144114626,61.80302337293755,13.066918614411463,3394,E-commerce,North,Eletrônicos
2023-12-03,48.669186144114626,49.80302337293755,14.066918614411463,3394,Mídia Social,Centro-Oeste,Roupas
2023-12-03,48.669186144114626,61.80302337293755,17.066918614411463,3393,Loja Física,Centro-Oeste,Livros
2023-12-03,46.669186144114626,46.80302337293755,13.066918614411463,3394,E-commerce,East,Alimentos
2023-12-03,41.669186144114626,64.80302337293756,11.066918614411463,3394,Mídia Social,East,Roupas
2023-12-03,45.669186144114626,57.80302337293755,18.066918614411463,3392,Loja Física,South,Roupas
2023-12-04,44.58791813029697,58.70550175635636,9.058791813029696,3403,Mídia Social,East,Alimentos
2023-12-04,46.58791813029697,53.70550175635636,12.058791813029696,3402,E-commerce,South,Eletrônicos
2023-12-04,43.58791813029697,67.70550175635637,9.058791813029696,3404,Loja Física,Centro-Oeste,Alimentos
2023-12-04,49.58791813029697,30.705501756356362,11.058791813029696,3402,E-commerce,Centro-Oeste,Eletrônicos
2023-12-04,40.58791813029697,66.70550175635637,14.058791813029696,3401,E-commerce,North,Alimentos
2023-12-04,42.58791813029697,59.70550175635636,9.058791813029696,3400,Mídia Social,North,Alimentos
2023-12-04,40.58791813029697,34.70550175635636,14.058791813029696,3404,Loja Física,North,Alimentos
2023-12-04,49.58791813029697,47.70550175635636,18.058791813029696,3403,Mídia Social,South,Cosméticos
2023-12-04,42.58791813029697,31.705501756356362,16.058791813029696,3404,Mídia Social,Centro-Oeste,Roupas
2023-12-04,43.58791813029697,44.70550175635636,16.058791813029696,3400,E-commerce,East,Alimentos
2023-12-04,45.58791813029697,32.70550175635636,16.058791813029696,3403,Loja Física,East,Roupas
2023-12-04,47.58791813029697,39.70550175635636,9.058791813029696,3400,Loja Física,South,Roupas
2023-12-05,48.49815434826122,59.59778521791346,16.049815434826122,3410,E-commerce,Centro-Oeste,Roupas
2023-12-05,47.49815434826122,51.59778521791346,12.049815434826122,3411,Mídia Social,South,Roupas
2023-12-05,40.49815434826122,37.59778521791346,14.049815434826122,3412,Mídia Social,East,Cosméticos
2023-12-05,47.49815434826122,29.59778521791346,18.049815434826122,3410,Loja Física,East,Alimentos
2023-12-05,48.49815434826122,57.59778521791346,11.049815434826122,3414,Mídia Social,Centro-Oeste,Eletrônicos
2023-12-05,44.49815434826122,66.59778521791347,17.049815434826122,3414,Mídia Social,North,Alimentos
2023-12-05,46.49815434826122,47.59778521791346,12.049815434826122,3413,Loja Física,Centro-Oeste,Roupas
2023-12-05,45.49815434826122,30.59778521791346,18.049815434826122,3414,Loja Física,South,Eletrônicos
2023-12-05,48.49815434826122,67.59778521791347,15.049815434826122,3412,E-commerce,East,Livros
2023-12-05,45.49815434826122,46.59778521791346,10.049815434826122,3414,Loja Física,North,Livros
2023-12-05,46.49815434826122,47.59778521791346,12.049815434826122,3412,E-commerce,South,Livros
2023-12-05,47.49815434826122,65.59778521791347,18.049815434826122,3414,E-commerce,North,Alimentos
2023-12-06,47.40006101986768,29.48007322384121,16.04000610198677,3424,E-commerce,East,Eletrônicos
2023-12-06,49.40006101986768,66.4800732238412,15.04000610198677,3421,Loja Física,East,Cosméticos
2023-12-06,47.40006101986768,46.48007322384121,14.04000610198677,3424,Loja Física,Centro-Oeste,Cosméticos
2023-12-06,43.40006101986768,63.48007322384121,17.04000610198677,3421,Mídia Social,Centro-Oeste,Eletrônicos
2023-12-06,49.40006101986768,51.48007322384121,12.04000610198677,3424,Loja Física,North,Livros
2023-12-06,48.40006101986768,54.48007322384121,18.04000610198677,3420,Mídia Social,East,Cosméticos
2023-12-06,46.40006101986768,62.48007322384121,13.04000610198677,3422,Mídia Social,North,Livros
2023-12-06,49.40006101986768,37.48007322384121,17.04000610198677,3422,E-commerce,North,Cosméticos
2023-12-06,40.40006101986768,31.48007322384121,15.04000610198677,3420,E-commerce,Centro-Oeste,Livros
2023-12-06,45.40006101986768,65.4800732238412,10.04000610198677,3420,Loja Física,South,Eletrônicos
2023-12-06,42.40006101986768,31.48007322384121,11.04000610198677,3421,Mídia Social,South,Alimentos
2023-12-06,40.40006101986768,31.48007322384121,9.04000610198677,3420,E-commerce,South,Eletrônicos
2023-12-07,43.293819791379015,52.35258374965482,15.029381979137902,3434,Loja Física,North,Eletrônicos
2023-12-07,45.293819791379015,58.35258374965482,10.029381979137902,3433,Mídia Social,Centro-Oeste,Livros
2023-12-07,42.293819791379015,63.35258374965482,12.029381979137902,3433,Mídia Social,South,Eletrônicos
2023-12-07,40.293819791379015,45.35258374965482,13.029381979137902,3430,E-commerce,North,Livros
2023-12-07,41.293819791379015,52.35258374965482,18.029381979137902,3432,Loja Física,East,Alimentos
2023-12-07,47.293819791379015,55.35258374965482,15.029381979137902,3431,E-commerce,Centro-Oeste,Alimentos
2023-12-07,47.293819791379015,49.35258374965482,11.029381979137902,3434,Mídia Social,East,Eletrônicos
2023-12-07,49.293819791379015,61.35258374965482,14.029381979137902,3431,E-commerce,South,Cosméticos
2023-12-07,47.293819791379015,61.35258374965482,13.029381979137902,3433,E-commerce,East,Eletrônicos
2023-12-07,45.293819791379015,61.35258374965482,13.029381979137902,3432,Loja Física,Centro-Oeste,Cosméticos
2023-12-07,44.293819791379015,61.35258374965482,17.029381979137902,3431,Loja Física,South,Livros
2023-12-07,41.293819791379015,50.35258374965482,15.029381979137902,3433,Mídia Social,North,Cosméticos
2023-12-08,42.179627397093185,34.21555287651182,11.017962739709318,3444,E-commerce,East,Livros
2023-12-08,41.179627397093185,32.21555287651182,10.017962739709318,3442,Loja Física,Centro-Oeste,Roupas
2023-12-08,47.179627397093185,37.21555287651182,13.017962739709318,3442,Loja Física,East,Cosméticos
2023-12-08,45.179627397093185,62.21555287651182,11.017962739709318,3441,Loja Física,South,Eletrônicos
2023-12-08,43.179627397093185,53.21555287651182,10.017962739709318,3444,E-commerce,North,Cosméticos
2023-12-08,46.179627397093185,32.21555287651182,18.01796273970932,3442,Mídia Social,North,Cosméticos
2023-12-08,48.179627397093185,52.21555287651182,14.017962739709318,3441,E-commerce,South,Alimentos
2023-12-08,41.179627397093185,60.21555287651182,11.017962739709318,3443,Mídia Social,South,Alimentos
2023-12-08,47.179627397093185,47.21555287651182,13.017962739709318,3442,Loja Física,North,Roupas
2023-12-08,47.179627397093185,28.215552876511822,16.01796273970932,3441,E-commerce,Centro-Oeste,Livros
2023-12-08,40.179627397093185,39.21555287651182,11.017962739709318,3443,Mídia Social,Centro-Oeste,Alimentos
2023-12-08,43.179627397093185,45.21555287651182,18.01796273970932,3440,Mídia Social,East,Livros
2023-12-09,40.05769529503681,66.06923435404417,11.00576952950368,3450,Loja Física,South,Alimentos
2023-12-09,47.05769529503681,61.06923435404417,18.00576952950368,3451,E-commerce,East,Cosméticos
2023-12-09,46.05769529503681,35.06923435404417,11.00576952950368,3452,E-commerce,South,Eletrônicos
2023-12-09,44.05769529503681,39.06923435404417,15.00576952950368,3450,E-commerce,Centro-Oeste,Alimentos
2023-12-09,44.05769529503681,37.06923435404417,15.00576952950368,3451,Loja Física,Centro-Oeste,Alimentos
2023-12-09,48.05769529503681,35.06923435404417,9.00576952950368,3450,Mídia Social,East,Roupas
2023-12-09,43.05769529503681,58.06923435404417,17.00576952950368,3453,Loja Física,East,Cosméticos
2023-12-09,49.05769529503681,30.06923435404417,17.00576952950368,3452,Mídia Social,North,Roupas
2023-12-09,45.05769529503681,42.06923435404417,12.00576952950368,3452,Mídia Social,Centro-Oeste,Cosméticos
2023-12-09,49.05769529503681,36.06923435404417,10.00576952950368,3452,Mídia Social,South,Alimentos
2023-12-09,43.05769529503681,59.06923435404417,16.00576952950368,3450,Loja Física,North,Cosméticos
2023-12-09,44.05769529503681,37.06923435404417,10.00576952950368,3453,E-commerce,North,Livros
2023-12-10,41.928249275393576,28.913899130472288,14.992824927539358,3464,Mídia Social,North,Roupas
2023-12-10,39.928249275393576,37.91389913047229,11.992824927539358,3460,E-commerce,South,Livros
2023-12-10,41.928249275393576,32.91389913047229,8.992824927539358,3462,Mídia Social,Centro-Oeste,Eletrônicos
2023-12-10,47.928249275393576,46.91389913047229,15.992824927539358,3461,Loja Física,South,Livros
2023-12-10,42.928249275393576,35.91389913047229,16.99282492753936,3464,Mídia Social,South,Roupas
2023-12-10,47.928249275393576,63.91389913047229,13.992824927539358,3461,Loja Física,Centro-Oeste,Livros
2023-12-10,48.928249275393576,61.91389913047229,14.992824927539358,3461,Mídia Social,East,Eletrônicos
2023-12-10,41.928249275393576,58.91389913047229,13.992824927539358,3462,E-commerce,East,Cosméticos
2023-12-10,45.928249275393576,48.91389913047229,9.992824927539358,3463,E-commerce,Centro-Oeste,Livros
2023-12-10,48.928249275393576,63.91389913047229,16.99282492753936,3461,E-commerce,North,Livros
2023-12-10,39.928249275393576,39.91389913047229,16.99282492753936,3461,Loja Física,East,Cosméticos
2023-12-10,40.928249275393576,52.91389913047229,15.992824927539358,3461,Loja Física,North,Eletrônicos
2023-12-11,42.79152904239282,61.74983485087138,9.979152904239282,3470,Mídia Social,East,Alimentos
2023-12-11,47.79152904239282,57.74983485087138,11.979152904239282,3472,E-commerce,North,Eletrônicos
2023-12-11,39.79152904239282,49.74983485087138,16.97915290423928,3471,Loja Física,Centro-Oeste,Cosméticos
2023-12-11,43.79152904239282,41.74983485087138,10.979152904239282,3472,Mídia Social,Centro-Oeste,Livros
2023-12-11,42.79152904239282,51.74983485087138,11.979152904239282,3473,E-commerce,East,Eletrônicos
2023-12-11,42.79152904239282,64.74983485087138,13.979152904239282,3472,Mídia Social,South,Cosméticos
2023-12-11,44.79152904239282,52.74983485087138,10.979152904239282,3471,Mídia Social,North,Eletrônicos
2023-12-11,46.79152904239282,60.74983485087138,14.979152904239282,3471,Loja Física,South,Eletrônicos
2023-12-11,43.79152904239282,49.74983485087138,16.97915290423928,3472,Loja Física,East,Roupas
2023-12-11,48.79152904239282,65.74983485087138,8.979152904239282,3470,E-commerce,South,Eletrônicos
2023-12-11,48.79152904239282,39.74983485087138,14.979152904239282,3474,Loja Física,North,Cosméticos
2023-12-11,42.79152904239282,42.74983485087138,10.979152904239282,3471,E-commerce,Centro-Oeste,Alimentos
2023-12-12,44.64778777043244,64.57734532451892,12.964778777043243,3483,Mídia Social,North,Roupas
2023-12-12,40.64778777043244,40.57734532451892,13.964778777043243,3484,E-commerce,North,Roupas
2023-12-12,42.64778777043244,64.57734532451892,15.964778777043243,3481,Mídia Social,East,Alimentos
2023-12-12,46.64778777043244,30.577345324518923,16.964778777043243,3484,Loja Física,Centro-Oeste,Eletrônicos
2023-12-12,43.64778777043244,57.57734532451892,17.964778777043243,3480,E-commerce,Centro-Oeste,Livros
2023-12-12,42.64778777043244,62.57734532451892,15.964778777043243,3482,Loja Física,North,Eletrônicos
2023-12-12,42.64778777043244,34.57734532451892,9.964778777043243,3481,Mídia Social,Centro-Oeste,Eletrônicos
2023-12-12,47.64778777043244,51.57734532451892,12.964778777043243,3483,Loja Física,South,Cosméticos
2023-12-12,46.64778777043244,43.57734532451892,14.964778777043243,3481,Loja Física,East,Alimentos
2023-12-12,42.64778777043244,36.57734532451892,11.964778777043243,3480,E-commerce,East,Roupas
2023-12-12,48.64778777043244,27.577345324518923,11.964778777043243,3482,Mídia Social,South,Eletrônicos
2023-12-12,44.64778777043244,33.57734532451892,17.964778777043243,3484,E-commerce,South,Livros
2023-12-13,44.497291635258236,65.39674996230988,15.949729163525824,3494,E-commerce,South,Eletrônicos
2023-12-13,43.497291635258236,54.39674996230988,13.949729163525824,3490,E-commerce,North,Alimentos
2023-12-13,40.497291635258236,47.39674996230988,12.949729163525824,3490,Mídia Social,Centro-Oeste,Eletrônicos
2023-12-13,46.497291635258236,60.39674996230988,16.949729163525824,3492,Mídia Social,East,Eletrônicos
2023-12-13,47.497291635258236,36.39674996230988,9.949729163525824,3491,Mídia Social,South,Alimentos
2023-12-13,44.497291635258236,43.39674996230988,11.949729163525824,3492,E-commerce,Centro-Oeste,Alimentos
2023-12-13,43.497291635258236,27.396749962309883,13.949729163525824,3493,Loja Física,Centro-Oeste,Roupas
2023-12-13,42.497291635258236,48.39674996230988,12.949729163525824,3490,Loja Física,South,Eletrônicos
2023-12-13,42.497291635258236,38.39674996230988,14.949729163525824,3494,Loja Física,East,Livros
2023-12-13,42.497291635258236,51.39674996230988,12.949729163525824,3494,E-commerce,East,Alimentos
2023-12-13,45.497291635258236,36.39674996230988,16.949729163525824,3492,Mídia Social,North,Roupas
2023-12-13,42.497291635258236,33.39674996230988,9.949729163525824,3491,Loja Física,North,Eletrônicos
2023-12-14,46.34031932106767,47.2083831852812,10.934031932106766,3501,Loja Física,North,Eletrônicos
2023-12-14,48.34031932106767,38.2083831852812,17.934031932106766,3504,Loja Física,South,Eletrônicos
2023-12-14,48.34031932106767,32.2083831852812,12.934031932106766,3501,E-commerce,North,Cosméticos
2023-12-14,40.34031932106767,65.2083831852812,15.934031932106766,3504,Loja Física,Centro-Oeste,Eletrônicos
2023-12-14,39.34031932106767,66.2083831852812,17.934031932106766,3501,E-commerce,East,Eletrônicos
2023-12-14,46.34031932106767,57.2083831852812,12.934031932106766,3500,Mídia Social,South,Alimentos
2023-12-14,42.34031932106767,63.2083831852812,14.934031932106766,3500,E-commerce,South,Alimentos
2023-12-14,44.34031932106767,47.2083831852812,12.934031932106766,3501,Mídia Social,North,Cosméticos
2023-12-14,44.34031932106767,45.2083831852812,14.934031932106766,3501,Loja Física,East,Cosméticos
2023-12-14,46.34031932106767,58.2083831852812,15.934031932106766,3502,Mídia Social,East,Livros
2023-12-14,44.34031932106767,32.2083831852812,8.934031932106766,3501,Mídia Social,Centro-Oeste,Roupas
2023-12-14,42.34031932106767,42.2083831852812,11.934031932106766,3504,E-commerce,Centro-Oeste,Cosméticos
2023-12-15,44.177161504450886,47.01259380534106,8.917716150445088,3510,Mídia Social,South,Alimentos
2023-12-15,46.177161504450886,58.01259380534106,10.917716150445088,3512,Mídia Social,East,Roupas
2023-12-15,44.177161504450886,34.01259380534106,17.917716150445088,3511,E-commerce,Centro-Oeste,Cosméticos
2023-12-15,46.177161504450886,28.012593805341062,8.917716150445088,3513,E-commerce,North,Eletrônicos
2023-12-15,48.177161504450886,37.01259380534106,8.917716150445088,3512,Loja Física,South,Cosméticos
2023-12-15,47.177161504450886,35.01259380534106,12.917716150445088,3514,Loja Física,Centro-Oeste,Eletrônicos
2023-12-15,42.177161504450886,44.01259380534106,17.917716150445088,3513,Mídia Social,Centro-Oeste,Roupas
2023-12-15,46.177161504450886,43.01259380534106,16.917716150445088,3513,E-commerce,South,Eletrônicos
2023-12-15,45.177161504450886,32.01259380534106,10.917716150445088,3512,Loja Física,East,Cosméticos
2023-12-15,40.177161504450886,66.01259380534106,17.917716150445088,3513,E-commerce,East,Roupas
2023-12-15,44.177161504450886,32.01259380534106,14.917716150445088,3512,Mídia Social,North,Livros
2023-12-15,46.177161504450886,45.01259380534106,11.917716150445088,3513,Loja Física,North,Eletrônicos
2023-12-16,47.00812031612462,54.80974437934954,10.900812031612462,3523,Loja Física,Centro-Oeste,Livros
2023-12-16,39.00812031612462,58.80974437934954,15.900812031612462,3522,Loja Física,South,Cosméticos
2023-12-16,40.00812031612462,31.80974437934954,15.900812031612462,3521,E-commerce,East,Alimentos
2023-12-16,47.00812031612462,60.80974437934954,9.900812031612462,3522,Mídia Social,South,Cosméticos
2023-12-16,43.00812031612462,46.80974437934954,8.900812031612462,3524,Mídia Social,East,Livros
2023-12-16,43.00812031612462,41.80974437934954,8.900812031612462,3520,Mídia Social,North,Roupas
2023-12-16,40.00812031612462,59.80974437934954,10.900812031612462,3523,Loja Física,East,Roupas
2023-12-16,43.00812031612462,53.80974437934954,10.900812031612462,3524,Loja Física,North,Alimentos
2023-12-16,45.00812031612462,46.80974437934954,13.900812031612462,3523,Mídia Social,Centro-Oeste,Alimentos
2023-12-16,43.00812031612462,61.80974437934954,15.900812031612462,3523,E-commerce,South,Eletrônicos
2023-12-16,48.00812031612462,29.80974437934954,12.900812031612462,3522,E-commerce,Centro-Oeste,Alimentos
2023-12-16,46.00812031612462,49.80974437934954,8.900812031612462,3522,E-commerce,North,Livros
2023-12-17,40.83350878145559,39.60021053774671,10.88335087814556,3533,Mídia Social,South,Alimentos
2023-12-17,42.83350878145559,49.60021053774671,12.88335087814556,3532,Mídia Social,Centro-Oeste,Livros
2023-12-17,40.83350878145559,34.60021053774671,9.88335087814556,3534,E-commerce,South,Eletrônicos
2023-12-17,43.83350878145559,44.60021053774671,17.88335087814556,3532,Loja Física,Centro-Oeste,Eletrônicos
2023-12-17,40.83350878145559,41.60021053774671,11.88335087814556,3532,E-commerce,Centro-Oeste,Cosméticos
2023-12-17,41.83350878145559,34.60021053774671,8.88335087814556,3530,Loja Física,East,Livros
2023-12-17,47.83350878145559,29.60021053774671,16.88335087814556,3531,E-commerce,North,Roupas
2023-12-17,44.83350878145559,50.60021053774671,8.88335087814556,3532,Mídia Social,East,Cosméticos
2023-12-17,40.83350878145559,60.60021053774671,8.88335087814556,3531,E-commerce,East,Roupas
2023-12-17,41.83350878145559,43.60021053774671,14.88335087814556,3530,Mídia Social,North,Alimentos
2023-12-17,38.83350878145559,42.60021053774671,12.88335087814556,3532,Loja Física,North,Eletrônicos
2023-12-17,42.83350878145559,62.60021053774671,15.88335087814556,3530,Loja Física,South,Eletrônicos
2023-12-18,40.65365024080966,61.38438028897159,12.865365024080965,3541,Mídia Social,East,Alimentos
2023-12-18,41.65365024080966,33.38438028897159,15.865365024080965,3542,Loja Física,East,Livros
2023-12-18,38.65365024080966,50.38438028897159,14.865365024080965,3540,Loja Física,South,Roupas
2023-12-18,45.65365024080966,52.38438028897159,12.865365024080965,3541,Mídia Social,South,Roupas
2023-12-18,41.65365024080966,47.38438028897159,8.865365024080965,3541,E-commerce,Centro-Oeste,Eletrônicos
2023-12-18,39.65365024080966,60.38438028897159,14.865365024080965,3540,Loja Física,Centro-Oeste,Alimentos
2023-12-18,47.65365024080966,47.38438028897159,10.865365024080965,3543,E-commerce,East,Eletrônicos
2023-12-18,45.65365024080966,40.38438028897159,12.865365024080965,3544,Mídia Social,North,Eletrônicos
2023-12-18,39.65365024080966,32.38438028897159,8.865365024080965,3543,Loja Física,North,Eletrônicos
2023-12-18,40.65365024080966,56.38438028897159,17.865365024080965,3543,E-commerce,South,Alimentos
2023-12-18,39.65365024080966,43.38438028897159,15.865365024080965,3540,Mídia Social,Centro-Oeste,Cosméticos
2023-12-18,42.65365024080966,54.38438028897159,15.865365024080965,3541,E-commerce,North,Eletrônicos
2023-12-19,46.46887775079989,54.16265330095987,12.846887775079988,3550,Mídia Social,South,Roupas
2023-12-19,40.46887775079989,49.16265330095987,13.846887775079988,3551,Mídia Social,North,Roupas
2023-12-19,38.46887775079989,44.16265330095987,9.846887775079988,3552,E-commerce,North,Alimentos
2023-12-19,41.46887775079989,37.16265330095987,12.846887775079988,3552,Loja Física,East,Eletrônicos
2023-12-19,44.46887775079989,45.16265330095987,14.846887775079988,3554,Loja Física,North,Livros
2023-12-19,44.46887775079989,45.16265330095987,14.846887775079988,3552,E-commerce,East,Eletrônicos
2023-12-19,47.46887775079989,26.162653300959867,8.846887775079988,3553,Mídia Social,Centro-Oeste,Eletrônicos
2023-12-19,43.46887775079989,43.16265330095987,13.846887775079988,3550,E-commerce,South,Roupas
2023-12-19,38.46887775079989,35.16265330095987,13.846887775079988,3552,Loja Física,Centro-Oeste,Alimentos
2023-12-19,43.46887775079989,52.16265330095987,15.846887775079988,3554,Loja Física,South,Alimentos
2023-12-19,47.46887775079989,55.16265330095987,14.846887775079988,3552,Mídia Social,East,Eletrônicos
2023-12-19,40.46887775079989,35.16265330095987,15.846887775079988,3551,E-commerce,Centro-Oeste,Cosméticos
2023-12-20,40.279533467542294,61.93544016105075,15.82795334675423,3560,Loja Física,South,Roupas
2023-12-20,42.279533467542294,63.93544016105075,12.82795334675423,3564,E-commerce,East,Livros
2023-12-20,40.279533467542294,27.93544016105075,12.82795334675423,3562,E-commerce,Centro-Oeste,Alimentos
2023-12-20,39.279533467542294,44.93544016105075,14.82795334675423,3561,Mídia Social,East,Livros
2023-12-20,38.279533467542294,25.93544016105075,10.82795334675423,3564,Mídia Social,North,Roupas
2023-12-20,46.279533467542294,25.93544016105075,17.827953346754228,3561,Mídia Social,Centro-Oeste,Roupas
2023-12-20,43.279533467542294,57.93544016105075,16.827953346754228,3560,E-commerce,North,Livros
2023-12-20,39.279533467542294,41.93544016105075,16.827953346754228,3561,Loja Física,East,Livros
2023-12-20,41.279533467542294,59.93544016105075,8.82795334675423,3561,E-commerce,South,Livros
2023-12-20,40.279533467542294,54.93544016105075,15.82795334675423,3564,Loja Física,North,Livros
2023-12-20,47.279533467542294,27.93544016105075,17.827953346754228,3561,Loja Física,Centro-Oeste,Livros
2023-12-20,45.279533467542294,55.93544016105075,10.82795334675423,3563,Mídia Social,South,Roupas
2023-12-21,38.08596801306159,28.703161615673906,8.808596801306159,3570,Mídia Social,North,Alimentos
2023-12-21,43.08596801306159,42.703161615673906,10.808596801306159,3571,E-commerce,Centro-Oeste,Roupas
2023-12-21,47.08596801306159,64.7031616156739,17.80859680130616,3571,E-commerce,East,Livros
2023-12-21,45.08596801306159,41.703161615673906,15.808596801306159,3572,Loja Física,South,Alimentos
2023-12-21,47.08596801306159,48.703161615673906,10.808596801306159,3573,Mídia Social,South,Cosméticos
2023-12-21,47.08596801306159,58.703161615673906,14.808596801306159,3573,Mídia Social,East,Eletrônicos
2023-12-21,47.08596801306159,38.703161615673906,14.808596801306159,3573,Mídia Social,Centro-Oeste,Cosméticos
2023-12-21,39.08596801306159,35.703161615673906,12.808596801306159,3571,E-commerce,North,Eletrônicos
2023-12-21,40.08596801306159,41.703161615673906,11.808596801306159,3572,Loja Física,Centro-Oeste,Eletrônicos
2023-12-21,45.08596801306159,51.703161615673906,16.80859680130616,3574,E-commerce,South,Roupas
2023-12-21,47.08596801306159,53.703161615673906,17.80859680130616,3570,Loja Física,East,Roupas
2023-12-21,46.08596801306159,56.703161615673906,12.808596801306159,3570,Loja Física,North,Roupas
2023-12-22,41.88853982601983,33.46624779122379,12.788853982601983,3581,Loja Física,North,Livros
2023-12-22,39.88853982601983,39.46624779122379,9.788853982601983,3582,Loja Física,South,Alimentos
2023-12-22,45.88853982601983,57.46624779122379,16.788853982601985,3584,E-commerce,Centro-Oeste,Alimentos
2023-12-22,38.88853982601983,42.46624779122379,9.788853982601983,3582,E-commerce,East,Livros
2023-12-22,41.88853982601983,45.46624779122379,11.788853982601983,3581,E-commerce,South,Alimentos
2023-12-22,38.88853982601983,57.46624779122379,12.788853982601983,3582,Mídia Social,South,Eletrônicos
2023-12-22,46.88853982601983,64.4662477912238,8.788853982601983,3580,Loja Física,Centro-Oeste,Alimentos
2023-12-22,39.88853982601983,55.46624779122379,14.788853982601983,3582,Mídia Social,East,Roupas
2023-12-22,38.88853982601983,41.46624779122379,10.788853982601983,3580,Loja Física,East,Livros
2023-12-22,37.88853982601983,55.46624779122379,17.788853982601985,3582,Mídia Social,North,Livros
2023-12-22,42.88853982601983,48.46624779122379,12.788853982601983,3584,E-commerce,North,Alimentos
2023-12-22,37.88853982601983,47.46624779122379,12.788853982601983,3580,Mídia Social,Centro-Oeste,Roupas
2023-12-23,37.68761449797056,54.225137397564666,15.768761449797056,3594,Loja Física,East,Livros
2023-12-23,41.68761449797056,26.225137397564666,13.768761449797056,3591,E-commerce,North,Roupas
2023-12-23,43.68761449797056,42.225137397564666,8.768761449797056,3591,E-commerce,East,Eletrônicos
2023-12-23,37.68761449797056,50.225137397564666,11.768761449797056,3591,Mídia Social,East,Eletrônicos
2023-12-23,45.68761449797056,45.225137397564666,14.768761449797056,3591,Loja Física,South,Alimentos
2023-12-23,41.68761449797056,33.225137397564666,14.768761449797056,3592,Mídia Social,Centro-Oeste,Livros
2023-12-23,41.68761449797056,47.225137397564666,9.768761449797056,3590,Mídia Social,South,Cosméticos
2023-12-23,40.68761449797056,42.225137397564666,12.768761449797056,3591,Mídia Social,North,Cosméticos
2023-12-23,44.68761449797056,48.225137397564666,12.768761449797056,3591,E-commerce,South,Livros
2023-12-23,41.68761449797056,44.225137397564666,14.768761449797056,3593,E-commerce,Centro-Oeste,Cosméticos
2023-12-23,44.68761449797056,57.225137397564666,13.768761449797056,3591,Loja Física,North,Livros
2023-12-23,40.68761449797056,30.225137397564666,13.768761449797056,3591,Loja Física,Centro-Oeste,Eletrônicos
2023-12-24,39.48356409636745,36.98027691564094,17.748356409636745,3600,Mídia Social,South,Livros
2023-12-24,38.48356409636745,52.98027691564094,11.748356409636745,3600,E-commerce,Centro-Oeste,Eletrônicos
2023-12-24,43.48356409636745,50.98027691564094,9.748356409636745,3602,Mídia Social,East,Livros
2023-12-24,46.48356409636745,25.980276915640943,13.748356409636745,3604,Loja Física,East,Alimentos
2023-12-24,42.48356409636745,32.98027691564094,15.748356409636745,3600,E-commerce,South,Alimentos
2023-12-24,39.48356409636745,30.980276915640943,17.748356409636745,3602,Loja Física,South,Livros
2023-12-24,42.48356409636745,46.98027691564094,14.748356409636745,3602,Loja Física,Centro-Oeste,Eletrônicos
2023-12-24,45.48356409636745,47.98027691564094,8.748356409636745,3602,Mídia Social,North,Alimentos
2023-12-24,45.48356409636745,56.98027691564094,16.748356409636745,3600,E-commerce,North,Cosméticos
2023-12-24,46.48356409636745,33.98027691564094,14.748356409636745,3602,E-commerce,East,Alimentos
2023-12-24,45.48356409636745,55.98027691564094,9.748356409636745,3601,Mídia Social,Centro-Oeste,Eletrônicos
2023-12-24,39.48356409636745,41.98027691564094,14.748356409636745,3601,Loja Física,North,Alimentos
2023-12-25,44.276766475580935,28.732119770697118,17.72767664755809,3612,E-commerce,East,Cosméticos
2023-12-25,40.276766475580935,60.73211977069712,8.727676647558093,3611,Loja Física,East,Alimentos
2023-12-25,43.276766475580935,63.73211977069712,12.727676647558093,3610,E-commerce,Centro-Oeste,Eletrônicos
2023-12-25,44.276766475580935,62.73211977069712,10.727676647558093,3613,Loja Física,Centro-Oeste,Cosméticos
2023-12-25,40.276766475580935,53.73211977069712,8.727676647558093,3611,Mídia Social,Centro-Oeste,Cosméticos
2023-12-25,43.276766475580935,34.73211977069712,8.727676647558093,3610,Mídia Social,East,Roupas
2023-12-25,45.276766475580935,55.73211977069712,13.727676647558093,3612,Mídia Social,North,Roupas
2023-12-25,38.276766475580935,39.73211977069712,9.727676647558093,3614,Mídia Social,South,Roupas
2023-12-25,39.276766475580935,40.73211977069712,11.727676647558093,3614,Loja Física,South,Eletrônicos
2023-12-25,39.276766475580935,62.73211977069712,8.727676647558093,3610,Loja Física,North,Eletrônicos
2023-12-25,42.276766475580935,62.73211977069712,11.727676647558093,3612,E-commerce,South,Livros
2023-12-25,39.276766475580935,45.73211977069712,14.727676647558093,3614,E-commerce,North,Cosméticos
2023-12-26,46.067604577198985,45.48112549263878,10.706760457719898,3623,Mídia Social,Centro-Oeste,Roupas
2023-12-26,41.067604577198985,40.48112549263878,8.706760457719898,3624,Loja Física,North,Livros
2023-12-26,39.067604577198985,36.48112549263878,16.7067604577199,3623,Loja Física,South,Roupas
2023-12-26,44.067604577198985,41.48112549263878,15.706760457719898,3621,E-commerce,North,Eletrônicos
2023-12-26,42.067604577198985,41.48112549263878,14.706760457719898,3621,Mídia Social,North,Alimentos
2023-12-26,46.067604577198985,51.48112549263878,17.7067604577199,3622,Loja Física,Centro-Oeste,Eletrônicos
2023-12-26,42.067604577198985,32.48112549263878,8.706760457719898,3622,E-commerce,East,Livros
2023-12-26,41.067604577198985,58.48112549263878,10.706760457719898,3623,Mídia Social,East,Eletrônicos
2023-12-26,44.067604577198985,36.48112549263878,17.7067604577199,3621,E-commerce,Centro-Oeste,Eletrônicos
2023-12-26,41.067604577198985,49.48112549263878,11.706760457719898,3620,E-commerce,South,Alimentos
2023-12-26,43.067604577198985,59.48112549263878,13.706760457719898,3624,Loja Física,East,Alimentos
2023-12-26,46.067604577198985,37.48112549263878,9.706760457719898,3621,Mídia Social,South,Cosméticos
2023-12-27,37.856465720907394,32.22775886508887,16.68564657209074,3634,E-commerce,Centro-Oeste,Roupas
2023-12-27,36.856465720907394,48.22775886508887,8.68564657209074,3632,Loja Física,North,Eletrônicos
2023-12-27,39.856465720907394,56.22775886508887,13.68564657209074,3632,Mídia Social,Centro-Oeste,Cosméticos
2023-12-27,37.856465720907394,30.227758865088873,16.68564657209074,3633,Mídia Social,North,Eletrônicos
2023-12-27,44.856465720907394,24.227758865088873,16.68564657209074,3633,Loja Física,East,Cosméticos
2023-12-27,37.856465720907394,49.22775886508887,10.68564657209074,3634,Mídia Social,South,Livros
2023-12-27,38.856465720907394,48.22775886508887,17.68564657209074,3633,Loja Física,South,Livros
2023-12-27,41.856465720907394,32.22775886508887,17.68564657209074,3633,Loja Física,Centro-Oeste,Roupas
2023-12-27,38.856465720907394,35.22775886508887,13.68564657209074,3630,E-commerce,North,Roupas
2023-12-27,37.856465720907394,38.22775886508887,17.68564657209074,3631,E-commerce,South,Roupas
2023-12-27,44.856465720907394,35.22775886508887,9.68564657209074,3633,E-commerce,East,Cosméticos
2023-12-27,39.856465720907394,52.22775886508887,11.68564657209074,3633,Mídia Social,East,Cosméticos
2023-12-28,43.643740887262915,33.9724890647155,16.66437408872629,3644,Loja Física,Centro-Oeste,Livros
2023-12-28,43.643740887262915,50.9724890647155,13.66437408872629,3641,Mídia Social,South,Cosméticos
2023-12-28,45.643740887262915,59.9724890647155,10.66437408872629,3643,E-commerce,South,Livros
2023-12-28,42.643740887262915,38.9724890647155,10.66437408872629,3641,Mídia Social,North,Eletrônicos
2023-12-28,43.643740887262915,39.9724890647155,14.66437408872629,3640,Loja Física,North,Cosméticos
2023-12-28,43.643740887262915,37.9724890647155,10.66437408872629,3643,E-commerce,Centro-Oeste,Roupas
2023-12-28,39.643740887262915,46.9724890647155,9.66437408872629,3641,Mídia Social,Centro-Oeste,Eletrônicos
2023-12-28,38.643740887262915,49.9724890647155,17.66437408872629,3643,Loja Física,East,Eletrônicos
2023-12-28,41.643740887262915,52.9724890647155,13.66437408872629,3640,Mídia Social,East,Roupas
2023-12-28,40.643740887262915,32.9724890647155,12.66437408872629,3644,E-commerce,North,Eletrônicos
2023-12-28,36.643740887262915,49.9724890647155,14.66437408872629,3641,E-commerce,East,Roupas
2023-12-28,39.643740887262915,45.9724890647155,17.66437408872629,3642,Loja Física,South,Roupas
2023-12-29,40.42982399368723,55.715788792424675,11.642982399368723,3650,Loja Física,North,Roupas
2023-12-29,39.42982399368723,56.715788792424675,15.642982399368723,3654,Loja Física,East,Roupas
2023-12-29,40.42982399368723,48.715788792424675,8.642982399368723,3650,Mídia Social,South,Livros
2023-12-29,40.42982399368723,56.715788792424675,17.642982399368723,3653,Mídia Social,East,Alimentos
2023-12-29,43.42982399368723,38.715788792424675,13.642982399368723,3651,Loja Física,South,Roupas
2023-12-29,44.42982399368723,48.715788792424675,16.642982399368723,3654,Mídia Social,North,Eletrônicos
2023-12-29,38.42982399368723,60.715788792424675,15.642982399368723,3654,E-commerce,East,Alimentos
2023-12-29,38.42982399368723,23.715788792424675,11.642982399368723,3653,E-commerce,North,Eletrônicos
2023-12-29,44.42982399368723,31.715788792424675,15.642982399368723,3650,Loja Física,Centro-Oeste,Alimentos
2023-12-29,38.42982399368723,28.715788792424675,14.642982399368723,3653,E-commerce,South,Cosméticos
2023-12-29,37.42982399368723,28.715788792424675,9.642982399368723,3653,E-commerce,Centro-Oeste,Livros
2023-12-29,43.42982399368723,40.715788792424675,11.642982399368723,3650,Mídia Social,Centro-Oeste,Livros
2023-12-30,43.215111165022655,54.458133398027186,13.621511116502266,3664,E-commerce,South,Roupas
2023-12-30,37.215111165022655,47.458133398027186,11.621511116502266,3661,Loja Física,East,Roupas
2023-12-30,42.215111165022655,43.458133398027186,11.621511116502266,3662,Mídia Social,North,Roupas
2023-12-30,44.215111165022655,24.458133398027186,9.621511116502266,3663,Loja Física,Centro-Oeste,Cosméticos
2023-12-30,37.215111165022655,31.458133398027186,16.621511116502266,3662,Loja Física,North,Alimentos
2023-12-30,44.215111165022655,44.458133398027186,15.621511116502266,3662,Mídia Social,Centro-Oeste,Livros
2023-12-30,41.215111165022655,41.458133398027186,16.621511116502266,3662,E-commerce,North,Cosméticos
2023-12-30,39.215111165022655,27.458133398027186,9.621511116502266,3660,E-commerce,East,Livros
2023-12-30,44.215111165022655,46.458133398027186,10.621511116502266,3661,Mídia Social,South,Cosméticos
2023-12-30,37.215111165022655,30.458133398027186,15.621511116502266,3663,Mídia Social,East,Eletrônicos
2023-12-30,38.215111165022655,27.458133398027186,14.621511116502266,3661,E-commerce,Centro-Oeste,Roupas
2023-12-30,41.215111165022655,33.458133398027186,12.621511116502266,3660,Loja Física,South,Livros
2023-12-31,41.0,47.199999999999996,9.6,3672,Mídia Social,East,Livros
2023-12-31,40.0,35.199999999999996,16.6,3671,E-commerce,South,Roupas
2023-12-31,45.0,60.199999999999996,17.6,3674,Mídia Social,North,Roupas
2023-12-31,45.0,54.199999999999996,17.6,3674,Loja Física,North,Alimentos
2023-12-31,43.0,36.199999999999996,12.6,3674,E-commerce,North,Livros
2023-12-31,38.0,27.199999999999996,11.6,3673,Loja Física,East,Eletrônicos
2023-12-31,42.0,45.199999999999996,16.6,3673,E-commerce,East,Eletrônicos
2023-12-31,42.0,40.199999999999996,9.6,3673,Mídia Social,Centro-Oeste,Cosméticos
2023-12-31,38.0,43.199999999999996,10.6,3671,Loja Física,Centro-Oeste,Livros
2023-12-31,45.0,39.199999999999996,14.6,3674,E-commerce,Centro-Oeste,Cosméticos
2023-12-31,42.0,37.199999999999996,12.6,3672,Loja Física,South,Eletrônicos
2023-12-31,41.0,42.199999999999996,11.6,3674,Mídia Social,South,Cosméticos
